name,place_id
Waterfront Bliss: Firepit & BBQ Cottage R,ChIJlTc4n0iaKYgRC4CI0ENJ8Tg
Studio - Close to Woodstock Hospital,ChIJNTNBftAhLIgR2lTR9iAX1GI
Comfort Corner in Woodstock,ChIJ69HgrWQfLIgRAptrLtQV9MM
Gerry's Truck Centre LTD,ChIJRY-VCqZdKYgRRhAfRYpHgPk
Brand New! Downtown Stratford - The Blowes Inn 2C - 2 Bedrooms!,ChIJjRWCIfetLogRHKSehiYakbk
Brand New! Downtown Stratford - The Blowes Inn 3C - 2 Bedrooms!,ChIJjRWCIfetLogRSYQk7LxPPQU
Stone's Throw Stratford - The Loft,ChIJoy2yHgmyLogRbmt4JxOZXI0
Stratford Downtown on the Water,ChIJVY-oGwmyLogRNEgfS1RVkVU
"Cozy Stonehouse, located just on the outskirts of Aylmer",ChIJY4TfRlxjLogRWPQdL6RQ6po
"Cozy Stonehouse, located just on the outskirts of Aylmer",ChIJ_SO17F1jLogRlZXmWBZPtz4
"Beautiful, Furnished, Clean Self Contained Basement with Utilities, London ON",ChIJKXF2mbTtLogR5DAspHKT2JI
Staycation/Shortlet in Londom,ChIJ1Xhx1rTyLogRq8Y5GPz_i0Y
Glenview West Apartment with Patio - Near Downtown,ChIJ5b3SUwWZLIgR1GD4CJRg-cU
Glenview West Apartment w Patio - Near Downtown - Apartment,ChIJxV_NUwWZLIgR_wRFlbXmAFI
Stylish Downtown 3BR | Near Tim Hortons Field,ChIJR88H5fubLIgRBQ3jJH3_XHc
Luxurious Lakeview Oasis in the Heart of Hamilton With Large Backyard - One-Bedroom Apartment,ChIJpSeOrB-fLIgRgtGlWiOlBuU
Hamilton's Best Kept Secret! Stunning Lake Views!,ChIJUciSbR6fLIgRWYuwU6P2o60
"Beachfront Escape | Lakeview deck, Hot Tub, Games",ChIJO6O0V_meLIgRLueF0yCgWU0
Harbour House,ChIJhad2hHmcLIgRQxbJiIPOpOw
Upscale 1BR - Boutique Apartment - PRIME Location Downtown! - Apartment,ChIJ04vpjJ2bLIgRe0zsGK8NSZA
Renovated Home - Near GO/Hospital/Downtown/Parking,ChIJycbBZY2bLIgRHm5rvIQxmwY
Comfort Inn - King Room - Non Smoking-Top Floor-No Elevator-No Pets Allowed,ChIJR4xVT5WYLIgRIwpmytQApSw
Exclusive 5 Bed Home near Hospital/Niagara/Toronto,ChIJCfrpF42bLIgRF-Mi_qqO95Y
McBayne House - Queen Room with Shared Bathroom,ChIJ9QlQv5ibLIgRodDNMOg_Kko
"Cozy & Comfortable, Downtown, Parking | TJS2",ChIJd3cffCWeLIgRlnL_HPClDMk
Luxe Home Near Limeridge - Sleeps 11 - Pool - Apartment,ChIJX6qmL1GaLIgRONorc97zOag
"10 min walk to DT, stylish, free parking | IOB1",ChIJR_0r-yGeLIgRDniG5EQt0Cw
308 Delancey - Four-Bedroom House,ChIJkSTJl2GaLIgRcdhsVmadbDw
Spacious & fully Private 2BR unit on Ground Level.,ChIJ7cQdq02cLIgRnIZvDtcxDu8
Beautifully Updated Bungalow Upper Portion,ChIJS0IGlsKdLIgRTEhvWWveZ-Y
"2plex, Choose, 1of 2 entire units apparts - One-Bedroom Apartment",ChIJmdedsCKbLIgREEf9ffS_EYs
"Spacious, Newly Renovated, Centrally Located | TMH",ChIJ50le4-adLIgRU876gTSfvmY
Brand New Home in Hamilton - Two-Bedroom Apartment,ChIJafG-f5ObLIgRrJoL4XP_5ek
Cozy Studio Apartment - Corktown Hamilton - Apartment,ChIJ7-_rz5CbLIgRdp7CbRMN_DA
Modern 1BR Apartment in Corktown Hamilton,ChIJmWvpz5CbLIgR6AmyZoCBR40
Beautiful house in a heart of Hamilton,ChIJh8qw2uibLIgR5uA_tG8WaKM
Pet-friendly 2BR Apartment Near Downtown,ChIJNzmMBoebLIgR9k6skigP7gc
2 Bedroom Home Away From Home - Two-Bedroom Apartment,ChIJu7cfVu6bLIgRD0GIO4Fb68w
Newly Renovated 3 Bedroom - Three-Bedroom Apartment,ChIJI_nHLOWbLIgRIfSp7BBnZZ4
FULLY LICENCED STR -No Cleaning Fee-Centrally located in HAMILTON Sleeps up to 8,ChIJLdyaOwmcLIgRohlD0SA0XS8
Pet Friendly GLOBALSTAY Downtown Hamilton Apartments,ChIJibLmpI6bLIgRy-w-_GCanlo
Elegant 3BR Home Near Hospitals/Tims Field/QEW,ChIJu337o_2bLIgRcioe-Yx6JAg
SOLÄR Apartments,ChIJW6gfVu6bLIgRqhIKETYPzfA
Renovated 2 bdrm apartment in central Hamilton,ChIJsbfXUPmbLIgRzY6nwAUpPzw
The Oscar On Bold,ChIJq6qarp2bLIgRyO1XhUx0-P0
Comfortable and Cozy room 5 mins from Scarborough Town Centre,ChIJC8Sd_2TQ1IkRLT6wWHT2dBc
Judy Manseau Courtier Immobilier,ChIJmw5VM0CTIE0R-SSFwk3Q0Zk
Ville-Marie - Cozy Apartment - One-Bedroom Apartment,ChIJu9DiurgbyUwRiyL0yuaOKG0
Ville-Marie - Cozy Apartment,ChIJdRCZgbkbyUwR5eaFwHCXIAk
Grand Appartement Jardin et Terrasse Plateau Mont Royal,ChIJj1Ef1dsbyUwRL4pjSLFSu0Q
Central 3BR downtown MTL Plateau Mont Royal,ChIJV76f6MwbyUwR49ya02H-jjw
"In the heart of Plateau Mont-Royal, cosy cute LOFT fully furnished.",ChIJBb3jHNwbyUwR4VyWSUl5B5w
"In the heart of Plateau Mont-Royal, cosy & cute LOFT fully furnished.",ChIJrVIVF9wbyUwRzSDFb9QMVoI
"BRIGHT appartement Plateau Mont-Royal,Parking15$",ChIJU8XhJNEbyUwR5ulvnplNQJI
Private Terasse 2Level 2BDRS /2BA Plateau Mt Royal,ChIJ4SVeXdAbyUwRlNIzm9SbSoI
Two-Bedroom Townhouse | Le Plateau Mont-Royal,ChIJrdTpzM8byUwRwqHB0IZe2Is
"Cozy pad in the Plateau Mont-Royal, 10 minutes to anything",ChIJjVDPNtsbyUwRQI3fXbt3zEM
"Calme appartement Plateau Mont-Royal , Parking",ChIJK1HUJNEbyUwRRK2BsFR4EBM
MTLVacationRentals - Apt Mont-Royal,ChIJKQ6aJNsbyUwR-P3J71-ewEA
Chez Mont Royal Apartments,ChIJyzPsMNsbyUwRGOPcp18Cams
Suite Mont-Royal by MTLVacationRentals,ChIJA-tmwNobyUwRkL6ALwSEmig
Beautiful 3-Bedrooms in Heart of Plateau Mont-Royal,ChIJCyHKudEbyUwRJ3IX-CKTQFU
LiV MTL 301 | Deluxe Studio + Rooftop Access,ChIJT17NOtsbyUwRw2GwnMifm2M
LiV MTL 302 | 1BR Deluxe Suite + Private Balcony,ChIJT17NOtsbyUwR12luEXHPZvo
Sunny 4 1/2 in Heart of Villeray and 15 min from Downtown by Public Transport,ChIJmT43eCEZyUwRzagvj3Z_7FI
Sunny 3 1/2 in Heart of Villeray and 15 min from Downtown by Public Transport,ChIJU598YiAZyUwRjCGPsRFDXes
Sunny 3 1 /2 in Heart of Villeray and 15 min from Downtown\nby Public Transport,ChIJyVV7YiAZyUwRlDsWInVn1YU
3 Chambres Lumineux Avec Cachet. Au Coeur de Villeray,ChIJn270_xYZyUwR72tSTsObVao
Luxurious 2BR - Plateau Mont-Royal 201,ChIJVwaNGswbyUwRYj5SBh48HL0
Attractive 2BR - Plateau Mont-Royal,ChIJHSAGLc0byUwRnrRyZYY9ivs
Beautiful Loft - Plateau Mont-Royal 204,ChIJVwaNGswbyUwRGS2DEjTGTEU
Sunny appartement plateau mont-royal parking 15$,ChIJK1HUJNEbyUwRkf7JejRR0S8
Sunlit 2BR in Plateau Mont-Royal | Downtown,ChIJYcs4WdIbyUwRmkDBUGl6tgE
Exquisite 5BR - Plateau Mont-Royal,ChIJHSAGLc0byUwRGVoFvU2zEBY
Stunning 3BR on in Plateau Mont-Royal,ChIJX4C_Ti0ayUwRE-TMPPqhddw
Marvellous Loft - Plateau Mont-Royal 304,ChIJVwaNGswbyUwRdUIzet7du5k
Lovely 3 Bedrooms in Heart of Plateau Mont-Royal,ChIJCyHKudEbyUwR9wZNOhHFrns
Fabulous 2 Beds-1Bath Back Terrace- Front Balcony @ Plateau Mont Royal,ChIJCWclgtMbyUwRFTO9-Ofpwfc
Beautiful 3BR in Plateau Mont-Royal,ChIJX4C_Ti0ayUwRQD4_9XJHt7I
Restful 5BR - Plateau Mont-Royal,ChIJHSAGLc0byUwR1gkEKLdad-g
Charming 2bdr apt in Outremont,ChIJ9Vt18JwZyUwR2SPMNCNl170
"Beautiful 2-Story Loft, Monthly rental, Montreal",ChIJLZ_EKmEZyUwRH02WY6gypT4
Modern one-bedroom in Outremont / Mile End,ChIJnftNPyoayUwRIsqArD-2ucE
Amazing Apartment In The Heart Of The Plateau,ChIJ3caUfzIayUwRN8eHQSdUTc0
Cozy 2BR in Plateau Mont-Royal | Downtown MTL,ChIJKcZ0WdIbyUwR_-yT9XfsmPo
Lovely 2BDR in Heart of Plateau Mont-Royal,ChIJg74jxTQayUwR0xLf5EaJKk4
Beautiful 2BDR in Heart of Plateau Mont-Royal,ChIJg74jxTQayUwRatNr-wUsNks
Sunny 2BR on Plateau Mont Royal,ChIJGfYkm0oayUwR54-qtXAqhDo
Warm 2BR in the Heart of Plateau MTL ZK0,ChIJQ_G_Ti0ayUwR9w6oXGhjOK0
Stunning 2BR on Plateau Mont Royal,ChIJZX5ahUoayUwRXZIbZHeTA6k
162 Modern Studio in Plateau Mont-Royal,ChIJixNIAEsayUwRpqQBK2l_LGQ
Charming & Cozy Condo - Plateau Mont Royal,ChIJ72CN0MobyUwRmHW4WnsET0M
Vibrant Loft near Plateau Mont Royal and Festivals,ChIJW7wutEkayUwRFvhuFs8i6Qk
Amazing 3BR in Le Plateau Mont Royal,ChIJ03_w2sobyUwReuD7pI1SnrQ
The Bay Suites - Le Plateau-Mont-Royal,ChIJCc-cuLUbyUwRuXy1h3Yz5HA
"Upscale 3-bedroom in Trendy Plateau Mont-Royal (1,700 sq. ft.)",ChIJp02apDQayUwRe0yiHh4WqH4
"Downtown Montreal condo, so close to everything your heart desires yet quiet!",ChIJR4HnKlsayUwRWi1rNq26RPY
Morden 2 Bedrooms condo in very heart of Montreal downtown,ChIJDweXvVoayUwRB7yTm7ZGUWw
Gorgeous 3BR Right Downtown Montreal,ChIJX2A3gk8ayUwRHTtWl_cST1M
Feel like paradise Montréal downtown,ChIJFZhep1AayUwRxAjv4HfPLqY
"Spacious Loft in Heart of Montreal, Prime Location",ChIJPd7W5loayUwRXtnaN7T9s1g
"Apartment in the heart of Montreal! Downtown, fully furnished- all included!",ChIJOZNrn0AayUwRd6qsXjKXf-o
Downtown Montreal / Metro Papineau,ChIJCbaDyLwbyUwR3Dp4Lk712CU
Luxury brand new delivered condo in downtown Montreal,ChIJGWMq9EIayUwRnRhp1KS07Dk
Bachelor appartment in downtown Montreal near Centre Bell,ChIJ1zD-hkIayUwRV47-RabdzVM
2-bed loft in the heart of downtown Montreal,ChIJy20hXEIayUwRD2bwUIKz3Kc
Charming Condo in Downtown Montreal,ChIJqcnF4lwayUwRRvb9G8w9QDA
Studio in Downtown Montreal (Long-term rental),ChIJfda67W4ayUwRZ0twIfgDeos
Renovated Comfy 3BR in Downtown Montreal - 12,ChIJ9Uz0QGsayUwRNqdutjaxovA
Brand new condo in the heart of downtown Montreal,ChIJRxOG_WoayUwR8Yuil2jCEDk
Charmant appartement chaleureux au cœur de NDG / Côte-des-Neiges,ChIJi5fNceMZyUwR-JIduE2KFQs
Charming Basement Studio in Cote-des-Neiges,ChIJgZDbEb0ZyUwR34htsYY22Kw
Cote-des-Neiges Cozy 1-Bedroom Ground-Floor Apartment | Quiet & Convenient Stay,ChIJyWkXsL0ZyUwRUfl3Ogha368
Westmount 2BR monthly rental,ChIJ272c1QgayUwRivZA2VNr6eA
Elegant Spacious 3BR Apt for 6ppl in Westmount,ChIJ_ZAPnnMayUwR04tb3m0UCHg
Cozy One Bedroom With Quick Access in Westmount,ChIJb_MQ2QoayUwRENOo0h953wc
Ground Floor Loft Facing the Yard in welcoming Westmount,ChIJB2kwCQ8ayUwR44b0P5KAfgg
Condo / House for rent in Notre-Dame-de-Grâce,ChIJf4G0qFIXyUwRSeUtLkvEcgQ
NDG Grand Stay | Spacious Elegant ZF5,ChIJLbmcrbAQyUwRfXcHNxbWM9c
The NDG Nest|A Relaxing 3BR Getaway in DT MTL ZD6,ChIJiWdvrbAQyUwR2jMeynR1ba4
Cozy Suites in NDG - Apartment,ChIJbS9IHbQQyUwRovlaBQysK_U
The NDG Escape|Prime Location Cozy Stay ZF0,ChIJ8etlrbAQyUwRH78Hy82VagA
The NDG Charm|A 3BR Hidden Gem ZD7,ChIJiWdvrbAQyUwRHw5zfL_TJ1s
Charming Heritage Home in NDG,ChIJO8yW1rMQyUwR5iSMJdiC_Hs
The Urban Retreat | Trendy 3BR in NDG ZD5,ChIJiWdvrbAQyUwROgQ3JFg6TgI
Charming Century home in NDG,ChIJKWYhjrYQyUwRes96Cp5mlqc
Modern MTL Getaway– A Sleek NDG Escape ZF1,ChIJ8etlrbAQyUwRIi7x7N1_vNU
The Prestige Stay | Chic Bright 3BR in NDG ZD8,ChIJiWdvrbAQyUwRamCQSmuzJwk
Luxury Condo in NDG,ChIJI_xjKTMXyUwR1h-gt6KE_as
"Entire rental unit in Montreal, Canada",ChIJo62VTjgXyUwRBJPT98pSH6M
"Entire rental unit in Montreal, Canada",ChIJ919EWTcXyUwRDdJYl-lHcrE
"Cozy and quiet, in the heart of St Henri",ChIJc-uAV5oQyUwRhp96Jiiz16s
Fabulous apartment in the heart of St Henri,ChIJXyeCgZwQyUwRBQ7nkuynKVE
Cozy Hideout in Saint Henri Area - Two-Bedroom Apartment,ChIJsUtIiZgQyUwR4d6AQ4aIHKM
Modern New Studio in Trendy Saint-Henri,ChIJtfNOfJgQyUwRjrgP4ruapVs
Condo Thimens - Ville St-Laurent,ChIJI4TpzAYYyUwRwf4QQTDAPqA
Condo Thimens - Ville St-Laurent,ChIJlZwO2wYYyUwRBN9nyfgW8SY
Quebec Rent-Alls,ChIJKV_rRYkXyUwRFEQVfBx6P3g
Nest,ChIJaa1jJ3T30VMR7SKeJ91sznk
Mark Loma- Prospero International Realty Inc,ChIJu1u0cqdxhlQRtXDKdmfvlhQ
Fernwood House,ChIJNzqRr4l1j1QRUfT3kZ-8tFk
Gaylord Court,ChIJuU8BVwBzj1QRMM85SyAw9ps
Oasis Corporate Rentals - Camrose - Two-Bedroom Apartment,ChIJNb_Kgyy6ClMRVxoHaKe0mPQ
"Brand New Dt 1 Br Close To All Edmonton, Canada",ChIJeTuplFAioFMRQ34Zy8cQQvo
Rent A Ctr Canada,ChIJ5blEOrIjoFMRn4F_5rqnaz4
CY Becker Drive 2023 Luxury Home Edmonton AB,ChIJL5B4ZXA7oFMR69uyjLW5PLY
Edmonton Whyte Ave Private Basement Suite Sleeps 4!,ChIJcQUw3H8ioFMR3e-TQ9sA34w
Sunshine room on Downsview - Single Room,ChIJqYs6TI8xK4gREdJObKmCzPM
Sunshine room on Downsview - Deluxe Single Room,ChIJqYs6TI8xK4gRzG1wz4cVee8
Spacious Townhouse [Near Rogers Stadium/Downsview],ChIJ84TiG4YxK4gRVpKK89tdosk
Advantage Car Rentals,ChIJ-bIajCLN1IkRXzQcKBrW32M
2 Bedroom house in East-York,ChIJu1vUcM7N1IkRLYc8VYIyc0o
Welcome to Luxury Family home in East York.,ChIJYTiJhy_M1IkRj8W6nb-nWcg
Welcome to Luxury Family home in East York.,ChIJD3ZCky_M1IkRqP7zmNe5PmI
Relax in East York Space Share - Double Room with Shared Bathroom,ChIJIbgWRIvM1IkRbQCYTDWscWw
Thorncliffe Suites Apartment 4,ChIJqdEnKOXM1IkROuM2V38MuAA
Thorncliffe Suites Apartment 2,ChIJYaKNPOXM1IkRefjsb49_LXY
Elegant & Modern 4-Bedroom Retreat in Forest Hill,ChIJL_d7QAwzK4gRkMtPuAK_MRs
Central 2-Bed 2-Bath Condo Yonge/Eglinton Subway,ChIJy-ncGyYzK4gR64g3San_SWM
Artventures Toronto Parliament,ChIJd4zToyzL1IkRttN6i_jt1eE
Cottage ABS-595 | La Malbaie,ChIJKxZNjZurv0wR9grGsgudYQs
chalet Mikua - Chalets Spa Canada,ChIJaXu5s0WyQWkRgURcusZSzgM
ELC - Equipment Leasing Canada,ChIJqwtL8FB1hlQRsU88bq5LbCg
Premium luxury four-plex suite- midtown Toronto,ChIJ88CqZo8zK4gR3ExMpVcYFDo
Serenity in North York Toronto,ChIJcQVJrY4xK4gRz10jK__4hi0
Rooms within Toronto,ChIJmbNBdzgxK4gR9tgGfka-FN0
HOLINESS IS THE SOLUTION,ChIJ-dFAJ8wxK4gRkSeaCtYzlS0
Modern Forest Paradise | Bruce Peninsula,ChIJByqnkJfeLE0R7Ql_LGxvQt4
Welcome to the cozy and charming BirchCreek Cottage! NBP-2024-315,ChIJAwsmlwbeLE0R9LtyNpnYbcY
Cozy and Cheerful Cottage- Steps From the Lake!,ChIJLW1Y8rziLE0Rshs7YYpD9hY
Stokes Bay Getaway near Tobermory Lions Head\npermitSTA-2024-63\n,ChIJs89Nm_zgLE0RP6Omc9rciq8
Waterfront Cottage in Lion's Head - Three-Bedroom House,ChIJh8oQF4zeLE0RzuPicHGb7aE
Rustic Peninsula Retreat and Pool,ChIJYe2WUZrbLE0RcB9DNtuUJLk
Cozy Bruce Escape + Bonfire Pit | Steps to Lake,ChIJiywWrJ4dLU0RHyR6ukHo7jA
Elysium Private Waterfront Escape,ChIJXTBN1f3bLE0RqdZEEHcmXmM
"Vintage Northern Bruce Cottage, steps from beach",ChIJud5NDpkeLU0RzUgBSRCcI3g
Sunny Meadow Retreat by Lake Huron,ChIJ08pFpZDbLE0R_aRGGo3m1Mo
Rustic Luxury: Saw N' LogzzZ Cabin Getaway,ChIJjVFVVcHaLE0RcAdelY1L-E4
Spry Church Cozy Cottage - Two-Bedroom House,ChIJV2ae6cfdLE0RC89JMP5-crs
Stylish cottage near Lake Huron with Hot Tub,ChIJxcKEWLveLE0RclUF4dKEww4
Waterfront Green Cottage Pike Bay,ChIJUZNbLaDbLE0Rx_GQ7816zeo
Binge Susets at Whiskey Harbour Villa,ChIJg06oov7bLE0RO7OP8dngykg
Getaway with newly built cottage which is just 20 mins away from Tobermory!,ChIJfcuCS6cdLU0R24Ek_e5LcQo
Waterfront Private cottage | New Reno | 9 guests,ChIJi-hS8sLbLE0RHiyrpBem2Nk
Millers Cove - Escape the Ordinary,ChIJaxmCgpjiLE0RZ5I9Gu-TyaE
maison 1,ChIJYTLGJAAbyUwRaomwubLpKo8
Studio in downtown Montreal,ChIJBRvi8mcayUwR603JpQt4RHM
Marie-Josée Le Roux,ChIJ1zk7WqEbyUwROnnTsesZq74
Le Willis,ChIJ_7Xg_q4byUwRz0qRUqcjjvY
Rental units 4 bed 2 bath,ChIJsbjAfAAtO4gR-sEq6fuvjyk
Rental Home on Janette Ave,ChIJWbma9wctO4gRip7Wogutoyc
Pet Friendly C5 - Cozy Lakeside Cottage in Temiskaming Shores,ChIJwQ2Vne9zJk0RuDmmLzvJJrY
"Cozy Vacation Rental for Two in Secluded Lodge in Cochrane, Ontario",ChIJ1fC-LgopPU0RP6yV9aglZq8
Island Retreat Sioux Narrows Ontario Canada - Amazing fishing area,ChIJX7xCxXHKvVIRCyEUoeh4sLk
"One bedroom, close to everything.... trout lake north bay",ChIJFa8BdCqrKU0RnFJ0GWXI9vM
Residence Conference Centre - North Bay - Two-Bedroom Suite,ChIJpdAFUiIAKU0Ry7BzKIirxt0
Maison Cat,ChIJnU8AcwAHzkwRtxYiqjCNpzc
Alba,ChIJo5vgAwAB0kwRFjjZohXmDJs
529 fourteenth Street,ChIJcejuGgAZzEwRSpWgT0B5RPM
Run,ChIJO5PDWWIX1okRWBQ44Xy4W1w
Lora Apartments - Skyline Living,ChIJ5VmEVwcV1okRfhzL77-ZN6c
59 rue desaulniers Shefford J2M 1M4,ChIJKZ6zLQDXyUwRlZmE_9qoXxk
Maison,ChIJvUcYbgDPyUwRpZyi_MVZKMY
11 rue Lemieux,ChIJCa-jOgDRyUwRJ2zZmFCZXXg
complexe immobilier,ChIJP3xPEgDRyUwRIGFiM4nLoLU
Valérie,ChIJ7z3WVgDTyUwRfTWnxVvUOkw
Eric,ChIJfWabTwDJyUwROUvWdiLk6QQ
271 rue paré,ChIJozMdQADPyUwRnTWqV4URGT4
Bromont home,ChIJkRdABwDZyUwRJCkIwQeCbU4
Vert vallé,ChIJe0DIIADbyUwR1SoIIBsb6Dc
"35, 1 re Rue st-Jean-sur-Richelieu",ChIJ1zwqLgCjyUwR-0LlTsh7FrY
Domicile,ChIJ8eNtawAByUwRA5dWbmQOW8o
Domicile,ChIJb3xaeABVyEwRIRcK8wnZpdI
Maison,ChIJ461bRACryUwR16EHcV3Mkqw
Mico,ChIJy4PnCwBVyEwR0sHKaIAySpo
Maison,ChIJJejlJgCpyUwRkegwZZuGBEY
Maison 🏠,ChIJqeHBUwCvyUwR6Rn2dIZ9FdM
Rolland,ChIJxWdpDACvyUwRDzVhfNEJndQ
1904 duke St hubert,ChIJYxszDAAByUwR-3Jz1EvM8Jw
Résidence principale,ChIJtegveACbyEwRZVOoBR957Dg
Ecurie,ChIJlVwyQgDjyEwRRJ71DDOEh4k
Maison,ChIJISb4HQADyUwRw32tArKDXJg
316 des moissons boucherville,ChIJM0HXdwADyUwRvH6ipn4n_PA
Maison,ChIJr1jQSwAdyUwRQP7YBpkQtSY
Mission Unitaînés,ChIJNaLkOwAdyUwR9zCFj5bIeN8
900 Allee therese-dallaire laplainte,ChIJsahtBQAbyUwR-4CgPxaUsNw
Ville de Longueuil,ChIJofQfBgAFyUwRy1Sl89Y5XQI
2485 dumesnil appartements 1,ChIJ1XZQIQAbyUwR_6Z-2uPyQj8
Chez Mimi & Bibi,ChIJIVHGNAAFyUwRzUeYsN4IGVU
Apartment jé,ChIJk1HELgAFyUwRMYcNXJ19ABg
Entreprises Helio Inc,ChIJ_4hmeAAFyUwRyHjggitDN-s
43 des Mésanges Salaberry de Valleyfield,ChIJzTpoJQAbyUwRvDY3QbWMxrY
Linda,ChIJ9aiQYQAPyUwRHcE2gj0fil0
Maison,ChIJFTXQRAATyUwRxoxTQuzfSlI
"6,rue desrochers, delson",ChIJs64QBQAPyUwRjvq6Uw1Fc68
"212 Rue Deneault, Saint-Philippe, QC J0L 2K0",ChIJuZCEdwANyUwRA9FpwoCePGI
Anaïs,ChIJoSGBfQANyUwRN1BKXlutC3E
Maison unifamiliale privée,ChIJt5_qUQDNyEwRUlaYKJDCAOk
Maison 🏡,ChIJrVIuXAAtz0wROO4daJH4wNk
Maison,ChIJfz-BQgDTyEwRIhd32IGDFKE
104 rue Gérard,ChIJ0RClQAAtz0wRW_Wa9HF5sx8
Domicile,ChIJHzsfMQApz0wRwCcFyBd1mm8
Maison,ChIJUf4nSwAnz0wRfWA0PR4_rtM
Think4Ever Global Inc,ChIJM-FeLXjL1IkR3UgAnnVdr84
Modern & Cozy 3 Bd Retreat Near GGH · Downtown · University of Guelph · +Parking,ChIJn9r6S8qaK4gRAZ94ovVu2oI
Short Term Cozy stay in beautiful Fergus,ChIJA-cWyTC-K4gRO9WYNzEow5c
Cozy Guest Suite Fergus Hideaway - Two-Bedroom Apartment,ChIJbQC8oeC9K4gRGnNVXe6pdes
Modern Condo in Downtown Cambridge- monthly options .,ChIJg3WpGbN3LIgR215pSKeEy9o
Charming 2-bedroom studio garden guest house with AC in vibrant Kitchener,ChIJyW_zCpT0K4gRH_uhpz_92Ek
3mins to Downtown Kitchener's TechHub. Cozy 3-bedroom,ChIJ14OaEJH0K4gRpgydRuz1mUI
Yash's Commercial Kitchen Rental,ChIJI3e2AJ7zK4gRWd_x4Y03sP0
Brand new modern private suite in Kitchener,ChIJqeWrgvz1K4gR7DgY6EhJwzg
Modern 2BR Duplex 3.0 GBPS internet with Parking - Vacation Home,ChIJf_B1Rmp1LIgRrOcx3TTl29k
Modern 2BR Duplex 3.0 GBPS internet with Parking,ChIJEad1Rmp1LIgRYOTCvvkrHpg
3BR Sunshine basement w separate entrance Waterloo,ChIJPwEAXOz2K4gRb5Cu-qFJtH8
U-Haul Neighborhood Dealer,ChIJHeTjmCDrWE0Rl4F2W_RevPc
U-Haul Neighborhood Dealer,ChIJJ9-wGbDHX1IRByx2ObwndJc
Family Escape (Jefferson) Cottage 1,ChIJ26yK5uOHoUwRRx9Ayph0-j0
Cascade Cottage 2,ChIJ26yK5uOHoUwRwjkkmLGlNBE
Wapiti | Tavata Chalets | lac St-Jean,ChIJqV5zDsN06kwREqwquwsYXc4
Camping Le 4 Chemins,ChIJLRK8rBjkv0wR4rSq1qhM8eY
Snö Monts-Valin | Tavata Chalets | Valinouët,ChIJiQMviaqW6kwRiq265sgvE70
Aventurier |Tavata Chalets | Valinouët,ChIJl2PQ7aiW6kwRgILfTkMa0mo
Vébron 1 - Superior Chalet,ChIJAc8NKMHlv0wRTrSsrK-YBdA
"Le Chalet Bleu, aux pieds des Monts-Valin",ChIJmZTcSQmP6kwRrKX3Gp-pbTk
2-Bord du Lac-Saint-Jean/plage/spa/kayaks/pédalo,ChIJCfBV9cvdwUwRUjOF2qnOBXo
"Nouveau Bord de lac spa, foyer, Netflix et +",ChIJ646QRufPwUwRrwvSEiI6S0o
Warm and welcoming twinned in Mont-Lac-Vert.,ChIJkbK7XQjQwUwRRJpUoDsYXCU
Lovely Country Home,ChIJaf-b-pto6kwR89tBZQJtc8U
OTIS Nature - Two-Bedroom Chalet,ChIJM8S8kwNo6kwRebhfkL7HEtg
Chalets & Spa Lac Saint-Jean,ChIJmSf4jOTvwUwRABI2x8SBnrM
River/ Wooden hottub Luxurious Shack in the forest,ChIJpacALyOm6kwR_ON2Nz15PDw
Maison sur la plage - Three-Bedroom Chalet,ChIJy61FQ5bowUwRYwPEHgsrJB0
Club Tadoussac - Chalet Three Bedroom - 1,ChIJPQIDeTR-lUwRSvhkZen5UOs
Chapella A Frame,ChIJK5-iISniv0wRZXb8c7MgFNE
Maison sur la plage,ChIJM8ZFQ5bowUwR6v852BA-QFU
The Tcheko Timi,ChIJiUDTiksnwEwRWXUv5_o0BCU
Le Royale - Havre de paix,ChIJkxUFKYC-uEwR-1rIZCx7kdw
INITIAL - B&G - Chutes-Montmorency,ChIJc9yn3La-uEwR0tjpB1b_XLA
INITIAL - ESPACE SOLEIL - Chutes-Montmorency + VUE - One-Bedroom Apartment,ChIJocFvw7a-uEwROpzWkiovZp4
WOW - 2CH Vieux-Limoilou à proximité Vieux-QC - Two-Bedroom Apartment,ChIJp2TESoq9uEwRmSA0LR3k9r4
Panörama: Mini house in nature,ChIJ8dyYyz6luEwRpNgdtnqlUws
"Micro chalet, Moulin Lac Beauport",ChIJu_HMO3OluEwRoHz76d1Ze7o
INITIAL - Évasion 107- Chutes-Montmorency - One-Bedroom Apartment,ChIJY6ao3La-uEwRygh7F38YrAw
Chalet Horizon - Lac-Beauport - 30min from Quebec,ChIJ4XODQwaluEwRRwwrD-I_9r8
Beautiful two-storey house-style apartment 13 minutes from the town center,ChIJE7yNrY-8uEwRS9KxL6-Wa_0
INITIAL - CAVALIER - Chutes-Montmorency,ChIJax2d2ba-uEwRMize4VBNiEY
Royal Urbain - La Galerie | Pet friendly | Parking,ChIJ4xvyQ9e9uEwRNRdtpVy5TYY
INITIAL - TEMPLE - Chutes-Montmorency,ChIJP1Flw7a-uEwRrmSSyW-1Jac
L Oasis Boheme Hot tub 2 Bedrooms | Free EVCharger,ChIJwRpf2rq-uEwRl10nSSgIJCg
Luxury Retreat with Hot Tub | EV Charger & Parking,ChIJ1e24pdW9uEwR_UpOi3Tgji4
Le Chic Condo | Confort aux Chutes Montmorency,ChIJoX1wp7e-uEwRYsG-HuNwgBg
Boho Chic Tiny House - Hot Tub EV Chrger Parking - One-Bedroom Apartment,ChIJV2i6wNW9uEwRt-bfR1luqFg
Beautiful condo in Beauport,ChIJayAry3O-uEwR6OhjBkpSb40
Le Petit Montmorency 74 Beauport Stationnement - One-Bedroom Apartment,ChIJW9mWaZC-uEwRWYffBB784GY
Le Petit Montmorency 72 Beauport Stationnement - One-Bedroom Apartment,ChIJSXiQaZC-uEwRbAb9hW7FgI0
La tribune de la gouvernance,ChIJ7dpkyn-XuEwRIVBO8qWrFQg
Appartement près des Plaines d'Abraham,ChIJ2aP9v4WWuEwRCXrv6vBH9-M
29SV-OH Newo Retro,ChIJbVUPGHCWuEwRV6zkZmVN0iA
ESPACE COURONNE QUEBEC,ChIJffFWvG2WuEwRxXl_JbDZC0Q
Appart-Hôtel L'UNI,ChIJG3yPCN2WuEwRpqzfdiiPdwg
La Pergola-3,ChIJ48RC6X2WuEwRhII2A_K3PVo
Les Lofts St-François - Par Les Lofts Vieux-Quebec - Apartment - 1 queen bedroom,ChIJh6WemnSWuEwR5wPtKDP7Tig
Loft Deluxe & Fun / / Downtown Quebec,ChIJsxC-gHOWuEwRfMAi0QS7sUg
881 L'APPARTEMENT FAMILIAL Central - Two-Bedroom Apartment,ChIJEWlNuhaWuEwRxL3NQRoIpW4
35SV-NH The Shoemaker,ChIJmegGGHCWuEwRvMzcNvcL8Sw
La Pergola-4,ChIJ4SFD6X2WuEwRADALbpVJ85o
"Nice central loft, modern and well furnished",ChIJm754gnGWuEwRjQgv-h3ldAc
INITIAL - ORANGE studio - Centre-Ville de Quebec,ChIJ7UrveXGWuEwRZuTyCXCMvZ8
Le Studio Cohen (free parking),ChIJvdNN5BOWuEwRkjY-WMBbosE
The 1810 - Spacious with balcony - North of Quebec,ChIJPRNjIR6WuEwRPjx6psiSTnw
LE 323 Carnardière - Three-Bedroom Apartment,ChIJBZbT4ROWuEwRyzzmqR6fVYQ
77 St-Vallier,ChIJ4-AyPnCWuEwR9Wf-yZs1Olg
Hébergement touristique ▐ 335 Saint Joseph E▐ - Superior Apartment,ChIJ6dR_hHGWuEwRL-zzUyRJBFA
35SV-OH The Shoemaker,ChIJmegGGHCWuEwRT3kjb0fMwu4
77 St-Vallier Apparts Hôtel - One-Bedroom Apartment Queen Bed (A03),ChIJtcAyPnCWuEwRy11ShkTeNzk
Chapiteaux Québec,ChIJE_GO6JeXuEwR0orkG7-Aw2M
Unforgettable Stay in Quebec City,ChIJh6Rka32WuEwRkabW0SH4Vf0
jessie,ChIJmQIdKAA9yUwR604Lwc-W-OE
Ôval - Appartements,ChIJa089MMsXyUwRcHY-Q2L4WeM
Home,ChIJv8JZGgAXyUwRC5J19s6mjaw
RANDHAWA,ChIJH4AeUABLyUwR3Zz6acwEZOk
Le St-Marc,ChIJpQ188p9ZtkwRUbc2Tt46xAs
st camille,ChIJkQcaYADJt0wRMFUCQZkXh8Y
Chez Sacha,ChIJ38PEAgCzt0wRCv82xVbf69k
Blok,ChIJK4TJHwCzt0wRoHdWHHYMG70
Nana House,ChIJvQgGIQCzt0wR_KAW0fHSDC8
116 appartement 2-3-4 et 5,ChIJl4eWZwDtt0wR437dOZpi2f4
Val-des-Sources,ChIJoUEQMADvt0wRmGFd-TBOpaU
Domaine mon repos,ChIJ6xfENgD_t0wRmN9RGQa45WQ
Havre Saint-Pierre,ChIJF0rpDgA3tkwR9ZaM8ZL0U2c
Place du commerce,ChIJlw6eeQA3tkwRGEb5eIuOkYU
Realtor - Agamjit Singh,ChIJqxjePU8hoFMR3g4l4rhme8M
"6, rue des Hauts-Versants",ChIJHV8mAACpvUwRpyXeB_wrx3Q
Veterans Apartments,ChIJmaSoIwCRoEwR63hmQnhap3E
A&S Show Home - The Florence,ChIJjw7UHrLfwVIRABNJH4SUIDw
"Petro Mykytyn - Real Estate Agent in Brandon, MB with RE/MAX Valleyview Realty",ChIJQbSdUMWR51IRQZQGqE3qHGY
Office Lobby & Mezzanine,ChIJnVOmUFcXyUwRqJHfcZTI5f8
"A roome in a house in Spruce Grove, Alberta",ChIJx__xB9iOn1MRCIurRtvPUhA
The Cat Rental Store,ChIJm96iX-LRhVQRPRX72di7_QU
Stage 1 Rentals,ChIJVVWVC3rRhVQRQn4oY-vGy78
Marc-André Laurin Courtier Immobilier Résidentiel,ChIJ1zicbJdNyUwR66OjBdyVPVE
MERLOT SUNSET - FREE Electric Vehicle Charging with every Reservation,ChIJv9nxf2x-zUwRKpOu4ixkWFk
Voiture,ChIJfVhHHQAFzkwRTsG_kl2mQaY
Renovated in 2019! Upscale Superior Room in Banff,ChIJPSXAFk7KcFMRHkPFw9MVJNk
Relaxing Mountain Getaway! Superior Room,ChIJn53TD07KcFMRpr0v9T9zC4Q
Comfortable Superior Room with Flat-Screen TV,ChIJSQLpqlLKcFMRjXUlFadPn18
Standard King Room in Banff with Air-Conditioning,ChIJn53TD07KcFMRlefqgZ5nj_E
Douglas Fir Resort and Chalets,ChIJ-bxNh7HLcFMRYpCOqUj1-SI
Queen Beds in Spacious Superior Room in Banff,ChIJY3Q6mbLLcFMR2vVY41EvVbE
Banff's Finest Guest Studio Glacier Studios,ChIJSbUVyj7KcFMRu-xW4gvoRv4
"Accessible room, Central Banff, Hot Pool!",ChIJM8M3YE3KcFMR_XRQfy_tFds
Standard Room 2 Queens,ChIJn53TD07KcFMRBiaYxqqnYYw
Banff Getaway in great Location | Private Hot Tub!,ChIJiX-owbHLcFMRdWLqCNDpsbo
Superior Bedroom Suite in Banff! Free Parking,ChIJ3TGMt1HKcFMRPCT3y7DIx4E
Prv Luxury Banff Hideaway - Family/Group + Hot Tub,ChIJ29PT3bLLcFMRFDL2mLfRaPg
Basecamp Suites Banff,ChIJBSYsnEXKcFMRhoeTb2rC_-c
3BR Condo,ChIJX9Wqg7LLcFMRignzZsR79P4
"Winter Sale\nluxury, in the Rockies, Private, Corporate or Family Retreat",ChIJl8jbRUHKcFMRhro654bNyDw
Quiet and Cozy Space in Banff!,ChIJGSM6dk3KcFMR6a9_8Gnf0Pc
Loft Suite King Queen,ChIJu3eaqrLLcFMRL84YjsQ2NA0
LUXURY 3 BDRM 2.5 BATH TOWNHOME IN CHESTERMERE,ChIJd8BrZkV8cVMRf8S7KytYbrQ
Luxury 3 Bdrm 3 Bath townhome in Chestermere - Three-Bedroom Townhouse,ChIJXWYlAFB8cVMR4HXO-kk7m_Q
Spacious Room Near Chestermere Lake,ChIJ56NURGh8cVMRHMzTVdmRg8M
Spacious Room Near Chestermere Lake,ChIJMyjkxUJ8cVMRXIFrut-cpTQ
Cozy 2-Bedroom Suite: 5 Minutes Walk To Chestermere Lake,ChIJG7M3fQp9cVMRr27Mzf8GumM
OSY Rentals,ChIJu9SDIwBvcVMRAarQwJZmGAU
Budget,ChIJD4Z_U0gbzkwRePc6s5RQWvo
The Gardens at Foster,ChIJeyXmdVVDWEsRZ8K0CSjkBcE
18 Wentzell,ChIJBZgPLQBvV0sRJsaf44P8K8M
31a 8th street glace bay,ChIJAabLBQDhZ0sRTAm_9HTsois
Logement tout inclus Baie Comeau - One-Bedroom Apartment,ChIJNYQxUIwLlEwRAe-OvCbx99k
Condo 101 centre-ville de Rimouski près du fleuve - Two-Bedroom Apartment,ChIJ67r6LZfZlUwRCs02DcyaV7I
Lévis Center | New Studio 2 + A/C,ChIJ1fCI07GVuEwRb1HcfD4iau0
Lévis Center | New Studio 1 + A/C,ChIJ1fCI07GVuEwRGJKFjHlh4SY
Condo | La Suite,ChIJPf13StqTuEwROk4UAoCbcb4
The panoramic Chicoutimi,ChIJLSV3iksnwEwRO6r6tRwHk9U
Comfortable cozy house Chicoutimi - Two-Bedroom House,ChIJB7krZhEnwEwRiQg5ujhwiKs
Location kayak rivière du moulin,ChIJLXCLHQAhwEwRELl-SIKbMZU
"La planque urbaine, 1 bedroom, downtown Chicoutimi",ChIJ6cOMmkonwEwR-7rnyGi6iMo
U-Haul Neighborhood Dealer,ChIJic_QDq8Fh1MRjAdprZi97K4
U-Haul Neighborhood Dealer,ChIJ01zUQQ8_hFQRLKjNaXxdsqo
U-Haul Neighborhood Dealer,ChIJZVVBqaVrhFQRJX07F_Oqv4Q
U-Haul Neighborhood Dealer,ChIJ2QG-Vg0zhFQR7VqzkM-IDEY
U-Haul Neighborhood Dealer,ChIJkyVjsSLFhVQRA_UygFe95YI
Unique patrimonial house in Vieux Beloeil,ChIJ1c03ndGqyUwRqlbg5-9w_WY
Prestigious Mansion in Beloeil,ChIJU_qJ9tCqyUwRj5hKJsM4tQE
Luxury Waterfront Mansion in Beloeil,ChIJ1fBb9tCqyUwRbQOQcPDdwrw
The Stone House,ChIJF6rrgdGqyUwRhu-KxTA3mEU
"Charming 1775 Ancestral Home, Pool House, Spa and Modern Comfort",ChIJZSdGGISqyUwREYEM7fiq5ek
Gab Cournoyer Guide de Pêche et Location de Chaloupes,ChIJdZcD9H-HyEwRWHb3Nl0jEL4
Magnificent newly renovated studio in Longueuil!,ChIJwVeEuFcbyUwRLg9zR-gJ1II
"Lovely studio in Longueuil, near Downtown Montreal - One-Bedroom Apartment",ChIJuYbH9hMbyUwRirIbaaLXvOk
"4-bedroom house in delightful Longueuil with AC, bar and karaoke",ChIJecQeqU0byUwRRPtPAIO--U4
MTR Apart Longueuil/Montreal Corporate & family Stays |Furnished & All-Inclusive,ChIJiVlB_YQEyUwRrWnl67nqt8U
Charmant Appartement à Longueuil,ChIJsWf4tO4EyUwR0fUJVZPSgqU
"Welcome to Auberge Dupas , in a quiet area of the city of longueuil - Qc .",ChIJe27csugEyUwRZ9tVAA_HVsk
"Family Home in Longueuil, 2 Bed - 1 Bathroom - One-Bedroom Apartment",ChIJyYZJZAMFyUwRu4pbNAOXvBU
Cozy 2BR in VieuxLongueuil +parking 14min Downtown,ChIJcQOIbF4EyUwRftPIX4IyKyU
Escapade familiale à Longueuil,ChIJ2TT9g8QEyUwRSzGa5Vt0DrY
Cozy 1 BR Apt perfect for couple,ChIJGSZy-oQEyUwRxzwhFQaAt-8
Country style house - 2500 sf. - 4 floors,ChIJH_H-to8DyUwRANkNuSjezfo
1 Room in a shared Apartment - Queen Room,ChIJqR8uYocEyUwR0rR02jk7s38
Cozy Bungalow Longueuil | 3 BR | 6 pers,ChIJ2yoj5rQEyUwRAkqHCCjZlrA
Cozy 1BR in Vieux-Longueuil +parking 14min Downtown,ChIJQRmINFMbyUwRxNa9Q31dJ80
Abris Maitrise,ChIJWYSTxMAEj2IRfSu6I54jZPs
4BR Townhouse 5-Min to DIX30 20-Min to Downtown,ChIJLWKpzT0PyUwRKkHYuMOwrrk
4BR Townhouse 5-Min to DIX30 20-Min to Downtown,ChIJ_3TJ_D0PyUwRQtgg95-y4Fo
House in Saint-Constant 15 minutes from Montreal,ChIJT6HP1YANyUwRJVl6fqhJNAs
Dream Vacation Home in Saint-Jerome,ChIJDVZSkScsz0wRy751Vfpsv90
Nice basement apartment,ChIJzQBUCFH8zUwRliSTGD3x6jE
Cute 3 bed rooms townhouse in Bridlewood / quite neighborhood,ChIJpfrCG8D-zUwR2wc8yOl_Ejk
Forget your worries in this cozy four bedroom home close to Rockland golf club,ChIJI4XD5fVpzkwRLARHjZj4g7c
Hawkesbury new High End 1200sf unit - One-Bedroom Apartment,ChIJ9UzPskzvzkwRT_qJsrSdy5c
Hawkesbury Near Hospital Executive Condo,ChIJp6b6nbXozkwRLKN4K94fvOQ
"Cozy Country Home near cornwall, 3 Bedroom, 1.5 Bath, Full Kitchen, huge Parking",ChIJuy4vXwgizEwRkJ6tEzv07Kg
Presentation Centre & Model Suites,ChIJC8PhLjszK4gRWL0jHmBzHVI
Guelph Regional Office,ChIJTY3HkBCQK4gR5n-hOT6KkFU
U & N Equipment,ChIJD-hdUSbfZFMRZKCWgSfjL7w
Okanagan Efoils,ChIJ1bh2xQzuq20RPHo-mcgWsfg
One Bedroom Guest suite with separate entrance,ChIJrVksUY_f1IkR15N1ZCZZlic
Selby Luxe Haven - Holiday Home,ChIJ1eM0vHAg1YkRIpHqzOnw-LM
Upper-Level Home In Pickering,ChIJhZWK60Df1IkRj4BboS1zeek
A peaceful place in pickering - Two-Bedroom House,ChIJyTfhdyXf1IkRVYzdR0fEk5Q
Cosy 10 min walk to Niagara falls Home (Pet-friendly),ChIJ1U0plCVD04kR8FhoZ9V3e44
Cozy Escape – Perfectly Positioned in the Heart of Niagara Falls,ChIJn7hS2ShD04kRg3N4KUg77D4
Luxury Modern Townhouse Six Minutes to the Falls,ChIJqZKumDND04kR3KSxEfbOYL4
"Comfortable and beautifully decorated 2br apt., just 8 minutes from the Falls.",ChIJ71S43TND04kRrSUF7BFIQmI
Elegant 2BR Suite | 7 Mins to Falls | Sleeps 4!,ChIJEQoe8DFD04kR852sJOWkKyw
"Entire Luxury Suite 6Mins To Falls, Free Parking",ChIJr20aqTND04kRx8FT7KwRMJI
Bright Escape Falls Retreat - Two-Bedroom Apartment,ChIJPRDDhTND04kRvGCh44hCVAM
Cozy St. Catharines Bungalow: Your Home Away From Home in Niagara Region!,ChIJEQDazLRQ04kRdDs0pl9hEQI
Save 50% Off Now - Long Stays Near Niagara!,ChIJ4aa7njVX04kRZJ2a5AQxvWQ
Cozy private room in St. Catharines near Brock and 4th Ave,ChIJA5odj9tR04kRSHGwiRr6A8o
U-Haul Neighborhood Dealer,ChIJvVgH_Xs304kR2l1Amn379NU
Welland Mid-Term Escape,ChIJSasG2u1J04kRAa515YdJpdw
Beautiful Welland house 5 min from everything.,ChIJk2FhQfdJ04kRPlj-wlx-Jw8
Welland’s Modern Stylish 3-Bedroom Townhouse Near Niagara Falls,ChIJw08kPfhJ04kRwQQSevqgDtk
Whole house in Orillia 5 min walk to beach. 28 days or more rental.,ChIJgWdZdNioKk0RSgXO0NHT1i4
DaSilva's Trailer rental,ChIJBRRagZnFKogRda1OEq1toYk
Charming Family Friendly 3-bedroom in Central Bradford,ChIJpy-B1ZzFKogRIKUJNKInSkg
Quiet Private Suite in Bradford,ChIJ5y5uVgrFKogRcY7uNlsfD1Q
Victoria BC Cruise Port,ChIJh91dFgB1j1QRTQPOd0sRJmU
Ancaster ON,ChIJ3bTAYQCFLIgRJg4FsEl22VY
Mike's place,ChIJE_xaCACDKogRAzwQvzIx1bA
Potre,ChIJLZpHLQCDKogRQP8Dww-_UrU
Temporary living,ChIJl7N_GQDR1IkRITXX2vpPc-w
The Silva Cottage,ChIJzd6LJITdLIgRanA0qpBmr8s
Two bedroom basement in Cambridge Ontario,ChIJuzaKAx-IK4gRfhkDdwZlRFc
Extreme Entertainment DJ Services Inc.,ChIJb9z4MzlJyUwRupeuXDQAGlQ
"Cozy Cabin Fishing Trip on Whitewater Lake near Ogoki River in Thunder Bay, Ontario",ChIJH3CoKhMjWU0RnwW7a3-PLG4
Renold - Audio & Video,ChIJAZ-lU6Szp0wR27lEWG2nqfI
D J Svc-Ennis Audio,ChIJHcUFc_OlDEsR59fSmuTPmx8
"Entire rental unit in Mississauga, Canada",ChIJv2h8cTRqK4gRtqM5V96CEo8
Spark by Hilton Toronto Mississauga - King Room,ChIJ0VnYeJ5AK4gRKlAHa8eHwTM
"Peaceful luxury calm 2 bedroom close to Toronto airport, downtown and Malls",ChIJSxxm7O0_K4gRwSDS3ql7hE4
"Very Clean, Beautiful & Modern newly build 2 Bedrooms Bsmt. Apartment",ChIJEdiPAbJAK4gRwS7iux1y3BI
Perfect location comfort private house lower level 2 bedroom unit - Two-Bedroom Apartment,ChIJwRI-_rFAK4gRQSFghv4QKrs
"Entire 4BR 3BA Home in Mississauga, Sleeps 8, 10 mins to Pearson Airport - Four-Bedroom House",ChIJ6Y4EKHpAK4gR21nTViIi7BY
Perfect location comfort private house lower level 2 bedroom,ChIJ4xEkvq1AK4gRG-29VfIS1-A
Cozy 2-bedroom luxury suite near Toronto airport.,ChIJZcEMVAtAK4gRu7rOm3mho6Y
Comfortable Residential 4BR Home with 2 Free parking.,ChIJccsP2O0_K4gRQPK_k4oS-S0
Luxurious Basement Apartment with Pool,ChIJi37q6AJAK4gRlXnZX9m7mlI
"Spacious Master Ensuite Room w King Size Bed, Hi-Speed Wifi, A/C, Fan & Dresser",ChIJHYsO99g_K4gRyQMUYd2aurM
Cottage like Apartment,ChIJew4gGR1AK4gROedZ0cTm5ks
Quality Inn Toronto Airport - Queen Room with Two Queen Beds,ChIJ5fp2zWc5K4gRaDCUX90MrIo
Modern 4 Level home-Game room/Parking/Near Airport,ChIJzVqv-LRAK4gRJfO4UgKCgyk
Comfy King size Bedroom in Mississauga near Toronto Pearson Airport.,ChIJx83doApAK4gRDFYVTr_JroE
Excellent clean place for the happy traveller +.,ChIJiakFSqA4K4gRNFVgG__tLZE
Buona Rental,ChIJX63DdEJkV0ARvTZ51DAewRM
Modern Living in Vaughan - Brand New 3BR House - Holiday Home,ChIJlWgjD8woK4gRnE3R8_wEbWw
Wonderland apartment - 6 min by walking,ChIJfYLwlTQvK4gRgF17AMjBZYU
South Oakville Bliss Haven - Five-Bedroom House,ChIJtxX8hqxdK4gRFIfn5YbhwYI
Modern Spacious 2 Bedrooms+2 Bathrooms Bungalow in Oakville - Two-Bedroom House,ChIJnQvnUnlnK4gRvPEzit8CzSk
Welcome to Your Comfort Retreat by the Lake,ChIJvTZ04S9eK4gRjqKbTUoA3pw
Four-seasons Serenity In The Heart of Oakville Close to Lake Ontario,ChIJJSd_3dxdK4gRxfXQcZl5OZg
Oakville House - 3 Bedrooms - Three-Bedroom House,ChIJZfuzh9ddK4gRDyna_VPfJYY
Sarah's House,ChIJzSFTFrZdK4gRT9wJgqFbKn4
"Stylish, and Fully Renovated Bungalow Retreat",ChIJwwSJi6xdK4gRgV2fai5VQ1w
King Comfort Meets Style • Lia’s Designer Retreat by the Lake • Oakville Stay,ChIJm5v3P9FdK4gRGMAe6DK8Fvs
"4 Bedroom Luxorious Home posh Oakville Close to Toronto/Niagara, All Amenities",ChIJzXdJBkxcK4gRLv3dtuZkp8M
Peaceful Downtown Oakville Charming 4 bedroom house with WiFi & AC steps to lake,ChIJs3duBPFcK4gRWkFxF-i-y-g
"Specious Basement, Brand New custommade home.",ChIJRedWZLldK4gR5RDClwxktBA
New Panoramic view 2BD+Den in Downtown Toronto,ChIJgTARe7VdK4gRITTeozSh13U
2 bedroom basement in lakeshore oakville - One-Bedroom Apartment,ChIJ9yKe0MZdK4gRC36jeB9wIV4
Luxury 5 Bed 4 Bath house near Lake Harbor - Villa,ChIJtWQEaX9eK4gRY5XuYJ-zB-M
Renovated 2 bedroom condo in Glenn Abbey Oakville - Two-Bedroom Apartment,ChIJd1BiEJBdK4gRmtvhVP1CUj0
Amazing Comfortable Gem at Oakville,ChIJw-SiigpdK4gR_EkVv6TPlRI
GoEasy Car Rentals,ChIJX4ac2Is_K4gRK9ihuJPq0TI
Le 402,ChIJuYBpJhkhyUwRVbq2Z2iw2JQ
TRURO REAL ESTATE REMAX COUNTY LINE REALTY LTD,ChIJaYns4ChPWUsRidm9GvIEkT0
Karan Singh Realtor,ChIJTeSx4hCbX0sRcYPTnlzUgHg
Vacation Rentals PEI,ChIJuaOjBaEwgi4RDIHQnZeuLNQ
U-Haul Neighborhood Dealer,ChIJOZRMnKlPj1QR-R9vXvgKfTk
Ocean Island Campervans,ChIJaV65CTR1j1QRCYLet62gzR4
U-Haul Neighborhood Dealer,ChIJmWq8RwMViFQRNSEsaicNETk
River Run Cottage and Cabins $70 and up.,ChIJLRxcY8jRpkwRC9GF1me6szQ
Auberge Memramcook Valley Retreat,ChIJ09y5oiyvoEwRU5T9Y_3mfbE
Cervus Equipment,ChIJq6qaOiEtE1MRQE3GdrKhGP8
Urban Pointe Apartments,ChIJjcYAfQDZfVMRemRP5arvopo
1333 Bertram,ChIJ45z-Hw7zfVMRBzKd1eRUEfo
Park Plaza at Central Green,ChIJp3ZwZgD1fVMR8wyZKBI-iXs
Home,ChIJiUFSUADzfVMR1qDkB0U0jHk
Park Terrace Apartments C,ChIJo7slNgDPhVQRNgzgLXyxb7o
Jieun,ChIJ4xLiDQB3hlQRT0BB9vAQE8s
6 buxton,ChIJ9_FuIAAxK4gRiwQLjay1Cm0
Exquisite fully furnished Condo in Downtown Toronto 1 bedroom + Den with Office,ChIJK-r0ktk0K4gRxdFP8v07KiQ
New Private Room in Moose Jaw - One-Bedroom Apartment,ChIJQ1UFZEfcG1MRXS2p28jzKeA
"Downtown Moose Jaw Studio | Economical, Wi-Fi & Free Parking",ChIJU9Ny6C_cG1MRllMUIfAVMOs
"Archi Suites 4 Bedroom Townhouse @ Stonebridge, Saskatoon, SK, CA",ChIJ_2ysPqLxBFMRcv0DCDVMWM8
Saskatoon Cozy condo,ChIJwxslvob0BFMRW_ldbdV0WuE
Ontario Lift Repair,ChIJ68h-3iQvK4gRumMgAfMatcY
Reid Real Estate,ChIJhcxEnyxdV0sR3SZP70qxa9g
Fashionable 3BR in Griffintown,ChIJr3_YNmEayUwRbEZK49-7plA
Modern Apartment in the Heart of Griffintown,ChIJr3_YNmEayUwRMCsdC0hoIKs
Modern 2-Bedroom Condo in Griffintown – Stylish Convenient,ChIJoYYd3mAayUwRisQ6pVLet_o
Urban Studio in Griffintown,ChIJg5ogCmAayUwRltjIHQqeA20
Stylish Studio on the 24th floor in Griffintown,ChIJaa6AZ4oayUwRefDRlORj7z0
Stylish Studio on the 24th Floor in Griffintown City 5 mins from downtown,ChIJaa6AZ4oayUwRtXXSqfDs0bM
Condo 2 chambres avec parking privé - Griffintown - Two-Bedroom Apartment,ChIJF34ap4oayUwRWD2vibhe0js
"Cozy 1-bedroom condo in charming Griffintown with rooftop pool, fitness room",ChIJIbAr4V8ayUwRAK_xbU5mcQc
Stylish Griffintown Condo in Trendy District,ChIJoaheXYoayUwRaXN61gMHN8w
Charming fully equipped apt in a quiet area of ​​Ste-Rose. Non-smoking. No pets,ChIJyUquL7wmyUwRYY6MaG2X6po
Pretty Girl Dress Rental,ChIJQWHUhEZ36lIR_EnbfkkxeaE
Tranquil Bliss Retreat near Niagara Falls 6min drive to falls,ChIJdZxyz5tD04kRYTpvwARTA_w
Nestle By The Falls - Niagara Falls,ChIJN7r-6Z5D04kRf8NY3U8oYFA
Nestle By The Falls- Niagara Falls,ChIJxU8iWJlD04kRn5LitsWnV-E
Prime Niagara Falls Location - Cozy and Chic,ChIJscGppJ1D04kR1qwHIhx4TKU
Cozy Bungalow Near Niagara Falls - Perfect Family Retreat,ChIJAwWBvIVD04kREXa7nzh1QJs
Nestle By The Falls - Niagara Falls - Two-Bedroom House,ChIJQxACoZhD04kRLhEGfMQLPLA
"This house is a 1 bedroom(s), 1.5 bathrooms, located in Niagara Falls, ON.",ChIJEZMHxptD04kR9W_ZY_JO8p0
Luxury New Condo By Niagara Falls,ChIJKRcD-ppD04kRog-pQyqdguQ
New-built 2-bedroom Luxury stay,ChIJu0wB7nq7KogR4U8P0Hi_L6g
Vacation home beside the trails and Park,ChIJ0a9uwkO7KogRuD7oIuQpSp4
Phoenix Farmhouse - Barrie Hockey Arena & 400 HWY,ChIJl0HjLna7KogRQlJ1CJ1l-Do
Charming century log home steps away from Lake & cross the park,ChIJId6m7Ve7KogRAsbgakYVEMk
Adorable Studio Basement Suite in South Barrie - Double Room,ChIJ8Un0PmW7KogRL5FI2ol5Cd8
Penthouse townhouse/condo. Cozy beautiful place. Close to amenities,ChIJI-JlCBu7KogR59RFgtM04Wk
"Brand new, Chic 3-bedroom house in delightful Barrie with WiFi, AC",ChIJ-SiJk527KogRfkpRpZsOmi8
"Apartment, Cozy for a Happy Rest (basement)",ChIJXUHsmia7KogRXab3K0CTXa8
Brand New! Luxury Retreat!,ChIJm2lAxom7KogRLtgYc_mx8Ao
"Cottage W LAKE VIEWS, beside waterfront trail and steps from beach",ChIJ6YqMxrm8KogRXbGdYtOWHmU
Barrie House near to all amenities,ChIJl1P-IN2iKogRHtf3C894JfU
West Oak @ Barrie H&ME Tech Build,ChIJdyFR2IG7KogRKfGordrWaCg
Georgina. New 4 Bedroom House Near Lake Simcoe,ChIJHwgI19W1KogRCSoV2ImZcgM
Luxury RV On Lake Simcoe in Keswick south,ChIJTfm_ceO1KogRK_MenMzQ_ag
Beautiful Brand New House in Keswick 8 guests - Four-Bedroom House,ChIJV2DFfwPKKogRTUBqhSh79zk
Beautiful Brand-New House in Keswick/8 guests,ChIJa9bafwPKKogRcNHAK6xwOoQ
Chez moi,ChIJAfsxWQARyUwRvbSExUaixkw
Collection Équinoxe Bois-Franc,ChIJ03swApcjyUwRQrrg3n3DD4g
Maison,ChIJ8WbUJQAZyUwRNYfwGbYSCb8
Residence,ChIJj_HqNAAZyUwRFEe-yS5rLO0
559 reu joncas,ChIJCYrpYgAjyUwRjurQintxoZM
270 rue vezina,ChIJO72GKAAXyUwRlwDlvMeifi4
1109 rue tyrol,ChIJKW2QEQAnyUwRQmXJdy-WmC8
Residence Estia,ChIJ0T6efgAjyUwRdIcwWDHb_Ak
Rue Pelchat,ChIJh-mMHwAhyUwRuDB2agKKgJ4
Boulevard cartier ouest,ChIJwWQcYAAjyUwRdXfMLQOYnSM
3511 rue edgar,ChIJP4liIAAlyUwRRF5Txsf8jTY
Maison,ChIJq0vHYgAjyUwRdD8rLg1Qg74
Marquise 8,ChIJlyquA70jyUwRG35gIRZbq7I
Édifice à appartements résidentiels,ChIJN4JTUQAlyUwRCa6YDMP6Kqg
Eliza home,ChIJS0VwKgAjyUwRJb7zC-JxIr8
"2649 rue Suzanne-Guité, Laval, QC H7Y 0C7, Canada",ChIJ2_VEAAAlyUwRLqBucDHmed4
Batiment résidentiel,ChIJhfRXNAAlyUwRALHfENXCiaQ
MAISON,ChIJ2XCMcQARyUwRxHeAExBKhK8
Jaswinder Singh Realtor,ChIJ88OofXfLx20RI-A37YaG9LE
Girish Tahilani,ChIJmxbh888XK4gRqxThY7jGPPY
Ricardo's photography services,ChIJ13sF6Uo1K4gRb03mQf8MquQ
CUBO Rentals,ChIJTV256jzLwVIRDpGwJ9iUfmA
"Trendy 2BR Apt with Pool, Near Place Sainte-Foy",ChIJbaLrmS6XuEwR41lD3cCZdLE
Luxe et Innovation au Cœur de Québec: Votre Séjour Idéal au QG Sainte-Foy,ChIJD22nmCqXuEwRkWAbzSKokF0
Pet Friendly NOUVEAU Cur de Ste-Foy Free ParkingFast Wifi,ChIJgQasatOQuEwRogkxDl83Q2A
Chalet intime pour villégiature avec accès au Lac et à 2 minutes du Mont de ski!,ChIJXeKwdkjxlUwRx4UjUxCEkB8
Le Renne Elisabeth,ChIJ7bHNW0l-vkwR8g50lowoITE
Cottage on the bay of Ste-Luce,ChIJiy9pZfLVlUwR_aJBc8xtnJo
Chalet l'Intemporel - St Lawrence View,ChIJ1aaXcOdGvkwRq28f6gFsMNc
Boney Hatungimani - Courtier Immobilier Résidentiel,ChIJXRAdocyXuEwREg68HILQxRw
Le Cordonnier,ChIJc0YiuyOXuEwRqmdJSwQIZGY
121 Lake drive north Unit 7,ChIJt0uVbAC3KogR8SlHkVTETkI
Guest home,ChIJ5-KRMQBDK4gReoeMqubsyBI
Theo,ChIJMycwJwAvK4gR7MrGmQNo95g
Pulse Co-Working,ChIJx-XE9oX1fVMRHF_SrTLpqug
U-Haul Neighborhood Dealer,ChIJbawfRQUJ1EwRqEDB1D5_5PM
Chaudharys Trades & Rentals,ChIJic8Ln0cfoFMR4z-o4GTT41k
Rig Rentals,ChIJH1s0LgCVkFMRtfYGqwb7RJ4
Heartland Equipment Rentals and Service Ltd,ChIJD0tCAwBZoFMRxg1TbPiK-hw
Westland Rentals,ChIJF_8fhvTln1MRJXXtoPFshFs
Bike Share Toronto,ChIJE2b89HM0K4gRpyZ9C1x-qMc
IOG Bin Rentals,ChIJV7YQEmwN6lIR1o1sKvw-yMQ
THE OFFICE,ChIJfXdiuu3L51IRQ55rYG6RI3U
QuickKeys Car Rental,ChIJkVrKse_zK4gR89wJuJ8DlSk
ScaleUp Spaces,ChIJy4I7AbmpKogRrRptswX4CdI
6 Plex Rental,ChIJ9S8L51uZmFIRTSmBKqm4E6A
sebarcad,ChIJPTOoRrFNxkwRCwCOa3PE3y8
Chalet St-Leonard 1st,ChIJXRUovYweyUwRFF1Tnepr0SA
Chez Amie à Saint Léonard,ChIJibxvFJIeyUwR6NrKT6gzr5w
Chez Amie à Saint Léonard,ChIJSQaJEJQeyUwRn9cOK-_pFCg
Charming unit with Balcony - Two-Bedroom Apartment,ChIJbzA-pbUeyUwRb9H1k31Vnv4
El mara house - One-Bedroom Apartment,ChIJ83NsyMgeyUwRKFIE1xww68k
Charming unit with Balcony - Near Highway 40,ChIJp5U9pbUeyUwRi8qfKE1InNU
"Bright, quiet apartment",ChIJXTvqtrQeyUwR_MnE2cSZcA4
Appartement Le Fabre Chaleureux,ChIJryPEgDcZyUwRN3b9OAb8nOI
PLR Exclusive,ChIJjZ4jxaIfyUwRRhCkwETBkpE
Patinoire de la TOHU,ChIJMaIPAP0ZyUwRcV5w1hw5JJI
10 Minutes de Marche du Marché Jean-talon! Studio Pour 2 Personnes,ChIJy5Ywbz8ZyUwRyVhUB_uQiME
"Montréal, Petite-Patrie : Bel et grand appartement avec stationnement",ChIJd26Q8mUZyUwRDphQ_KlGU50
YLW Realtors,ChIJAVUMM1SNfVMRKSq79NN2FGI
Charming 3-bedroom cottage in Central Newfoundland overlooking Bay of Exploits,ChIJ4X1Bo1IQd0sRAGwXyGy0moA
Rental Office,ChIJRQkHbLUKhlQRvuQKCzO0sCE
孙,ChIJ87ZOJwDX1IkRRPizXsuH4y8
Happy oaks bnb,ChIJv8-JfJldK4gRNVDS-Crjxys
10 All Nations Drive,ChIJz5uCaAAVK4gRN-8u1akRdc4
Sukh,ChIJuZerZgAXK4gRRQDR94hiL0c
The Eldritch,ChIJaZFnXI2ZLIgRedo4HBH56Jo
Megan Home,ChIJ7cFjIgCZLIgRmwFp8deO-sM
Keneisha,ChIJlVKWLwCZLIgR6xXS3aDuZzI
1870 main St West,ChIJMQTASwCbLIgRtDxOBnweF9I
jayde,ChIJO-LxNQCbLIgREaij890pb_I
34 Bastille St Hamilton ON L9B 2G5,ChIJr3LpXwCbLIgRmCheq9w2rbY
An Executive Side-Split Brick Stone Home on a Large Corner Lot in Trenton.,ChIJ51RCXncW1okRjm7TelHMCe4
Maple Court,ChIJc_KKc9_RhVQRQF6sQVITrT4
Connaught Apartments,ChIJdaqKGABxhlQRzYboppPyJik
QA Hub,ChIJqXDdaDF1hlQRJn3t_S_l0p8
Pleasant Drive Rentals,ChIJHWpjbdKbX0sR1E7V6kBeJeo
CIR REALTY - Gabi Moraru,ChIJAxhuk-5pcVMRseds0SVtDq0
25 premachuk way,ChIJac_rfADr-VIRbbqzkj8gMl8
"Clearwater Lake House, The Pas, MB",ChIJi4riMFnr-VIRnxOLZBUs-dk
Apartment In Saskatoon - One-Bedroom Apartment,ChIJgQUYq-v2BFMRErCG-WFpZVY
Caper DJ and AV,ChIJuaU0mEaXcVMRnaikF7BncsE
Brunswick Lift Rentals Ltd,ChIJE64hLm28oEwRRICrbTy4yMo
Rent-A-Ctr Canada,ChIJW3dK90EipEwRAcJkwK5NF0U
Pelletier Rentals,ChIJe-C0O6CpvUwRy_gcItK7ISs
Parent Equipment,ChIJjYnHU56pvUwR7SmKR9icIY8
MEROD,ChIJ4xvyt18dyUwR_JEyCskimJI
Saute et Fête,ChIJE4Ad6HonyUwRr2uTu9yjPv8
SeaVenture,ChIJ32nptrQhyUwR_HxsAny-dQ0
Féérie Festive,ChIJL59vaSyzyUwR3ncR79VCIqw
"Sherby LUX - Central, Parking, Renovated, Sleeps6",ChIJu79G8xCzt0wRDPbvOEhzC1U
"Downtown Sherby: Central, Parking, King Bed, Sleeps 3",ChIJm8CsaRezt0wRzhg5s9htWYM
Altitude - magnifique logement,ChIJKYRi_mnJyUwRhOod1vaCUrw
Vieux-Old Farnham Appart Condotel1,ChIJj6OLnpvAyUwR3VpLQ3CCVsE
Vieux-Old Farnham Appart-Condotel - Deluxe Queen Suite,ChIJ22plnpvAyUwR3Qgx3XrTYkw
Camera Rentals Vancouver,ChIJF-bkmdZzhlQRmo_7FOLqclQ
Riverside Suites Saskatoon,ChIJw5VQlyj3BFMRwkZetHelUuo
U-Haul Neighborhood Dealer,ChIJaTY5njKZLIgRB_UbE4Bo0P8
U-Haul Neighborhood Dealer,ChIJq2BeFd8R1YkRchYLUMFvlXY
Andy Boadu - RE/MAX Realtron Realty Inc,ChIJ92JlQ4oh1YkRlgWuchxn0mY
Khilafah,ChIJP9LNLzbh1IkRse5sCJNC8Gk
NEXTOVA GROUP,ChIJB_Rrcm1D04kR_hlJrFeHDRE
U-Haul Neighborhood Dealer,ChIJV81YMbExK4gRnoBlblts3p8
Frischkom Audio Visual Rentals,ChIJbxXyrqYYpEwRILdYdQs7nBk
Très Beau Appartement Paisible et Agréable Dans le Vieux Terrebonne,ChIJJXCmED7eyEwRoZaJDk991ko
Appartement Style Urbain Très Tranquille Situés a 5 min du Vieux Terrebonne,ChIJkZHDTDzeyEwRnalk6fZOCGs
La Campagne Près de la Ville.5 Minutes du Vieux Terrebonne Convient aux Familles,ChIJTVA_UjfeyEwRnmHnLZam9mA
3 bedrooms beautiful condo Mascouche,ChIJHV-p9izcyEwRN-yBqFjKLUA
Friends and family getaway! <br>Riverside and historic district,ChIJS-DwMVzeyEwR6b2AofBVJ8s
Le Karina - Vieux-Terrebonne,ChIJBUkrDkTeyEwRVgoSqB6IyUc
Fully furnished house for rent for 6 to 8 people,ChIJY8yziHgoyUwRSacqfp0GgM4
The Banton,ChIJoYhVhhUmyUwR1sW3A_kNWLM
TNK trucking,ChIJm2sOUwDlBlMRB9PdG_wMZhc
U-Haul Neighborhood Dealer,ChIJVRmSIQBfBFMRwvrBQMjzPuw
Home 🤍,ChIJB6lSaAAbzkwRnk6PasQ8Xg8
Maison,ChIJtQroegAbzkwRObCV9MZtEmA
Territoire Intelligence,ChIJt4RyOIMFzkwR5_rbKKo2gRo
Braine,ChIJk_ONWQADzkwRZ0wHtQWpO00
Domicilie Montréal,ChIJVUOcOgBT30wRrIzsQZIv9tQ
Jade,ChIJ4Y5HOwA1IU0RJafpXZFNKpQ
Maison tys,ChIJ36n4SgA1IU0R-q9aQo0ISOU
Anna,ChIJwQ3tRQA1IU0RgIsge5Q7gA0
Liam,ChIJRy2MJQA1IU0RXwYJqT8E_mE
Papa,ChIJm80pdAAzIU0RsK_UyS5VgUQ
Derek,ChIJ47dFcQAzIU0Rs-AUN-MgP5A
Meg,ChIJyRKLewA1IU0RP2eNwIr9vlM
Jay,ChIJyVsGbwA1IU0RNuMvsd66Yq8
Louka,ChIJNRoiKwA1IU0RgmsbNzqToBw
Maika,ChIJg5ZpFwAzIU0RukBfui7-a3k
Wiliam,ChIJGXiOSQAzIU0RfYaTtW63FYk
Didier,ChIJ9xAIBAA1IU0RYdlWlTAUgX8
Mathis,ChIJUdJrRAA1IU0RDRpAg-9_zNM
Vayda,ChIJFZ5CTwAzIU0R1J1vkiVal_8
Myla,ChIJAWIlEgDTJk0ROxHE6tzIPjk
Mami,ChIJS9ghPQAzIU0RIhO76zx30Wk
Sandra Skeete,ChIJJ897RQAVzUwRPuMit_47zNw
155 Curtis Private,ChIJe_gJVwAJzkwRhbABjsvFfs4
The Vanguard,ChIJFUyGZwITzkwRj4aVCv5e-Ig
75 Commissioners St,ChIJQ7WjJRDL1IkR_k9qlDVfyvE
1209 Voyageur street,ChIJz8yfCgABL00RZPfJ-sIP2WM
110 PimSt.,ChIJM_uOVQA5Nk0RHqYOwoJRreU
Streets of sault,ChIJL1A3LgA5Nk0Rpd1l86JKLmE
"Charming 2-bedroom apartment with WiFi, AC in peaceful Laval",ChIJQ-W0ugwjyUwRScouE_ELrTU
"Charming 2-bedroom apartment with WiFi, AC in peaceful Laval",ChIJS9Kv5HQjyUwR-pl4CCJjtaY
Laval Haven - Two-Bedroom Apartment,ChIJ3Qbaqn8kyUwR2xsMA6cEwWs
Beautiful recently renovated house semi-detached in Laval.,ChIJdV7rr5gkyUwRgLZIwiNz3pU
Modern & Spacious 2BR in Laval | Near Airport + Free Parking,ChIJeQZn6X8kyUwRp0m63sRL2Dc
Quiet City Retreat in Laval,ChIJb7xEQxIjyUwRmkmrUd91Nvw
Laval Furnished 1BR + Sofa Bed | Wifi + Utilities | Move-In Ready | 31+ Days,ChIJqfrZqn8kyUwRS_s0QGMJxsE
FREE PARKING - 2 BEDROOMS - full APARTMENT - in Beautiful Lachine - NEAR WATER - 15 MINUTE DRIVE TO DOWNTOWN - Two-Bedroom Apartment,ChIJbSpj3MEWyUwROD8K6mLlCag
Cozy basement in central ddo closer to airport,ChIJp7V5_mI7yUwRCk810eDzfUI
Villa in Kirkland,ChIJ5-Zoo-07yUwRPOnpASxbNDA
Chic 1-bedroom apartment with fitness room and AC in serene Kirkland,ChIJxRRwL_o7yUwRf1qbwUiuC6Y
U-Haul Neighborhood Dealer,ChIJlXEao68D1YkR9H7FF-tyH2Q
Mayra Giron Escobar Courtier Immobilier Résidentiel Proprio Direct,ChIJ_V27fs4jyUwRmE-8zbkQB-I
AKPI IMMOBILIER-REALTY,ChIJSerVFhRy220RxQdcMal8sis
Gabriela Artenie - Courtier immobilier résidentiel et commercial,ChIJO5eL32kjyUwRGOJ8ntK9B0g
Traveller’s Oasis,ChIJu9IOHgBD04kRIanYD9lBRpQ
Bureau Real,ChIJT7_dna93LIgRugRL67yepLc
2280 rue Cézanne,ChIJSYwgaACZuEwRsbXJQMeBlfU
Maison,ChIJ1SNZQQCfuEwRqzfJp2Pbc8g
Ste-Anne-des-Monts,ChIJyzRWcQDFkEwRNPuEdJGyYlE
Home Sweet Home,ChIJrYIWSQCHlkwRQPKRunF9pIo
Rimouski,ChIJM7oSagDblUwRPVMgYZw04OI
"218, Msg Plessis",ChIJKwR1FwDZlUwR4qBLMvFy68k
Rue mon seigneur carbono,ChIJ_bcPIgB3lkwRVDt0UkqnP-I
Synergie Phare Immobilier CEV.,ChIJ7V6MVAo5vkwRiYdxEWX6Ar0
immeuble a logement,ChIJMexVEgA5vkwRPyankhqPiFo
71a rue fraser,ChIJmU86KwBHvkwRV8k4t460Z3o
Tracteur serge Lessard inc,ChIJgSVJfAC_uUwRkhIWLS4CtYU
MAISON,ChIJc-eMBgCVuEwRDydtvQ_USRw
Résidence Tommy Giroux,ChIJByGdNgAxuEwRb37XATTruoo
Domicile résidentiel,ChIJe75QWgCTuEwR8uvfe7iTYz8
2030 ave Vallée I,ChIJK-JgLgANuEwRCSxhMwb2KuA
M Le Complexe,ChIJV_osFBP1uEwRSfoAGSJJX-A
10390 hidden vally road,ChIJ2X8iEgBlcVMRo-acHj9jsss
Crouger alberta Canada,ChIJlRjQeABvcVMRuV7ZY1QA24g
"91 Setonvista Grove SE, Calgary, AB T3M 4H9, Canada",ChIJH7JKewCdcVMR_p4g-77I1SE
Aetos Homes,ChIJFYL0GwCdcVMRqI7TBlLNXsA
31 STARLING PT NW CALGARY AB T3P 2V5,ChIJaWvYNgBncVMRH4_zURDty9w
Lewisburg Short Term Rental,ChIJ5bmHGABncVMR8oKtJZgtqIY
Sage Place Building 3000,ChIJEYvJGABncVMRV9H_xEK1-_w
Lochearn Apartments,ChIJ4zlnYebZdVMR8Pds0OSdWDI
Arcadia Place Apartments,ChIJeU8MdQAjoFMR14lxTAzs_kI
Z-Ak,ChIJI5EuCwD1BFMRaMAzD520z3E
Baydo,ChIJkfdfRQD1BFMRVIbhKoZz7XA
unit 301 Mountain view 2BR in Canmore Down town - One-Bedroom Apartment,ChIJ2XEFv-vFcFMRY_VTUd_wQ5Q
108 SUMAC LANE KITCHENER ON N2R 0V9,ChIJZYQcVAD1K4gRUm40dps5fq4
Mill Run Suite Apartment Building,ChIJxYfgUwCJK4gRbouRqP1fy1Q
21 Arding Circle,ChIJM6VTcgBtLIgRTbieTrbyhiw
Akshar,ChIJ8cpFUwBtLIgRqhdeZ2FtkOo
206 Lynn Carrire,ChIJe398-3sLKogRX79Fw6OPkXc
Hawthorne Stratford Apartments,ChIJ0_AwKwCtLogR4UmyPA6SZxg
129 Ash St,ChIJ-3XEPQCtLogRy4kTsdDxfaY
Unit 76,ChIJgbZPTgDtLogRObRKD796RHg
Campus Heights,ChIJ-fulh8WL1YkRRJ6WexzZzIU
Leah's house,ChIJiUGndQB71YkRnjGr1IVK0WM
Sajal ‘s home,ChIJFcK8LAAd1YkRHCZC52CkOog
Terese,ChIJfUYFEwAd1YkRaCqziANtkUs
Anotony,ChIJaVRieQDf1IkRA-QfgF_qxN0
Sharmas,ChIJKZW3HgAf1YkRzvNJ_aTX5FE
Casa,ChIJX6tsLADxLogRX_gnRqp4ipo
Lovera Dress,ChIJ7ebiV_3xLogRvy0U40VDzJs
Unit 28,ChIJ496jUwCNLogRpM4kuIB8kzY
Symphony Estates,ChIJo8P8EgDVJIgRG-BWPzYIucc
Sattar Family Home,ChIJDXezaQAtO4gRmLBbxL2Ho94
Jake's Place,ChIJ56K0_iexKU0RMueNcFn_oW8
57B Whitewood Apartments,ChIJA1HibQB7Jk0RGn47OchSsnA
Royal TV Mounting,ChIJZ6niiBNDK4gR_NMskMekZUM
Bulloch's Retreat - Your Own Private Lake Side Resort!,ChIJaSfN_EcfLk0RgN9HXiR_PM8
Beautiful Private Island,ChIJ320LwlUDLk0RxKeZy-E_T9c
Pet Friendly Beautiful Secluded 4-Acre Private Island,ChIJ-XJXhqoELk0R_YKLuW3MWn8
Cozy cabin on a private Island with amazing views & great fishing spot!!!,ChIJ414ID3cQLk0RvVPsMsvGeW0
McGregor Bay Heritage Log Lodge Pet Friendly,ChIJ5Z7hv94PLk0RVjGdnaoF_MY
Mohawk Motel,ChIJ8TDOUo_pMU0R543R9c7MAi4
Pet Friendly Jumbo Island,ChIJ5Z7hv94PLk0R7hijTQkZm_k
Beautiful 4 Acre Private Island ~ Secluded Getaway ~ Truly A Special Place!,ChIJPy1XhqoELk0RUdwjZoork2s
Rosemount Inn - Deluxe Queen Room with Balcony,ChIJhUVm5QGr0kwRbfl6VjGv4ng
The Art Studio | free parking,ChIJg_NYG6yr0kwRcdKeSV2qYYU
Prime Location Duo Nest & Rest,ChIJg5ItwOqr0kwRc2SrQpg1KuI
Cozy Bachelor Apartment at Trillium - One-Bedroom Apartment,ChIJXc1eON2r0kwRx6GcQPWYiaQ
Modern & Renovated 3 Bedroom Private Unit - Fabulous Value,ChIJyzG0UGCs0kwRdKCTglJqccE
Beautiful House 10 Minutes driving to Queen's and Downtown Kingston,ChIJJVFxMcqp0kwRRUu1a_jX7mc
Lovely Place - Double Room,ChIJuTxNH2Ss0kwRrcJbq1GKbP0
Modern & Quiet 2 Bedrooms - Close to Queen’s & Downtown,ChIJm1fzp3is0kwRvJVmqG-QmEg
The Only Lakeview Market View Downtown - Three-Bedroom Apartment,ChIJF-020_iq0kwRTxD1L6nHlFY
A Cozy Country House - Family Sized w/ Game Room and Large Property!,ChIJN68chgOp0kwRiIGWuW4Q7W0
"Five star equipped 4 bedroom plus pull out in bsmt, near lake, downtown/Queen's",ChIJeamG73is0kwRHiu4Aci9QGI
3 Bedroom Gallery at the Harbour,ChIJxU_riGyr0kwRaDPlixUZZtg
Dwell Aparthotels,ChIJaxY4kqqr0kwR6Y9PARdMzw4
Luxury Penthouse Overlooking the 1000 Islands,ChIJd0mikMJVzUwRUqsT9t3_X-g
Kingston Comfort Suites - Unit 2 - Deluxe Queen Room,ChIJG5HWN2mr0kwR4a6Z8HzQuu0
Newly Renovated 3BR in Kingston’s Desirable West End | The Yellow Door Retreat,ChIJmbg2Snqt0kwRMnyPiOPj224
"Quiet, friendly neighbourhood with nearby parks.",ChIJQ2nHxr2t0kwRiJzHI18ItJ4
Newly Renovated 3BR Home in West End Kingston - Three-Bedroom House,ChIJxUs4Snqt0kwRRrItkgrDiHk
Bayside Inn Waterfront Suites - One-Bedroom Suite with Lake View,ChIJOcSjk3Ot0kwRfc4OxyeDD1o
The Lilac Bungalow - Three-Bedroom Apartment,ChIJywR8CaCt0kwRJbnRYou36uQ
Family friendly neighbourhood,ChIJ3_u6H72t0kwRrB2Ab4djDSs
Cozy downtown two bedrooms free parking,ChIJE6YL-aCr0kwRDpWGHS_CXDw
May Flowers - Double Room with Private Bathroom,ChIJjZNzvRut0kwRPzYWpoW4Byc
Home Away from Home - Relax and unwind in this beautifully decorated 3-bedroom,ChIJj8L3ALit0kwRUE1iMtNXHc8
Modern Home in Odessa | 17 Minutes to Kingston,ChIJQX0fbHC00kwR7ZgwgKnJdSA
Spacious Studio Basement Apartment Horse Farm Stay,ChIJ2UpfBGO20kwR2VW9f1aJ4XU
Cozy Home Away from Home,ChIJ4-_k0t2t0kwR5_Fm-h39Gzo
Historic Apartment Downtown Kingston,ChIJ-0Kmff6q0kwRaKrB8jkzoQM
WOW Trailer Rentals,ChIJjevH8wZ11okR7VWIC_PkyeU
United Rentals,ChIJ77irJUBxhlQR4vyqps_DMbE
Match Made Mortgage,ChIJF3PxdqsloFMRSBE0NMk_5Wg
Sunil Reddy Etikela - The Real Estate Professional,ChIJtzB7PHsZoFMRqfi4BkNNp40
Jordan Ceh Century 21,ChIJ6xTFcwCPn1MRHsTMwnjXziI
KW Signature,ChIJn2m4_-ErO4gRqcjEOkY3QRE
Harmonie Nature,ChIJv5QCvVnf0UwRgTDSDw1KA7M
Stephane Cloutier,ChIJd1NGvV03tkwR3E8_qvdjfFE
Groupe Mercier,ChIJLa204j3nyUwR5_qZw-7mpsE
"Karine Asselin, courtier immobilier résidentiel et commercial",ChIJvRqKsUtPyEwRjUgoqgi0l5M
Le Baküs,ChIJ96b3GFRNyEwRIwArYhufQ4M
"Kelsey Belluz | Realtor, REMAX Generations Realty",ChIJMdl9DmsfLW4RueldkWkAFyo
Olesya Sokolova — Make Ottawa Your Home Realtor,ChIJdbxgYVcHzkwRd4pos-Zdaoc
Toronto Regional Real Estate Board,ChIJmwlyUETa1IkRlYZsAIlJMtI
Paige Matheson - REMAX East Coast Elite Realty,ChIJY4dZJ-IY4kIRTybcYmTv-Uo
"Courtney Gamble, REALTOR®, - Keller Williams Capital Realty",ChIJN-yKeiatp0wRaegwSM7iYZc
DUMONT Construction Inc.,ChIJ_2PqKgD1uEwRVWHnGM26mkE
苹果房子,ChIJc_UUNADBOogRICQnFxum91Y
Celine Dion version wish,ChIJeyzEJgARyUwRt7zG_MJwpt4
Molsirie House,ChIJYa5WRAD5L4gRvjQJyh_RnZk
Kim Veillette Courtière Immobilière inc,ChIJtXNo-zErz0wRK5XVJhU8fNM
Sarah Lamb Realtor,ChIJfeT7CIINj1QR1iKczy5FUjw
Dashwood,ChIJ8eVHJXGJiFQRKu9GopJJkJw
Morningstar Creek,ChIJJz43a2SPiFQRUeff6WM3DpU
Loué par Mme Elyson Bergeron de chez focus Multiu,ChIJf_N5AgD5wUwRvF-gLU-JGrQ
Domicile,ChIJHarxHwD15kwRvzwdAXNUlkM
Collection Immobilière,ChIJxelBNk_Px0wR-_lQhriju7E
Roy,ChIJc4d7LQDLx0wREr8bg9A8us0
Nathalie,ChIJpSfeRgDLx0wRtrY0AWyXj-s
Anaïs appartement,ChIJNyQhVwBLxkwRO5ITxliNRXE
577 1er rue Lapointe,ChIJP9aJfwBNxkwRNs3zOoMK5vg
1830 ovilade demontigny,ChIJp-qAYgBNxkwRswGeDjPvZTA
9275 Sherbrooke est montréal,ChIJb-2kGQAdyUwRQPazhk8z65k
RPA Rivière des Prairies,ChIJM6UtHQDhyEwRfwma4CSWFMA
Résidence,ChIJrcylHwDhyEwRcvNvNrxr0HM
Rd’,ChIJa72GaADhyEwRRQJ_7fUTZUM
Maison,ChIJYydxOgAfyUwRVQVBFTvkjkA
Deux écu,ChIJZU7pTgAfyUwR4wHHK2-fQDs
Groupe Rehoboth des Freres,ChIJ2-rQdwMfyUwRVSnk-S1f6IQ
Domicile,ChIJSWj8SAAdyUwRW7IeWGWOa20
2000 boul. Angrignon,ChIJL2D5UAAbyUwRJEqFsGsI16o
Rivacore Surveys and Locates,ChIJF1RRD3khK4gREyIQJmxYzXk
RE/MAX Millennium Real Estate Brokerage-Mandeep Bedi,ChIJ1X7LJcskK4gRk2XPNeDTeAg
Ragwin Pai,ChIJv0aV37Q0K4gRJcGi33NPdAc
Fifth Avenue Homes in Tillotson,ChIJUxShKYCZcVMRwIEtnxX4iFw
Broadview Homes Calgary | Dawsons Showhome Duplex,ChIJY-mKnkd9cVMRZkNntP7BaBA
A Slice of Heaven in Chestermere by Eagles Wings Homes,ChIJPb6J0LR9cVMRLGq4EAJHI2o
Joanne Edwards Real Estate,ChIJnfT5S-bvhmERmLQqITK-UoI
Hayley Redmond DT Real Estate,ChIJVUDfUyCbLIgRo9VW0nV8ZbA
AKS Group,ChIJTYacmsHR1IkRMThoajjA_xU
Hardeep Singh— REALTOR® | Gold Empire Realty,ChIJ8R8EiVreIa8RA086bltdKnM
"REALTOR® HARJ DHALIWAL, London Ontario",ChIJr0Kl677zLogR4hZPwoTTgJ4
Option Courtier,ChIJfYxR75AbyUwRXAWErpbGy7g
Jean-Francois Therrien Courtier Immobilier Inc.,ChIJ5z38Y2rO1KYRwHjLlSdQvMM
GIG,ChIJec7fvmYbyUwRldSLGGScMkQ
Bek Yas - Sotheby's International Realty Québec,ChIJHeQio62bBQwRKpn3ZUcE2VQ
"Olivera Mavrak, Real Estate Broker, MCNE",ChIJMayuxm8tK4gRDGMLVeA4SBQ
Parisa Fallahi –Real Estate Broker| Mortgage Agent,ChIJA2lZCfScIokRtfX3WvY7K_Q
Michael Verrelli,ChIJRbmNRBUvK4gRvPkF7FXuICA
Royal LePage-Andrea Ferro,ChIJq6pqrXkvK4gRl53Br7FmfR8
GO Inspection,ChIJ916GvuIpyUwRyHU_EVM2lN4
House 929,ChIJr4-BbQDLp1MRADHaE3B6glk
Kimberley Schwarz - Izon Realty,ChIJ8yeAa9zIDo8R604wM5HwBQc
Ellie Stevens Real Estate Agent - Kamloops,ChIJj2AC7sctflMRVzY3_APpyGU
Darrell White Home,ChIJo7q5LwBZo0wRrrzXPigqsuA
Westmarket Townhomes,ChIJqRRmloEdHFMR7CapkLXi9CA
Wingspan Properties,ChIJIZDfNAB7AVMRUHDmBipZiaM
Habiganj House,ChIJUdwpSADzBFMRD2T6STfFoo0
"2820 Rosewood Dr, Saskatoon, SK S7V 1R8",ChIJ91WedQDzBFMR64R3Jhyf53o
"963 Traeger Manor, Saskatoon, SK",ChIJSdleNADzBFMR8xL1yT3AB-g
9160-7580 Quebec inc,ChIJKSIzNwYfyUwRRPj3x1Oi0eo
Agence immobilière Century 21 Pro-Expert | Résidentiel | Commerciale | Industriel,ChIJcYPPlSYZyUwRDXMDemfWw7Q
Parasaurolophus Properties,ChIJ-f2nFxSVK4gRvYvNx0ZUAig
Sunrise groove,ChIJb0vkHQC_K4gRZV7XU_VPSkA
Roberts Realty Haliburton,ChIJe61Kt6Sp1UwR48G3s-vRssY
Durrell Street,ChIJdX1VBQC7DEsRLDOHePrMoQc
Lukey’s Boat,ChIJF7HOPxNReUsR_3jpVD2BQwo
Felix Oyeleke Real Estate,ChIJvZ5EyvejDEsRpcrhWjT0R28
RUDY MALAK : Re/Max Experts,ChIJq6pqnq8oK4gRTNnJu_64xcI
3807 A 54 St,ChIJIWwcGABPdVMRAwpUqUd60ng
MUSKOKA FOREST,ChIJIZ7nHE1yKk0R_xbVa63Fiw0
Bob Gaba Personal Real Estate Corporation,ChIJuYL6XAtxhlQRZe-Czvf-TMA
OAKWYN REALTY: ANDREA THIESSEN,ChIJ__9PiepzhlQR0ig5KHeyf6Q
"Platinum Homes Stylish 3BR Home Near Moncton, Dieppe Airport Free Parking - Three-Bedroom Apartment",ChIJnfZ_g2S8oEwRomHgOwI_ROA
Ruth - Duplex NB,ChIJZ5RxJgB1hlQR7ItLUoV8Zfs
Curated Real Estate Group,ChIJGy-pf0LOk0QRFPU5VsteD4s
Joseph Moubarak - Real Estate Agent & Mortgage Broker,ChIJLQYGLfYZyUwR0klesbr4RCk
Antoine Laurin - Real Estate Broker,ChIJu-VQQr0XyUwRvQZCHvYULK0
Domicile,ChIJ8xUmRQAhyUwRZWpqDWq_blU
Abdullah Gagi Home,ChIJPfTHOgA9yUwR17hII_tSYqE
Nik Poulimenos | Broker,ChIJ138JGc_1K4gRNFU5SeLVIfA
maison 2,ChIJ6VLMfAAhyUwRq2sjRs4pZCc
Eric Denninger - REALTOR®,ChIJn-bCG7ZlLIgRkbZ2Palyefk
Angela Swimm - Realtor,ChIJMau1uYQfLIgR6TmAs86RgZM
"Remax Realty Specialists Inc., Brokerage -Jagtar SIngh Broker",ChIJqwuNggQfLIgRVskAn-B4zYc
Maison a Claudette Poirier,ChIJhR5LYQCpl0wR1m321MQqJqI
Domicile,ChIJWTF0JwCTuEwRMvvWo755HZY
Maison,ChIJ-bOvYwCTuEwRNnveC7RUynE
IKUN 公寓,ChIJ3ZVcCgBTXksRCoyST8DzSk8
Maison,ChIJQVFLDgDzkUwRvllxTPMly5E
Maison principale,ChIJCxWPXACVuEwRvFwXJ4n_704
"Préaux,Nadine Germain",ChIJbxFPaQCVuEwR-29SRKnC3d0
Domicile,ChIJP_MpRwAhwEwRa_3UIKEulFs
Hastings Cove,ChIJk_b6i1etp0wRcI-0tcPPL08
Brady Seib | Realtor ® | Swift Current and area,ChIJ4yc8gzCY7wERmUl6C1t6gMA
Ansh B,ChIJswwEaHnbhVQRyp1sdpI3Ak4
Jerome Michael Personal Real Estate Corporation,ChIJB2E0yQjbhVQRyn5FQj7ZVWM
Harjeet Raju,ChIJi0vPvbjZhVQR1YHzf1lKEg0
Sandy Sandher - Century 21 AAA Realty Inc,ChIJ5cREdS7ahVQRI2buZ-iMt3Y
Kootenay Association of REALTORS,ChIJAQDwmrHQhVQR2D6LNF9fk4s
1 bv Léon Couture,ChIJBQy3ZAADuEwRc1Hu4UOcnac
LA Developments Ltd.,ChIJV6WGN7f1BFMRf8R_3kBp3mg
Courtney Smith | Midtown Toronto Realtor,ChIJiaPQtr8zK4gReNI1PppNwZU
"Bosley Real Estate Ltd., Brokerage - Julie Richardson",ChIJ__9D65_M1IkR2qg42GmGjaw
Shannon Barnett - Sage Real Estate Ltd,ChIJlQBhzT4zK4gR7zozmuunKN0
Cornerstone Row NE,ChIJrzaDGgBjcVMRMAiifKotfN8
Duplex,ChIJ1U09YABXdFMRYImfC4HLt4w
Eagles Rest Estates,ChIJWwwjSgChKogRR_ATyW5wJUY
251 Dawson Wharf Rise,ChIJiz2eWwB9cVMRJh5HEgnIPco
Maison,ChIJCagRDAB5t0wRRovVEUPMBdw
Résidence,ChIJefFVIwCRuEwRsJsEiOC5nxw
Olivier,ChIJL2pwEACbuEwRVp4lEAm0OmI
Ask Leo Greece,ChIJBzDL4JWoL6IRT-KX3Ew-AeE
Stephanie Erdt – REALTOR® | Summerland BC Real Estate,ChIJQUu4uOBlglQRTDF68yW1fPA
Mike Basran,ChIJb7P3cQotflMRPTwYvZJqSbo
Aviva,ChIJq3wUOADRhVQRn4TY8IhO-sc
Mélody Viens et Sean Gauthier,ChIJC2okrp4XyUwRvZpcmCgrNV0
Ferme Bonaventure Inc,ChIJYXehdABtyEwRUwrOcEOSVxo
1781rue fontainebleau,ChIJ32a_HgCzt0wRHgIb4ZDQRY8
5807 blv René Lévesque Sherbrooke Qc,ChIJBSY8RQBLtkwRt5_2PHr3arQ
Scott Bromley - Royal LePage Martin-Liberty Realty,ChIJzeItWaaX51IRtr2mbdrMXFs
Sinotte Crescent,ChIJLVR1PgAlVVIRllqSo9DBCTg
Rose Villa,ChIJ9-zMRQDzBFMRt7skSIrGFYg
Sahej Riar,ChIJJRnhTRMhWksRfSHw16KA4IQ
Kalpesh Patel,ChIJQ2EjQQDzBFMRVqD_UZFaPWg
"Kimberley Smith, Realtor",ChIJKREeOiCtLIgRbGRZpX4lmAs
Sina Karami,ChIJx2SuXIOWeGsR4t2qMcHuci0
Rudy Arci - RE/MAX,ChIJWyS1WjkvK4gRQhKdElV6pE8
The Beachlands Experience Centre,ChIJKZl6TYgNj1QRgh9uA5MQ4GQ
Zackery King - Real Estate Agent - eXp Realty,ChIJm4cwAmmjDEsRwqjuzgYsmfI
Alberta wide wale,ChIJyY_DQQAZoFMRTm1AEKRbfxw
Tamarac,ChIJT_pCXAAZoFMRn9HzHFcHT6Y
Jessica,ChIJt_PaXQAloFMRLgb3Erhfge0
Maple Royal Realty,ChIJYzPoWwAvK4gR8FpdGb618S8
Les Immeubles Home-Pro,ChIJV0IAKAAZyUwR_CubiVhsm8U
380 boul cure labelle,ChIJlc-FYgAjyUwRwrO_U2pQDYM
Chalet Laval,ChIJZekcRgAnyUwR-YLgZekzNwU
Maison BELEDJ,ChIJPV6KXAAjyUwRk6w_QlBB9QQ
Jordis Wearden,ChIJUevct35CJAoRbfxJMfnUYPU
Commercial St,ChIJeSB8ClUdaEsRUjSs05S-S3U
Cloria,ChIJ4S5yEAAtz0wRfzTJRrkGFTc
PaulArd,ChIJxYZxBAAtz0wR7iKBFGOuH6o
Maison,ChIJU4SpGABryUwR0aj-K8lMa-U
Audrey Lajoie - Courtier Immobilier - RE/MAX,ChIJ09KLMPXfyEwRDfq0ccefyio
172 rue glendale,ChIJ0eKUDAAnyUwRK0H8KAJK2dg
Jimmy,ChIJf0zvLADVyEwRLbhymECQpyo
Maison,ChIJk_4AaADfzkwRQi6vWNHCWzI
François Hebert,ChIJwc3OQQDhzkwREg85MQ861-4
"255B, avenue du Centenaire",ChIJ63HufAC1uUwRHcaACBe8FS0
Maison,ChIJJb8DSwABuEwR7c-dbUqbpNQ
702boulevard baril ouest princeville,ChIJMYdeFQABuEwR4hBlVZ7kwPk
Maison,ChIJ4ZAOIQAnwEwRwB9mz9mKy7E
Le Madrid,ChIJQZkbUAApwEwRp7EFKyr1p3U
Beothuck street st johns nl,ChIJB-vnVwCjDEsRMRikyaUsivM
Sabrina Tremblay cils,ChIJ3006TwApwEwRM_zLKx8fmDc
Bouffard Law Office,ChIJCc7WHxVVLk0ROomIVMoJdBg
Sai Bhushan Realtor,ChIJUx-QXQAhWksRg6KiRL3PJiQ
Lexie Stienburg - Press Realty Inc,ChIJgwRa2rruIyQRJ6P8nAd1z-k
1704 6 Ave north,ChIJl2DMXwCHblMRIicENJwUoak
Unit 304,ChIJR9WXCgB9cVMRqT5mcZackso
141 Prince Court unit 451,ChIJSdTaNwB9cVMR4L2vhU8kslg
Park Group,ChIJ52ckfV01K4gRd5DHRsRIsnU
Courtier Hypothécaire - Stagiaire Michael Venne,ChIJB3GbBHMFyUwRvWH0qrxgfRk
Audrey Lajoie,ChIJH9UTDPbfyEwRi0_Q5dJK2CA
Osi Onebamoi Real Estate Services,ChIJ7eGQ_oJxhlQRIm3v8i5RB-U
Vantage Point Realty Ltd.,ChIJk184sskdKogRaBkFuX2Bu4E
"Mike Stepien, Royal LePage NRC Realty",ChIJzyL5baM_04kR2zr5ZXDszwk
"Shawna Boudreau, Royal LePage NRC Realty",ChIJ7_tQkHBP04kRiNEju5YbN8c
"Mikenzie Binding, Royal NRC Realty",ChIJQ5pelvRP04kRcNCTtVQInO8
29 rue Elmer-Coffin,ChIJLeKAcwAVyUwRTwFIz2Oy5cE
Natura,ChIJ8wsUTADZyEwRjtBpqrxpXJE
David Jacinthe,ChIJ834uMQAdzkwRXuzJX5z5rz8
15 McConnell Crescent,ChIJ1RtYLQCHKk0RxzecRYbiu4E
722 Ducharme Rd,ChIJfbH7MQB5u1IRXD-XCrKz558
"Maggie Horsburgh, Realtor",ChIJdx6hGIH1K4gR_8S7dPFX_Gg
Realtor Nav Singh,ChIJP1NObl49K4gRK9xCzD_moDg
CHARTWELL RETIREMENT HOME,ChIJETP0fQCJK4gRIZvZWAizHHE
Keanna Levesque | RE/MAX REALTOR®,ChIJzzHAMTuJK4gRPNCWjWDI2uQ
themarriagerepairroom,ChIJ2dKwEuntLogRiOVUx8uvk-s
Chardikala,ChIJpYXmHQD3LogR9VM0BZQLNdM
Century 21 Your Choice Realty,ChIJda0eDrCIzUwRNZMp1Gcw6E4
Dyer Law,ChIJlwXmf4t51YkRMV3SFK1X4Og
David M. Peacock Realtor,ChIJFTiV9SeN1YkRwFFXwkReYGE
Global Surveying Svc,ChIJVzxHjw5VLk0Rhlej9UvpJw4
"Sohail Law Group - Real Estate, Civil, Family and Immigration Law Firm",ChIJ4fTTxjY5K4gRBTXwoBoiHcU
Chris Smith-Broker RE/MAX,ChIJK5NPcwDvLIgRWa35QfT-V34
Hindolos housee,ChIJiU5ufQAN6lIRQ1BpwkgPtrE
1860 Gemstone Drive,ChIJg7tqbABJwlIRkXdQEcdUOuU
"M2 985 Wardrop Street Morden, MB R6M 0C7",ChIJex8HSQBRwlIRbTJb3dQ3LhI
Paradise Developement - High Point,ChIJJc1lsoUTK4gRSvyLlJZuZuY
Jasbir Grewal,ChIJwz8WX14UK4gRwyBiwTl4k_c
"18 Rue Denise-Marleau, Drummondville QC J2A0N9",ChIJ3XHjNAAZyEwR_JpOPClgP2w
3645 Rue Robert,ChIJP2UeUgAXyEwRinve92xUl70
45 Bridge Street West,ChIJqzIdbAAl1okRad0ohbY7CdE
Maison,ChIJo9mSbgARyEwR_GqoZZqUOB4
Eric St-Germain,ChIJ9xcUbAARyEwRPh_ZvzoPFCM
Maison,ChIJia-eNADPyUwRo6-zkokz1hs
265-275 rue A.-Janssen,ChIJo0HwaQDPyUwRatjqiL4k884
601 rue Fréchette Marieville J3N 1A2,ChIJ148eewDPyUwR90LXMT2CJkY
El Casa...,ChIJ8bEdUwAbyUwRJ3EA4iFIqdU
Maison,ChIJeYecRQDnyUwRBhX44-RraV8
Georgio maison,ChIJTRCwcQCpyUwRC2KPJWApGhA
"2214 rue Séguin , Longueuil , PQ",ChIJzQ5gcQAbyUwR8BCYsQqiExw
Casa,ChIJpS8ZYwAbyUwR44NtgFbvhRM
WENDY TAI PERSONAL REAL ESTATE CORP,ChIJ3TsH68ZzhlQR1T2-z4-P8VQ
Latte,ChIJ4fTiPQAbyUwRskfCvzh3PpY
Héritage du Roy,ChIJtQbOOADtyEwRhTnuerMK02M
Jérémy Soulières - Courtier Hypothécaire - JA Hypothèques,ChIJWUVpd50HyUwRK-T-sRIYUq8
Saran Commercial Real Estate,ChIJ5VTBsvq9KogR2U0TOkGj63E
Westbridge Consultants - Development Feasibility,ChIJB4BhhZh1hlQRwpckkOoEkH4
Royal LePage Peifer Realty Inc.,ChIJ_xTabwCzOogRT5enRf9oTlQ
Burnt Island,ChIJrdrBuIcXKU0RxyN4Ljut6Dc
Samantha Meyers - Halifax REALTOR,ChIJ5ZRKuRp0oowR5EfGeOiToPQ
Sophie,ChIJZ8bVMQBR30wRVYkiCEfnz1k
VACOUVER CANADA,ChIJFT4ZYQB1hlQRfJv2OBX2-zA
Uphaus,ChIJ7wStFHlzhlQRrxZD08t7b9k
basement,ChIJKXZBIAB3hlQRauSmYgUe8E8
Marlene Alcon Kepka - REALTOR® (REAL Broker),ChIJTT59r5NxcVMR30iOx3dyu60
92-2 rue Crépeault ( entrée à l'arrière.),ChIJMdYiLwCTIE0R9mbcBJeRlFE
Jini Janan – RE/MAX Metropolis,ChIJvwEOHSMMTEYRu4Fl3gAQ7kY
Claire Soleil Homes Ltée,ChIJo1l-JgARyUwRgVnZBbk4qNc
Matt Del Tufo - Real Estate,ChIJte4FrWspK4gRnnDrvxHfDWw
Jessica Wong,ChIJp-M05hF1hlQR5Q5R-MAYfks
Gunning Cove,ChIJpcgnqruRVksRanEaSY3JIS0
Sanjay Kumar,ChIJ4agSEYLbhVQRx4o1nyN7nE8
Chez femelle,ChIJrZ5QIgAxwEwRGNZNheGnYKI
1590 rue de Port-Louis,ChIJw-DrRQDJx0wR08gUyNsNG_w
maison de daddy,ChIJ06fnUgAdyUwRl32wb8Q_6oc
Maison,ChIJu60ZJwAdyUwRDWBEoqx1gAA
Alwin Antony - Realtor®,ChIJm714DQQVK4gRj8lbU7TbG5M
Gagandeep Gaidu - ReMax Centre,ChIJa0qGs3V2_kgRKZGIaVzzdrw
AngieKonialian,ChIJMdd5pothK4gRnK-88cRkOCo
Mohit Goyal - Mortgage professional,ChIJedSxbV1z6lIRQirNtAtp58I
Aloba Alliance Real Estate,ChIJtXgPhmx16lIRolzn8a7ASXk
Hudkins Realty - Grassroots Realty Group,ChIJLURtIRuRkFMROtOJnwX82d4
Maison,ChIJVaAsKgCXuEwRv45nlbzT0W8
Ironback.ag,ChIJt-WKsYXZdFMRj3i4LB4DUv0
Pam Chai Real Estate,ChIJw622vFRxcVMRBadm6nGpxzc
Alix Halpen Real Estate,ChIJO_ixEdRxcVMRNNCVK9vGoFY
Evergreen estates,ChIJzWKZcgAthFQRkYMGs-A1ARM
Maison,ChIJy0K_fQA3IU0RgoKO3_AHfww
Lou,ChIJnxj6UQA1IU0RJRKBBH3_k2M
Noe,ChIJt2N8cAC3Jk0R_nLPzvpml_Q
Noemie,ChIJdSnXEAAzIU0RqUDD8RV3Yfw
Rosa,ChIJkUMdYQBLIU0RJz1aLDXUAfM
Pawan Sharma | Dominion Lending Centres – Mortgage Broker,ChIJ3SSnvkUfoFMRrQZmR23Vc20
5373 rue gaspe,ChIJJcn4RACzt0wRvsfAr49pI_A
2278 chemin des patriotes Richelieu,ChIJpV-aIADNyUwRBLu52aQnSZk
Maison des aînés de Granby: Missison Unitaînés,ChIJw1k6FQDPyUwRRCSC588rNSY
Rancho De Los Reyes,ChIJZebBTgD1dFMRwN2Py-NnTtY
Lorna and Jeff,ChIJuTtjKwCzdVMRCQx9FoJtPYg
Sidhu home,ChIJ63hiHAADoFMR4jdzaGc6BJE
LLG CONSEILLERS JURIDIQUES INC. - Saint-Rémi,ChIJPbVqc00TQ4ARZjVC0HF92CM
Gabriel Trépanier - Courtier Hypothécaire,ChIJg6_FCBUbzkwRX9n1A0KxZX0
Kelvin Doore,ChIJj0tooeF1j1QRxfrL04rbjI4
Multi-Prêts Hypothèques - Tanya Forest,ChIJ3bGueZIxz0wR2xuHXLXYXJc
Mark Dalton Real Estate Broker,ChIJj_C3Zv6biFQRs5MfC3gt-yw
Amandeep Arora – REALTOR® EXIT Real Estate Professionals,ChIJ4_pnf0yCagURwN4i3cOy1bM
Pritesh Bharava - Mortgage Alliance,ChIJ2UGw648zI24RrPci6arDGUo
EXP REALTY - SHAHZAD INAYAT,ChIJW9DXU3JDK4gRgeiHfwy-GR4
Susan Arendale,ChIJCR3reFZdK4gRgzgQPl8RO8Q
"De Bousquet PC, Litigation & Employment Lawyers Oakville",ChIJ2-TA0BhdK4gRU-UwHNX6Gxg
RE/MAX Aboutowne Realty Corp - Jackie Peifer,ChIJRyraC5hdK4gR96DC_7V_q84
RE/MAX GOLD - Gurdeep Dhaliwal,ChIJ35OjOhM9K4gRibC7gS0sjWc
Sunny Tiwana,ChIJP-vNXukXK4gRzMMAybUD5bs
FetchMortgage.ca,ChIJAcsctOV16lIRBLJKU4J7YT0
Groupe Immobilier Supérieur Inc,ChIJDS_tEWgayUwRwFlp3FOkIGs
Lee Plouffe,ChIJn9FDpEdhK4gRagpXDRnp7xo
Breanna Wilchiw RE/MAX Real Estate,ChIJqU82tPcHoVMRzyTyxqFFb9g
Maxx Cash Home Buyers,ChIJ33J47k1sSYQRcO-1YSsJvI0
The Saphire,ChIJSUBGrfXfwVIRriUTIjOm1Us
Fiset Légal Laval,ChIJxUptKwAlyUwRu8ySdD4L6Nw
"Haley Winsor, REALTOR®",ChIJ8e1q6Sr0K4ARbCX86Zmwnmc
Residence Jardins Laurier,ChIJm_NBojwbyUwRRAKQzgZwL2I
African Food Store,ChIJZayh8uUBKU0RcVcPpNQWMVA
Audacieuse Cuisine inc.,ChIJ2QwrpVQDuEwRZREJANJ4bYI
Pizza Pizza,ChIJOfnO5CLJx0wRtkDLT8ic56s
North Bay Raw Dog Food,ChIJ4UEzWIb_KE0R6M8dDbOcZgU
Shree Tales,ChIJK2vX5nEBKU0RaQqrEwMRgHQ
3 Bedroom Detached house in Toronto (Danforth area),ChIJY2eESX3M1IkRp7563i9koJM
Luxury detached house in Etobicoke/Toronto - walk to subway and shops,ChIJuxP7b5c3K4gRhyYGke0wsqE
"Fully Detached House: 3 bedrooms, 2.5 Bath, Living & Family for Rent in Brampton",ChIJQbWyU0UUK4gRfDLSbyvTaaQ
Awesome Specious Detached 4-bedroom house in Richmond Hill,ChIJp50kgPvVKogRT1vrIPq9zLI
Hicks Brothers Plumbing,ChIJt5Sv0laL1YkRBwVnShhOXh4
Continuing Care Sydney,ChIJmennbgD7Z0sRqtAYH2sU1Hk
WOW Plate (Royal Oak),ChIJ66GX3w5pcVMRAFK5W5iAO_E
Patte-Tastique,ChIJFcxTIwAlyUwRPPssMAr6YGI
Chez Natura,ChIJncoAroYRyEwRggsafpgjLPk
Salon de toilettage Attitude Animale,ChIJc0MuI0DTt0wRpS-S8HkWndw
Puppylove Dog Daycare and Dog Grooming,ChIJWWtvOOTzK4gRQLJHLB3K-1A
La Barbière du chien,ChIJ6SFSo-U7z0wREVXKkmnfbzk
So Cute Pets,ChIJGx_0LOMvK4gRj-Rnv4ecnVw
The Dogs Delight Grooming,ChIJKY4vV94XoFMRsdviAZWRBT0
Doggy Meadows,ChIJE4Y7Vm7fhVQRn_Np0pZu8VE
Clip -Pet Dog Grooming,ChIJieokDI5VdFMR-tbj3-QVcTE
Fur by Finn,ChIJn49H6lqvdVMRj6KYc2RKJPI
Pawlished & Poised,ChIJ31v22KS3KogRfBh6vhGYuMU
Wag and Whiskers Grooming,ChIJzxVpdBE_04kR7TfCwqD5aSc
Jay's Animal Kingdom,ChIJiyVTQq-pzUwRBdIpS-3-v_E
Pet Valu,ChIJa3_nwkQHd0sRniwK6_7wh9o
FormGroom,ChIJMT3NYQDfEFMRnTkNWkZpX4Q
Sharon's dog&cat grooming,ChIJFwWi-mSt41IRoqBINhNXHRU
Jones Lake Dog Grooming,ChIJ4d_hWjO5oEwRmuskF23OoAw
Woof and Whiskers,ChIJq0tofQDXhVQRdaI0E3XqxBA
16788165 Canada Inc.,ChIJvwKMUFpz6lIR5qvoVRNG3fM
Curious Goose Community Workshop,ChIJK214LdMjWksRmnmUfKlz3aQ
Bayshore Home Care Solutions,ChIJy3ilJAAPzUwRU55XbqM7Dtw
Alejandra’s Recreation Therapy Services,ChIJMy7M1uO7K00RTsOI9KgluYM
GGCLHOMECARE Limited,ChIJNUt00d1vK4gRuhZsuz2TvsY
Centre Dentaire A Khieu,ChIJ5-j_L0Q7yUwRlB644tzAvhI
Ritchie Park Dental,ChIJOS7Sj0EjoFMRMzDKlvTtAMo
chỗ làm,ChIJnbfmIwDNLYgRPWSaYK8PZ98
Toitures Dixmo,ChIJ9aO_XQAnyUwRGaAxV9Y-z1g
Installe Toit Inc.,ChIJg5Yx1ysnwEwRI5ch-85jUM8
Garage M&A auto,ChIJwWr9j_cfyUwRi9_-zxhqfSk
Davrex construction inc,ChIJG12Cxr8pz0wRixSnwftgypc
Raton Couvreur,ChIJS9mo4XAxz0wRK45NvTxvpXs
ID Paysagement,ChIJublzcIivpQARiLFtjAhN_B4
Davenport Developments Ltd,ChIJh7_3Lb93hlQRTHf0RMvcFsM
Alte design & Build,ChIJeTS5_oV1hlQRX9yWnCFPLLY
ShineRite Detailing,ChIJUaPkDnIrO4gRL5HR1jcNRWQ
Trailways Bus Station,ChIJFWJzgUctO4gRPmseazNZpOo
Magnus Car Detailing,ChIJb04d9eU1K4gRBYrXRKWz6eI
CarShine Auto Detailing Islington,ChIJ5dwOzIs3K4gRcab3cn_dpIU
GTA Mobile Car Detailing of Scarborough,ChIJE8gjgXDR1IkRqUKJEZBdE0Q
Frank's Auto Mobile Detailer,ChIJb1fRjsjP1IkRDUz0IYgOG-E
Flexible Detailing,ChIJw-WNPGT9KYgR6vZ5TGc3nMY
London Precision Car Wash and Detailing,ChIJN_PsO0nxLogRes4vIMwwtEg
Prime Performance Garage,ChIJ5bXwcr_tLogR-yU9LApvNpg
Pro Shine mobile,ChIJ-TbJesTzLogRVHwZstDR5do
Shepherds Shine Shop,ChIJ4Xn1-LBfLogR8I55cWHE1yM
Ak mobile car detailing,ChIJ8xYR7jwRK4gRxqYmsPtVocM
Orchard Mobile Car Detailing Co,ChIJoQAZRUphK4gR5FY7O87Ofnc
Aldershot Mobile Car Detailing Co,ChIJwWCbbCidLIgRLglISejgyao
Prime Auto Care Detailing,ChIJY2RDk5ebLIgRqh_az4qEtLA
Super clean dream Car detailing,ChIJ6QxJ8ZqbLIgRPWvFy4u4pYA
Factory Reset Auto CO,ChIJq36GEbdvK4gRw1zFsaAt8Ko
Sneaky Car Detailing Embrun,ChIJW7xXrpJ5zkwR0U0ZoHYHz9U
MirrorGloss Spa Mobile Car Detailing,ChIJeQ6qIjMJzkwR72Y1t4DR4EE
Ultra Clean Car Care,ChIJh0wI3Zz9zUwRENMD9Y7d2os
Spotless Mobile Car Detailing Whitby,ChIJsyAy5QMd1YkRFQHPwStzgXU
SPA FOR CARS,ChIJWY2qqLbTKogRXYcJGFUyNO8
Capital Mobile detailing,ChIJ1Q2hH6QLzkwRBl5zEs0qdQ8
Capital Shine,ChIJ7-1-BbDF1YkRTEexAfXdi_4
TotalCare Auto Detailing,ChIJIZcVeBSFK4gRHmtClGcPDX0
TotalCare Detail Lab,ChIJDWO2x-iFK4gRL36WOIVttzk
TotalCare Auto Specialists,ChIJRcncTT6FK4gRdpv1IrnpE_Q
TotalCare Mobile Detailing,ChIJJxdE5G6FK4gRwxYFplLsFxk
TotalCare Auto Shield,ChIJQQKb0s6bK4gRnOm2e4W2li0
TotalCare Auto Team,ChIJN8QXeO6bK4gRJEho3IW8uOk
TotalCare Detail Company,ChIJ7XiyN1qbK4gRbFPFLW7HapY
TotalCare Detail Service,ChIJmXgvcJmRK4gRuewQa-_3vlw
TotalCare Auto Works,ChIJxzUG61N3LIgRS0hetjcMDNw
TotalCare Car Care,ChIJD5ezdTl3LIgRkk0Jhq6_o7Y
TotalCare Auto Detail,ChIJLSdPVCaJK4gRBibJSZ3-ygM
TotalCare Detail Co,ChIJ8zEknDz1K4gRyaRpM5kVQds
Midnight Auto Detailing,ChIJNSlE2U71K4gRyDKYBBtYciA
TotalCare Detail Pros,ChIJ5w1-YH_zK4gRSz1OuKlKsvw
TotalCare Auto Solutions,ChIJQXRltzf3K4gRhimKOFIiroA
TotalCare Mobile Auto,ChIJT765bBf3K4gRN0hZJaAhlCM
TotalCare Auto Polish,ChIJa1pLWur1K4gRA3fWcGpocJU
TotalCare Auto Touch,ChIJ9dQ256ALLIgRT1oYURZ9WoA
TotalCare Detail Group,ChIJ13nIdgr3K4gRyn3ZFpiCNk4
TotalCare Auto Finish,ChIJIXKMlJ71K4gR3cx1BxcItOQ
TotalCare Detail Studio,ChIJz37gbfKJK4gRdq8ladVAEjI
TotalCare Mobile Detail,ChIJo0RjoLqJK4gRrzLT2VxLS_8
TotalCare Auto Detailing,ChIJVZk5IauJK4gRvEIadO9dJYM
TotalCare Pro Detail,ChIJOQp8K46JK4gRUTT1L7whTFo
TotalCare Auto Care,ChIJp_C2doyJK4gRNNfY7eKzSQY
Brava Auto Detailing,ChIJpV0MUphHK4gRIYVqseXnM34
Auto Touch Car Detailing Erin Mills,ChIJMdT5-cNBK4gRvM-ah8BSCRE
Highlands Mobile Auto Detailing,ChIJRdVQE5cpK4gR-dnxyhAaJGY
Auto Shine Mobile Car Detailing Cathedraltown,ChIJtU5GvIbV1IkR4oLakMcEljI
Velvet Ride Auto Mobile Detailing,ChIJ72w6FtTV1IkR3xm0L6RWAK8
CarShine Auto Detailing Castlemore,ChIJz0djffgjK4gRgkLfgwQ-HwQ
Oak Mobile Auto Detailing,ChIJpyPkC8dDK4gRmzFpFpB_vHo
dav36 auto detailing,ChIJv8dVPUo9K4gRQHgns4AmS9M
Total Care Mobile Car Detailing Castlemore,ChIJ52xy0SQ9K4gRFoSLNlItoLA
Diamond Finish Mobile Car Detailing Bramalea,ChIJ3_Zuffo9K4gRQ9NA2WXF-WY
Auto Glamour Custom Detailing,ChIJAQBALqkfWU0RUvWky4PQZ8U
Tidy Tails Pet Spa,ChIJgddWOtN7e0wRHjazfXCqncE
Avalon Green Landscapes,ChIJWYpOHgAboFMRcp37Xt2DQf0
Sakura Valley Community Home,ChIJ22-BropRWEsRmXB5eQEbM28
Sodding for less Ltd.,ChIJX0na_wmZcVMRA76A7H4AwrQ
Deedar Yard,ChIJdxndYQBhcVMRq6RUwlrMyeM
Capital Lawn Care,ChIJ36b01bC0HwYRNgmh9omk7EE
Lawn Warriors,ChIJvXPB1llDn1MRseXlMISn69A
BETHEL SERVICES ET SOINS : Votre référence de confiance en entretien et services de santé. Contactez-nous dès aujourd'hui!.,ChIJ4fAdSJTdyEwRlNx6AftOlog
iClimb Tree Service,ChIJL6xw3rSFK4gREcTt_KljdIU
Holmes tree services,ChIJVUsAM32hKk0RsQ7lHXaNJLo
HELLO BOP – Korean Spoon,ChIJw6pUbU-r0kwREbHL1w2304s
Men In Trees,ChIJfwndGHeHKk0RANZA4abFZcw
LA Gardens,ChIJJeveQd-jKogRRinSTuUcOAs
Mikes Sod & Landscape,ChIJJcY8LFEhWU0RPfz6FZR6n88
Garden River Aggregates,ChIJG5-5AABPNk0Rsl5Is9RfdCU
Reliable Truck Care,ChIJN7XGWQA7K4gRFAZIjKQo0xQ
AONE North York Gate Repair,ChIJh1eS-CYtK4gRY3A-jcVq0Ro
A2z experts Electric company,ChIJd987MuGHKogR_ITP4GeNgAA
Malette électrique inc,ChIJR7XRPk8R0UwRBPmQ1sIDzIA
Whitewater Small Engine Repair,ChIJcb9LURxB0UwRXDjrf2E5wLQ
Niemi Electric,ChIJV6pTAkDNxCwR-3pe0TP_1gA
GUDZ GROUP OSHAWA,ChIJjTdy9AQd1YkRa0pMnee5knw
Black Lab Electric,ChIJhVd8crkm-QYRDyOpWBO4Bts
Munem Electrical Supply Company Inc.,ChIJOaZk-nDP1IkRrangPAmtTXE
ETEM Engineering Inc.,ChIJE2F3NuKSKCkR4cK8Et_t1B8
4 STROCK SUPERIOR,ChIJq0F62kE5Nk0R_G9XEEwtcsI
City Electric Supply Thunder Bay,ChIJfzhx9dMhWU0R9-6vG4YrBKw
Starlake Electrical Supply Inc.,ChIJ4-FTM4Y_K4gRXlb1r1mVHfY
TOWN & COUNTRY AUTOMOTIVE,ChIJY-tDbABlLIgRq-7lPJhrx8Q
Appliance Masters Professional Services,ChIJJ44GbQKxKogRWK7a8SEL8i8
Poste Palmarolle Hydro Quebec,ChIJ206uLgB7IU0R-1tnrT_Lpug
Stoneworks interlock,ChIJkYbU79cPzkwR8yMC6tjkR2Q
Court Workers,ChIJsfRRpd5EVFERX0GozUgtdoM
Yukon First Nation Educ Programs,ChIJsfRRpd5EVFERztVZvbvfgrw
WILDE School Yukon,ChIJf90BvSVbVFERB1EzvYAa3PY
Learning Disabilities Assn YT,ChIJCayMTdxEVFERaMxDtl_jgIY
Spartacus Painting Ltd.,ChIJV8H6YSTwO0AR-pBDOg44ZNk
JD Peinture,ChIJG0Eh7x8IK2cRhIqCpIz8WG8
DAGNA DECK SERVICES Calgary,ChIJCRRUC5B7cVMRiBIZPHSzo-4
Five Eight Twelve,ChIJFXI1X-VzhlQRxge7AIGFKXw
Master’s Deck,ChIJicJyCUDUpyIRZyqBnTfGrcM
Beaver Wood Restoration Toronto,ChIJ2YI99bas-kQRnUrCpU4xQYc
PACIFIC BEAM CONTRACTING LTD,ChIJ6eJNsgrbhVQRHzdzTPZnTqM
"SB Concept Rénovation - Entrepreneur Général, Rénovation Sainte-Sophie",ChIJBcSe148zz0wRqTGgVEQsnEI
Trees and Timber,ChIJoQj6I89fcVMRK5R8McqkYXA
Splinter Guys Inc.,ChIJBz_7yg1vcVMR-YSp3gp0hrE
AGX Construction Inc.,ChIJ4XkRiMivyEwRiMabvEibk2Q
HAZARD2FIX,ChIJWWjwpy6NfVMRvFlM1uXvdYA
The three crosses,ChIJ5W1HAUUE1EwR6_tsBOCX1Ek
PremoShip,ChIJv2ou0Lw7K4gR8VyTIkmr9kI
Through the Trees,ChIJp23OYWFTVFER6x8A2r7LwcU
Clinique médico-esthétique JS AesthetiCare,ChIJL2UvfsolyUwRy0bo6Nk_0nU
Véronique Boucher denturologiste Laval,ChIJt6MqfLghyUwR2qoldBDsaNQ
Prestige home care,ChIJXzG0rZJDqC0RQTcQT8EBgho
Carl's Jr,ChIJ3agxIohHnlMRyd-etu-yCic
Haveli Express,ChIJ46nbzgy9DEsRu4heKHxtEao
Firehouse Subs Blackfalds Crossing,ChIJR9XGmGQBdVMRDLJcvT_MYqU
Chesters Chicken – Fried Chicken,ChIJ2_ftMJGLfVMRR6NJtHD3M6E
The Gatekeepers Grill,ChIJG9T5LyXzLogRZ1lBUyK8Imw
municiPal AI,ChIJlx7hp4b1K4gR8KxfZPE7s4g
Spicy Mango Kitchen,ChIJueTxDLnP1IkRycgyXCRQl1I
Big Way Hot Pot (Richmond) (Opening soon),ChIJ_R0GCAALhlQRSct_p40pTiM
Chung Chun Rice Dog Richmond,ChIJM35oJYULhlQR6P7g66jmTwA
Air Canada Café,ChIJe0VKxEkLhlQRuk7XPzlnfv0
Sweet Rice,ChIJ95CouwxzcVMR0R3tXz8X9ag
Valley Raw Feeds,ChIJI-n8BDtVWEsR-_G48xd2820
The Vinyl Diner,ChIJG-Xtu-9v5FIRpt0qF5HGp_s
Grannies Kitchen,ChIJ43lPNwCjiFQRm7ZwNtepPDQ
Municipal Airport,ChIJdUQhDJUjoFMRmL3zOVRWoIY
SMASH BOYS,ChIJg_6v_nRFXEsRduKZsdSYKWg
Salt Farm Kitchen,ChIJoarvBzI1XEsRN6566nR9_AQ
Days Inn by Wyndham Valemount,ChIJxzUqOjWhg1MRLJFkEOgdGn4
Elk Island Studios - Lamont,ChIJUxVeV7xZoFMRjkvL8ox6Mkc
Canada Agriculture & Agri-Food,ChIJpcmVwuSYiFMR7A7JS9iHZMs
Municipal Ln,ChIJQ0knHozcwVIR-wQmEnDoPj8
Municipal Dr,ChIJE_pbmDyrp0wRt58okMVR5xk
Kome Japanese Restaurant,ChIJ3fJTpWx3hlQR2CbYNw7pQuo
"Whistler Village North 1BR:Near Shops Restaurants, Balcony,Hot Tub Pool-$2,800 /Month!",ChIJN4PelbM8h1QRZPm0OJsUVqU
Whistler Village - Best location - spacious - Village stroll - Walk to lift - bars - restaurants - grocery store - liquor store Deer Lodge 341,ChIJrUHrBbM8h1QRPT-tAaHT_yM
"QuickStay Yorkville Condo - Yonge Bloor - Premium Condo, 2 Bedrooms, Ensuite, City View",ChIJW7Uy3KQ0K4gR5KLchhyahW4
Renfrew Members of Municipal,ChIJ0Sb2wQN_0UwRlQA-gTrgdsk
JenJenPow,ChIJVYId0HQPzUwRB9P15HpJdKc
RICE & FLAME,ChIJezu0RqnR1IkRBBPMhEE92eU
Blazin' Burgers,ChIJLzYsKAAV1YkRk0Sps7QTML0
PIZZA PITA PRIME (Ottawa),ChIJhcso128HzkwRoSZhblvcr9s
Municipal Dr,ChIJYwEf21MxK4gRD3_19pyhBdo
Portland Welcome Signal,ChIJWS3KMwZ_zUwRirL8gkYs2vU
Round Belly Hotpot,ChIJQ4XSOAArK4gR1qQ7U_5V3Ws
ᐊᒥᐢᑲᐧᒋᐋᐧᐢᑲᐦᐃᑲᐣ,ChIJXWdGdwAjoFMRNq2k22yIZIM
Burger taste,ChIJO9wmnd0tK4gRecJJdx3Ydds
Mei Mei Chinese Buffet and Takeout,ChIJFRQ9U1GN1YkRI20DRbu3ClM
Pho Jiaba,ChIJCToBb1TT1IkRXUuHtEmdEyg
6 Cloud (Yonge & Finch),ChIJYeulkaUtK4gRc8vC-ueSdbA
SaiGon Street Bites Ltd.,ChIJ25v71DeTmEwRnSlI_FmkLNQ
Al Waly Restaurant,ChIJwfaqH57DhVQRKO77LTfGFJc
R M of Sasman,ChIJ-3bfia1V_VIR7F4KmceCSnQ
Afiyet Shawarma Scarborough,ChIJ5UJsZijN1IkRAfaVUk68II8
Hanwell Municipal Office,ChIJNYvtIhsjpEwR5mwAQK1G1BE
Peach Coffee Co. Walkers,ChIJT3SJKOxhK4gRScrGNA5G6qk
Desi Khuraak (Westwood Mall),ChIJ4ylqRwA7K4gR7DbTF-zjhU8
Pizza Pizza,ChIJ3-V5dzgJvlIRnwxhJWt6SqY
Yummy's pizza,ChIJ7XlfSW7zLogR-0p7ZXJ-fws
Snowies Cafe,ChIJqbiyHwhHK4gRCP8cTCRqDKM
Niloo Chicken & Grill,ChIJv1Vx_5Rzj1QR0yQM0oEV4i0
Final Whistle Bar & Grill,ChIJ085NmnhrhlQRZEik0lNdo3c
St. Felix Centre Toronto Shelter and Support Services,ChIJyf-TMAA1K4gRDfFQUN2bECc
Chestermere pani puri & Golgappa takeout,ChIJ2xJ70SR9cVMRb6cBjcykNbI
Woodfired Kitchen,ChIJPxsJTwBDWEsRXO28HpkFhRY
Dairy Queen Grill & Chill,ChIJay325jgBp0wRCrx1WyhDunQ
Shahira Indian Multi Cuisine,ChIJg2Th9QDR1IkR9SJksUj4-iw
Lydia's Kitchen,ChIJ-YXQWLtzJE0RtFvKpXV19gw
Mel's Pit Stop,ChIJPS_I2PjtoEwR992gKGspGxg
Chill & Go Tacos LTD,ChIJE0DlfQ7ZfVMRyqkRGx2HNr4
Frisco's Restaurant,ChIJ-Wktdhsz0kwREl5P7wAtgw4
touchCoffeeYXE.ca,ChIJidZ9JAD3BFMRtMf1i5qusuY
Coming Soon - Chipotle Mexican Grill,ChIJrbrFDuV7cVMRUrHJ0_vCO-A
Chicko Chicken Queensborough,ChIJC4-fKo_ZhVQRqK_XPZk8EDE
Ace & Queen Multicuisine Restaurant,ChIJOxpfXACBc1MRDQH4eq31qKM
Municipal,ChIJkc8okQN_0UwRKSLAMqoLzrM
Souper Hot Pot (Waterloo),ChIJu86HNwD1K4gR-sZg2dUxjBI
Red Hawk Diner,ChIJ62yTjKGBd0sRJrv0ZkxG3m4
Ezotiq foods.ca,ChIJVXFAGEL1BFMRuwSx-X8C3eA
The Pind,ChIJY8i_eQjRhVQR3jLuFXCSw3Q
MUST HAVE Desi Tiffin Catering services,ChIJMRTxHuYf1YkRZ-IraV677XA
Cuba Culture Club,ChIJy5X0H5pDK4gRyBnbY88MxLM
Coffee at Carltons,ChIJT21kTrlHK4gRsw5oO5dPAcs
Crab boil,ChIJnVNy9l8B0kwRxKmxG8wI0YI
Laura's Tea Room Bethany ON,ChIJdYulKACr1YkR8E1MIK93GeA
Authentic Yemeni Mandi,ChIJF6FM7x8BzkwRhJdwrwoOvdk
La Fondita Mexican Food,ChIJVxIq1BQ7K4gRNFkewrelGrk
BackYard Catering,ChIJOYiu_Mk7K4gRNZReeF7c-dc
TheFoodTrailer,ChIJK66XOnwxK4gRzi9C3BoP01Y
"Zakir Patel for City Council, Scarborough—Rouge Park",ChIJbWpyvV3b1IkRaL-F1aUdK5w
Moose Odesa Wrap,ChIJt-pT_5bzBFMRI7VxgTk0wl0
Freshslice Pizza,ChIJH_yCdWDxBFMR9g1k2WQgwKE
Huntley Road Public Works Yard,ChIJ097lvmf5zUwR_0x4tf-qkew
The Almighty Cheese,ChIJ3VqABgARzkwRDBarRgBsf-Y
Amherst Provincial Court,ChIJ-WGvcgBJX0sR4mQNQLMSh58
Windsor Mayor's Office,ChIJH2ITmASmWUsRfKyVXSyj_nI
The Lost Cottage,ChIJ78V2dI4BJU0RG0AEtsnaA1g
Bear camp,ChIJ76oqAYQ9JE0Ri8vGE92d-3I
Chester's Chicken,ChIJXwcwKgAzhFQRCsvmBKwvuIQ
Spicy Persian Kitchen,ChIJ8fUgxMYtK4gRPrty2azM7Hw
StreetGrillz,ChIJcw-VTo0rO4gRBBp7haYU4ac
Downtown Toronto 2BR/2BA | Unbeatable Lake & City Views | Free Parking!,ChIJKQMyey3L1IkRW9QvniOY6ic
Dairy Queen Grill & Chill,ChIJvbabkIstO4gRkUtMKtKUSRk
Office,ChIJ8fOhKwAhWksRfLJ4OD17j74
"Connie Cody, Member of Parliament for Cambridge",ChIJAYLN3fx3LIgRdumX0nE9-Vo
Epstein Island,ChIJMSYuqRGtiFQR0CAskDcYGL8
DON CHICHARRON INC,ChIJGYJplaQ3K4gRpR4lxNluazs
The Blue Horse Eatery,ChIJpwHxnHMzK4gRhrITN6ETZrE
Spicebros,ChIJu_bKogxx6lIRau7x4YDUJNA
Island Jerk Hut,ChIJ6U2TXQZTXksROV4JyXp9pfE
The Farmhouse Inn,ChIJESMf-_2xLYgRbNQzmhe7f6Y
Mirzoyan Immigration Services & Notary Public,ChIJvXX3wUM1K4gRmr8hJUk-sDM
Downtown Toronto: City Skyline View!,ChIJU6T13tQ0K4gRl9DqjCr7cNw
Blowers and Grafton,ChIJU7qJcwA9oFMRj-1Rs69CONA
Coming Soon - Chipotle Mexican Grill,ChIJmTc2OHo9oFMRTZyulOOq3Io
Canada Trial Div,ChIJDzefEc40K4gR8_5IxyDSgqs
Red Tomato Pies,ChIJTy0ASUKzCVMRy37lQ7COr2U
CHACHA DHABA INDIAN CUISINE,ChIJW3LcRQAZWksRHUrmTpfEXOg
ServiceOntario,ChIJZXaTHBCt0kwRT9i5oeDyKmE
Banh Mi Oi,ChIJWTJFvKehHlMRnHL_-ZY7lOs
Osmow's Shawarma,ChIJ_wXczhOfHlMRaKcvkslWiGk
Pizza Rubato Napoletana,ChIJoybfKoBvhlQRc3ngaALdLNk
Frankford Municipal Office And Library,ChIJATeurVoY1okRdpnvMk6CAP0
ServiceOntario,ChIJ5UVXjUOJ0UwRZf4NV799KDA
gurmukhi,ChIJ-2CI7g7HoEwRW_BeIWd9YJM
A Traveler's Haven Close to restaurants popular & fun-filled convergence points.,ChIJUxh8zTHHoEwR9951bbaSX1g
cafe,ChIJ9aI8E1LxLogRyGmbEL3duJQ
Hidden City Escape In Downtown Toronto,ChIJAa9eQic1K4gRaFicB-ncw6E
Downtown Oshawa Extended Stays,ChIJsbQxX-cc1YkR_-CFwPTC-YM
The Drink's Crib,ChIJgcA4TQAVdVMR0iEy3RZBvdk
Technology Dr,ChIJGYGlz0-zp0wRC6MGxqaKFzg
The Bite Boxx,ChIJpaurDnjxLogRG_IzSxvIPjs
Stacked Pancake & Breakfast House,ChIJu9p1LkvxLogRjftrmTzvHKw
Division St,Ii4qLAoUChIJoUwpUbmr0kwRSjXoZHsW97oSFAoSCbXquJSnq9JMETIBWXZv3-I8
Aliments Gourmet Express,ChIJwVxDVKn1n1MR9t3rRsdg1VQ
Bhutanese spicy dumplings,ChIJLzt2p5nT1IkRRHK6JQJPlgE
DESI HUT,ChIJORYhilIhWksRKQymYwWqz0k
Bourbon St Grill,ChIJdVEaePonWksRc57KlCxEXD8
Momo House,ChIJH54QWQMnWksR6gBN7mUPnnE
Elevated Pizza (District 1881),ChIJ7VgX5Tk_hFQR0ROUT0E9_WI
Ramen house,ChIJ-fnqfYU_hFQR2bqEhp3mkqE
Amato Trattoria,ChIJE11qpXk_hFQROC0uomS8s-U
Ghar Kaa Zaykaa,ChIJ0Y2dic8XK4gRjQ4bQ5zV7hA
Thekedars,ChIJL0kdIo0XK4gRtPVCTZKBtk8
Burgrill - Surrey Central,ChIJ3RO5iALZhVQRMhWTAnraRmM
Croffle Co. (Surrey Central),ChIJMfy9jS3ZhVQRrovPSL5sVtU
Municipality of Alnwick,ChIJ__9PEL1Qn0wRSUw-fj5_7Vk
Khan Kebabs & Karahi- Ellwood,ChIJ_fOcCAAfoFMRN7Krq-kGYVI
NICK BOSS FAST FOOD,ChIJmUuhHj8doFMR_1PYCqBMhb8
B to B - Bite to Bite restocafé,ChIJdWD6r8oRWEsReFRKcT2DHpE
Municipal,ChIJD3edp7YFzkwRK0wcbFQnewY
Social Development,ChIJq6o29ZIip0wRCb_yyXlxP28
Jerusalem Bar & Restaurant,ChIJbyX5QAk9oFMR83WvM8DD2Jk
Cutwater Brewing and Lounge,ChIJV750FuDvfVMRxxHhJouIiww
Kamloops Visitor Centre,ChIJu7a4WgAtflMRKE28xF03fMc
Fort Erie Municipal Centre,ChIJ3wOeRU0U04kRWwlmxm5kXt4
Sea Breeze,ChIJrfScdQBnj1QRnOGAG_8btGs
Culture Crust (Etobicoke),ChIJMRqaUQA7K4gRkKpd6LWoRIY
Chipotle,ChIJGQJnMwD30VMRD-FleQSQn4Y
7-11 Cent,ChIJEwDzoWAhjFMR59pmmUOMtHQ
Really Good Poutine,ChIJEwOB6sE3zEwRGvHWgN5F8Lo
Town of Beaurivage,ChIJsRTcGJ-toUwRUCttQ-VbGxo
KB on Kent,ChIJt9wQz3d51YkRSWfsJFiaJz8
Twin City Pizza - Simcoe,ChIJL-h0gCdNLIgRAOCUf_MMKOQ
Mo'Cha Bubble Tea Express,ChIJc7rHBPhPLIgR0MxKbKxVKdA
Seabreeze RV Park,ChIJoR54HAAzeUsRovj3_pqm3U4
Family Ties Vacation Home - Hopkins House,ChIJTZ1yi87Hd0sRqk4SC3A9c08
CASA TEQUILA AB,ChIJD4ha4jWZcVMR6Ln6qYnV8Zg
Ministry of Government Svc,ChIJod62mP4tK4gRYDBVYJP_sXc
GaurdMe,ChIJFTSgTbClPE0RN_85B0wFqQE
Whalen Corners,ChIJJ5y-oyLbLogRKtMfkcimqxQ
Municipal St,ChIJQ9KMSzWFK4gRNneys2AiYAM
REBEL Greek,ChIJKadZZFK7KogRe7sNkxuLzHs
Royal Premium Restaurant,ChIJz7kRa9XxBFMR7SLr73vNrfQ
Damn Dawg,ChIJtwfq4a4x04kR5scaB98_JGY
Cafe Vanguard,ChIJlWOWawCbKYgRQaOmJF0uNAM
Spicy Roots Bistro,ChIJnbh9KDmdpkwRTTSTfKaxWgQ
Town of Bradford,ChIJk8yKQmLPKogRp8oL7xe0Nxo
SARPANCH Tiffin Service,ChIJp4QcSAAjK4gRkb51c-Cx_tk
Apna Chaat House Express - South Surrey,ChIJ93Wv4u3FhVQRdiPHjnmKEiI
Delhi ont,ChIJSWT_JAAtLIgREqhSKSqzbng
Saint John Harbourfront Hotel,ChIJcRyT3MOzp0wRLp0rl1rU9Nk
Doctor Touch by Nino – Aesthetic & Smile Center Vaughan,ChIJ4fuJrkgvK4gR1b5cs-BBJDM
Tooth Connection Dental - Pickering Invisalign,ChIJ8-C1VTXZ1IkRR2Kyu5_5ngQ
Under The Seat Plumbing,ChIJEYbJjq91j1QRaSJb2KhmoQY
Dr. Kareem kadri,ChIJj-lJIZYvO4gRqypmzWn7Dgc
Joma Dental Office,ChIJfZtj9dbV1IkROcAyfgMVtBU
Forest Campsite,ChIJ-14vawAZpEwRE6PwPy7LXNA
Steamboat Bay RV Resort,ChIJjf88JAB50UwRHWVkW8pkdAI
Lee's Island,ChIJtV19fAB3okwRQrvmddAw2ho
camping #1,ChIJxwE7AQCRmEwREGa79vvEm7I
Bottom point,ChIJo_iGPABbpkwRvyNeETlarXs
Stationnement Vanlife Petit-Saguenay,ChIJS1LvdQDfv0wR-Sun0PyHNgE
Chippewa Mobile Park,ChIJ65pGegAZWU0RPL1N43Hyp7c
Haloreach,ChIJfxcGKgCjKogRPDuEt0xqBzw
Camping La Fierté,ChIJV5w9sjO3yEwRhgfldaY9J28
Hermit Beach Campgrounds,ChIJ5RgEIsaVKE0Rn9jFEaknz08
Jonquiere,ChIJe6jJQgApwEwRALOmlq2VIsQ
Bienvenue Chez Nathalie À Orford,ChIJ40SRRdTTt0wRsFjSi5-Qj0Q
Camping olympique,ChIJ9T6fqJ3VyEwR1Mop7LqvEpE
Hawkshaw,ChIJYQXzAi9bpEwRRVQLDz_Eicg
Park,ChIJt4x4JQCFiFQR_YObFSlTA6Q
Proof Roofing,ChIJ14C_OB7T1IkRbKjyiVbRqOE
PrimeSeal Roofing & Construction,ChIJA8HhiDQ1K4gRYpbxyTJzFXc
Davis Renovations,ChIJU-vuayc304kRKNtb5uBqL1k
Trim Rite International,ChIJO6XlGgD9LogRChr-SJj4S1M
Jrg general contracting,ChIJHwAkDF3_zUwRnrcb7n4vJkk
Roseborough Centre,ChIJM--YdQBBK4gRJX_PkZdlNMM
Gold Choice Roofing & Construction,ChIJhVWGUts1K4gR9mu5nqBi0dM
Love Home,ChIJw8-FirKFLIgRzoYn106Cwaw
Torr Handyman,ChIJhQXzr9M1K4gRXPBdRIT9uMg
مغسله ملابس,ChIJMzwXQwAzK4gRlkfjUo7vYiM
Acadian Eavestroughing (Sarnia) Ltd,ChIJOXGttjeDJYgRn5NDH8rvxwo
Prominence Renovations & Contracting,ChIJ8S_czv9R04kRMZRYb50V15c
The Sprinkler Company,ChIJpzmmqII3K4gR1jbNWHsOEc0
Xbuilt Construction Solutions,ChIJaZbVtm8b-2ERCnZnK7sOChg
Jack's Outdoor Services,ChIJ1UQJy8Jok08R_tzWAozGYwk
SolidBase Contracting & Epoxy,ChIJ2wb4hmkFzkwRPdbURndApWk
Dasha Denysova Tattoo,ChIJy70FrmdzhlQRUFr68byWkaI
obisethkenobi Tattoo,ChIJT6XtWbpxhlQRmh2IpLt-AwE
Offskin Laser,ChIJ47o_4IQZyUwRsEZ9NrqVbCo
Stop Star Tire,ChIJ-RTGYSkfyUwRW54DBsCeAOQ
Mobile Mechanic Montreal - Auto Repair and Detail,ChIJzWBvMrgbyUwRZbH-KQ9kdxs
Pare-brise 911,ChIJ8ZygUREfyUwRkd61QPCNtL4
Dakenlove Salon,ChIJcWBdWDEfyUwRy_CZ_-xKSgc
Paysagement A Catalogna,ChIJlaEfeDoRyUwRoIMXWOIZyHY
Pro Coat Epoxy - Halifax,ChIJwz0ulatGXEMRU9FcSyqX78w
ZKRM_CUTZ,ChIJcVtBOqgfyUwRth_6Il1md1I
KMSHEIKH’SENTREPRISE Inc,ChIJkfuG8EE7yUwRJiETKKW9744
Wrapcity Gourmet,ChIJh9F1C0EayUwRhDPavzmtzgM
UPFLUSHERS Sales and Service,ChIJvRUyp0I9yUwRyrGSevX5upk
Studio Carré (Hair Salon),ChIJqYWwXAAbyUwRRRE7EWZhsM0
Custom Deck Builder Milton,ChIJDzAywJRvK4gREzvSDSDPLTs
MarLane Contracting,ChIJd7JilNN70kwRIYmFQQ3qZPc
Landmark Renovations,ChIJqeEMN8YPzkwRuZEWRpCcjb8
Vrix Construction,ChIJEWmdch6L-UUR_oR61e-PK-s
TownePlace Suites by Marriott Victoria Airport Sidney,ChIJAwKF_oNpj1QRg7-uC_yDpqU
Sidney Sunset Suites,ChIJzXJy5Cpmj1QRvz528dhGY30
One Bedroom Suite in Downtown Sidney,ChIJd-QBVStmj1QRFNF7mcl08Zk
Modernized 1 Bedroom suite close to downtown Sidney,ChIJ39vuqttnj1QRctPg-lP6ezo
Beautiful 1 Bedroom Penthouse Ocean Views Free Parking Sidney BC,ChIJV_lKtMNnj1QRuWtz0SZ1I7s
Sidney BC - Amazing Ocean-view Snowbird Seasonal - 4 Months Minimum !!!,ChIJSV9fXitmj1QRDeLHSxVeyyY
"Quiet hideaway near Sidney, BC with king bed, kitchenette and private bathroom",ChIJIX5wS1tdj1QRf0mpsvRTNrE
Sidney Solace – 1BR Suite Minutes from Waterfront,ChIJKZWietlnj1QRiTG-M2KJgzo
Modern Cottage-Style House Close to all Amenities and the Ocean in Sidney BC.,ChIJ-0jfQNtnj1QRRjpJO5SlvP0
Sidney Sunnyside - Luxurious Seaside Living in Amazing Sidney by Victoria Prime!,ChIJ2bLmICtmj1QR_2FjpLrKCKU
Longstay Sidney Beachfront on Roberts Bay Near Victoria B.C.,ChIJk2aNLNtnj1QRGsnYFBFI8lw
Funky Forest Bed and Breakfast,ChIJe8XuK3cdj1QRvnl5a2H9tIk
Clinique Dentaire Allaire,ChIJ__-jgJKFyEwRIfFdhSMyDak
Clinique Dentaire,ChIJlffADYAZyUwR3XwaJqW6OpI
Le Dentiste Montreal,ChIJ46btnq4eyUwRI-tQ2H8Ljn4
Numérident Inc,ChIJeZzTfdwhyUwRqWn7kRpl7MU
Hopland Locksimth,ChIJw86CL0szK4gRwGgWwn1POlI
TBC Locksmith & Doors North York,ChIJ2fSFpQ8zK4gRpu-9pRWSE78
50 Ave Spa,ChIJ8ZqfYwBVdFMRrBuLvtIZvB4
Dr quan & associates optometrists,ChIJXfvdH1BRdFMRLVI_R3N7EjE
Rolls Rice of Pho 81,ChIJYcIiA35VdFMRVCX55IR7X-8
Flow state,ChIJL23DKABVdFMRv_dHcq_Eic4
The Next Level Strength and Fitness,ChIJ39zudfZVdFMRgreZToKf90g
ShaeB Wellness,ChIJjVXmP1pVdFMRkvkksh8x0_c
Savory Plate Bistro,ChIJ68u_iGhVdFMRIQSB26gLjfI
Fairview Disc Golf course,ChIJfe_hCwDDllMRCjSurCEZdYA
Supplement World Red Deer,ChIJ1wv9KvBXdFMR771kHTy6fxE
Stacked Pancake & Breakfast House,ChIJu8c8AR1VdFMRjHP9AWHS9-g
Liquor Evolution,ChIJMXCYUBJVdFMR_Uu7E9wvhU0
Black Sheep Gifts,ChIJWxKtt7RVdFMRd8vFjLY0Bqs
Electric Cherries Permanent Artistry,ChIJy9sGm1xXdFMRKng19sJVUvM
International buffet and lounge,ChIJZ6-NSwBVdFMRw7BdGUkagxk
Nobody,ChIJhRQtumFVdFMRYZgxg4fl1tc
Clayton’s freaky business,ChIJ30MSPzFVdFMRj5tJLXEbTNM
Black Magick Beauty,ChIJm_OlmaJXdFMRaQUHZ48udSM
Fairweather,ChIJT9C2z09VdFMRomGovXflU1Y
135 Lincoln Cres Red Deer County,ChIJSRHhIwBRdFMRcjh4MD5Ri-I
Mincher Koeman Law Chambers,ChIJI0Yl-RBVdFMRjioh9Luz9PU
Wai's Restaurant,ChIJj4ABPStUdFMRmJNstgyfh0M
Flag Stop Promotions,ChIJ_UQf7DpUdFMRyyVqj4NbBn8
Kyuquot Coastal Fishing Adventures,ChIJ_TCV1UQrdVMRtkeGZtJM9Ek
Red Earth Salon,ChIJTxSm3EtbdFMRpa5L0rOGP7c
Jagged Private Tattoo studio,ChIJC9C6jf9XdFMRmgyEHHHZaeo
Inoculum Tattoo,ChIJeekVNqpVdFMR8MIF4V7ybic
Mountain Lake Casino,ChIJ80djLABVdFMRn_2-pnE0Krk
Democratic Republic of Guadovia,ChIJaXCuLrZVdFMRVB9J4qWhWqw
canola fields,ChIJ2UjuGPdXdFMREu1bYMLRDFY
Liberty Pharmacy,ChIJ84IhR-lRdFMROTjpd0PFduU
SoraNova,ChIJ0wUGnNlXdFMRPShf3nJCoGM
Bloom and Wick Studio,ChIJJdn8hHlVdFMRpTVgpBLEtB0
Fit Fusion Fitness,ChIJrx616oxVdFMRuwo-ak51rhU
Freshii,ChIJj_CPMelVdFMRZmQ8ohTnFZo
Burger Baron,ChIJSaC_wtVWdFMRiXTpPAnxl_E
Villa Le Frigg Private Spa • Pet Friendly,ChIJ1ZYaSXJgx0wRZOY0x2z4YDE
"Chalet Le 26 de Charlevoix! Spa, Nature, Privacy, Billiards, Pets allowed.",ChIJv0x93Ig9v0wRa6Tver6HBN4
Groomingdales Pet Salon,ChIJO_nstWIPh1MRGmz5CF6XXz8
"Chalet Le 26 de Charlevoix! Spa, Nature, Billiards, Pets allowed!",ChIJYShj3Ig9v0wRVPnHrxB0W_o
South Paws,ChIJC5VSwOnghVQRiaxqbTqqg-I
Wizard Of Pawz Dog Grooming,ChIJq6o6sSoEsFMRRFFty-UnJoA
PetSteps Dog Training & Boarding,ChIJHeC2ydgPsFMR_PjuAPRmnIs
Paws & Claws,ChIJqxcTLpc2klMRWtpq2uma0sc
Wizard Of Claws,ChIJ5ejAPUeZkVMRB9wUR38Hgws
Wyndwood,ChIJA6klW-39jVMRup98v6mFzXk
PBW's Grooming Services Inc. - By Appointment,ChIJdSVQUPt_oVMRjaSFXGGOiSk
Just like home,ChIJ_Q9CM7pVgEsRmXOr5OWv8Ms
Toilettage Jeanne,ChIJieTc44WrmUwRWqByUK0DIIE
Barkville Dog Grooming,ChIJqSxZsICBoUwR2IQU8NjuDFw
Le Centre Canin Astuces Canines,ChIJM5BxwvFzyUwRJe9sUrlGCzM
Salon Beau Poil,ChIJ-7oNc3T15kwRJUMnGCHfmfo
SNA Modern,ChIJgb4_tJTvfVMRZDhsuztSA5Q
Hometown hounds grooming,ChIJXQTB-joDoVMRRdeBSmWS0xc
The Groom Room,ChIJnxqHYKnBkFMRlOrCHqCTGaw
Bluewater Dog Sports,ChIJG3ZCPwCdJYgR6wFIfIIp44o
Spruce and Poplar Dog Grooming Service,ChIJuRWOhRGfcVMRHJx5Nv3IWVc
RW Pet Grooming,ChIJnW0IkpXX1IkR-FXr5EnQS4w
Willow Pet Services,ChIJRSMTMbYcgGcRTspEkY2c6bo
Leduc County Horse Boarding Co,ChIJA4UO-K3_n1MRl7UgIc-STD0
"Luxury Muskoka Lakefront Loghaus | 6BR, 4BA, Pet Friendly Retreat",ChIJKf0QtQ1TKk0RwfdBroYtzS0
"Luxurious log cottage with 600-feet of waterfront, 90 Acres.",ChIJyaghPaaz1UwRUgCy3IDAEaM
Yellow Bowl - Toronto Pet Supplies & Foods Online Store,ChIJpSXyEwA1K4gRvOeZmWfHcRA
Original Newboro Lockmaster Home,ChIJ0dA8Z3GD0kwR2P1qQfKD46w
Haliburton Haven Lakefront Cabin,ChIJ_d2gRTGl1UwR5kmxqsWhq58
LaRay Professional Canine Grooming,ChIJkQTRSzSH6lIRH86DlWp9CRw
Domaine zoologique Le monde sauvage de Valcartier,ChIJfaOCU9VZx0wR9UU5tKXWlNs
Nancy by the Bay Wasaga Beach - Four-Bedroom Vacation Home,ChIJWQwglH6BKogRqhl8n4MVmLI
Good Boy Company,ChIJlQkv_nseJm8RnXXhp5I56yU
D&J Dog Boarding Lounge,ChIJHc79DPEz6GwRjaOHcokpntc
Kinlock,ChIJx9b4m8FTXksRLYjyeDEnVEU
Mai Pets Bedford - Private Luxury Daycare & Grooming,ChIJH28_cnCJWUsRoTy6xYlvjr0
Monster Mutts Dog Grooming,ChIJlZ6C718moFMRTryMVBHrqTA
Stunning waterfront w spa dog run - Vacation Home,ChIJhQudJg3gLE0Rw17uvt7Wmqk
Terriertown416,ChIJZ_Ws9fU7K4gRk1Up3ApJ9TI
Pet Friendly Cozy Cabin 20m South of Tobermory-Firepit Yard & Gorgeous Backyard Spa,ChIJaagvmowbLU0RUCFWlOcWzIs
Dazzling Dogs Grooming,ChIJAQAQgmIgoFMRkS9kXbIWR5A
Downtown Montréal - Basic Studio,ChIJha8-kVEayUwRIRPwWJX5JKY
Holly's Pet Grooming,ChIJ5dSwQS8je0sRB9Hu47HL9NA
The ANIMAL - PARTY TIME - POOL SPA AND MOUNTAIN - Chalet,ChIJgS8cZ9EQuUwRQqxDDT8CaDc
TRINITY STABLES,ChIJUS6D687VyEwRnB_kDO7GIqI
"Chalet Allegria Mont-Tremblant.Pet friendly, nature, spa, game room family fun!",ChIJpxqDAjucz0wR16-C-9YwvD0
"Chalet Allegria Mont-Tremblant.Pet friendly, nature, spa, game room family fun!",ChIJ264stjucz0wROdILjERiUxE
Persia Dog Hiking,ChIJP1NfpE5_hlQRl8EjLSaKHh8
Tiny Adventure Dogs,ChIJbWIEmPv5hlQRxTrFh-X5iUg
Shuswap Happy Hounds,ChIJV1ILW39TflMRAHQL7ZTXslg
Pets Club Daycare,ChIJc9Dfa7t1hlQRuRSXBrsID70
Tiny Paws Grooming Studio,ChIJI7G71LjvzUwRLVtHm73knoA
Scullywaggs Dog Grooming,ChIJvUkQBAAx1YkRRXycZ62wtuI
Dog Grooming by Tracy,ChIJ41INKt-PiFQRhndIMrZAs4Y
Cherrywood Dog Grooming,ChIJleTBJwDxKYgRAdIzqwtMWMA
Spa For Paws Pet Grooming,ChIJqZoyNCGcpkwRBkb8WsLRLf0
Carlin’s Doghouse,ChIJvfBiTgC_wVIRO7xxS8KIk7o
Grooms By Lauryn,ChIJK8o_bWgBp0wRpzzEJyS_S9c
Maynard Lake Lodge,ChIJlQWFifRPllIRJmouzqsmyFU
Mickayla's Spa For Paws,ChIJEUoafGkJ1EwRMsFYa-J4OM4
La Maison des Doux Géants,ChIJoZKNEAgZyEwRToh2OUCW4Zc
Among the Trees.Dog Gear,ChIJPf6SseFxhlQRF-odkGOc_h8
Bistro Canin Sybelle Allure,ChIJq6q6_7DbyEwRkP5GAkNp5NM
Lakefront 4-bedroom cottage w/ AC near The County. Pet-Friendly. Great Fishing!,ChIJ8zWwFMfP14kRd7pndudQ2ng
Toilettage Léo-Pattes,ChIJ1x67BIbt-msRsdtX5EnnHr4
S & S Grooming and Boarding,ChIJM2dvfLa5Lk0RWpyYnlRl7R8
Nightwatch Dobermanns,ChIJXe-MsoPNKogRby-2IP61m70
A 4 Pattes De Chez Vous,ChIJ1SfxFdgnyUwR3OQU6lWYu64
Joue avec ton chien !,ChIJKyVT0DkPyUwRY0EvMJWtul8
Pet Friendly Chal'Heureux Private SPA Billiards Int Ext Pool - High-Speed Internet,ChIJI_hz0dIlz0wRGPjDHNsgPpU
Fresh landscaping,ChIJRVT5KZtfcVMR2ZtWR2nTZZY
Wolfcrest Landscaping,ChIJf3jy0U1FK4gRH_DH2uka6FQ
Cumberland Paving & Contracting - The Miller Group,ChIJSe-3cZudWUsR7ZLrr7E-_u4
New gravel,ChIJt9XaRwD90kwRtLR1ECywgYw
Sunrock Industries Canada Burnt River,ChIJ6XKp9rQj1UwR8WvZYQsVOw8
Robin Hill U-Cut Christmas Tree Farm,ChIJ1YPafiXHhVQR2CLWQeGTU9Q
Xmas trees,ChIJq0tqXAAxhFQRm7Og7RSrE-k
Follis Av Cherry Tree,ChIJB66ybwA1K4gRd1cqXnrpBjc
Lemon Tree S&S,ChIJQQyll-M0K4gR38TDhJokeDY
Bauble Balsams Christmas Trees,ChIJPULxEQA1K4gR314XMLF0l1M
Trees Can Fly,ChIJ0y6nektqK4gRET-K2Uxhd4E
Matériaux Paysagers Savaria Ltée,ChIJo8J0LmCMyEwRgb_p6WIrMgI
1830s Cory Cottage – Historic Stay w/ Ocean Views. Walk to everything.,ChIJ7R7sCTKoqEwRCNhoz1hV7bc
vente de spa reconditionné,ChIJM55JLn_puEwRDoDYKwGYe-w
Reliance Pools,ChIJaTf7w97X1IkRLlmZ_fpbb94
Sablière AGG inc.,ChIJB7ALtVUHmUwRYWGvZz47qj8
Grounded Property Solutions,ChIJlSEQsXcSdysRoQWSLwI_k4M
IcePro Tub,ChIJ0Va9f4kfyUwRawmgYzz-SqM
Maple Flow Plumbing Mississauga,ChIJOajHGSBHK4gRNMDfiMR2noM
MPParangon Pavé Unis Stone,ChIJKeO-Sd45yUwRQ8tjVNHHwSM
Sable Des Forges Inc,ChIJs_0hgO_Lx0wRMCFMJUdQtow
Stony Plain Sharks,ChIJS8YSmc2Rn1MR86vR93wukJg
Octagon Oasis | Private Indoor Pool & Lake Access,ChIJRwJ6n6AGp1MRTaO5OeA9USI
Bears Bath Tub,ChIJuS15mHyvpUwRBs4kh5zgI2U
Beaver Plumbing Toronto,ChIJg4he1vvN1IkRKj-zEDkfQSc
TREE BROTHERS MAINTENANCE SERVICES INC.,ChIJR6twmC_RhVQRukraY3gii2M
786 all in one service,ChIJSyMGRufXhVQREDlWSc2mtjc
ACUTUS LANDSCAPING,ChIJYWXZ7AjNhVQRp4oh98xuYto
Bio-Architecte,ChIJ910L-PoHwkwRxVABM1lUUag
TOP NOTCH TREE REMOVAL,ChIJm9oU5E2fpkwRP_V6b6DFmrg
Lawn & Garden,ChIJaw9Npu87hlQRw6L_AzQfuzU
King Fence,ChIJL7hXMVxhK4gRZ8txGKahTf4
CLM Contracting & Fencing,ChIJ-a5NTxTQd60RCP-QEJgEils
Composite Fence,ChIJDxJpSQAvK4gRX4t8owBYX0k
"The Watering Garden Sculpture (Pechet and Robb Studio, 2007)",ChIJj6gaWgB1j1QRcD0cF6UOZsY
Painted Rock Aggregates & Contracting,ChIJc4SVsSwlgFQRUz9JytwvacQ
BizBizzBizzz,ChIJefeKsOarzkwR1TL0szOYyLA
Arbutus Tree Service Ltd,ChIJy1V0dLBzhlQR01uKl0G6hOQ
Walker Aggregates Port Elgin Yard,ChIJq67fhgPPKYgREiIykbqgzr4
J-AAR,ChIJX9zDN7KbLogRWdhap74sZlk
Broadbent Family Tree Farm,ChIJn--IZgAzeksRCSRpdNAHagQ
Bilan Tree Farm,ChIJ_6JBXwD7v1IRABA2JYslnus
Fixmyfence,ChIJM-e7zDrZhVQRYlb-25QQeuE
MUDCAN Enterprises Ltd,ChIJOYm4AWzhmqwRZi0Tq-LE-uc
Grant Quarries - Iroquois Quarry,ChIJfaW3hgdNzEwRU4dt9Fgy2as
Ferme le Trappeur,ChIJ9aCQDAAfxkwRNmXpw2N7Ie4
Cardinal Christmas Tree,ChIJ8-mb0oWtzUwRkezZIGHj2k4
Ferme le Trappeur,ChIJeXRMHQAfxkwRRa17FcNY4xw
Pool Robotics Inc,ChIJRRvAXUx1LIgRCn1shC4ewBY
Large deck hot tub massage chair and seasonal swimming pool - Queen Room with Balcony,ChIJff-WFy_x0VMR-MHrcg9ArM4
Arctic Spas Windsor,ChIJ4VYhLzQrO4gRbCQysGXPMuk
Groupe Materiaux A Bas Prix,ChIJtbzDC1JOyEwRClqwKR9PQNA
Jacer Arboriculture,ChIJJWXrdAQhtkwR_SX1QwgqK6k
Ta Ta Creek Farm,ChIJOej3DgDTelMRtvxorHAsvbU
ACCESS TREE COMPANY,ChIJcy6KlMHf1IkR5EiPScvrV9s
jyjhomesolutions,ChIJp7sWBCZR04kRPnAV6Rt6sbE
Rudy Rutsch Bench and Tree,ChIJVUY1Ew7ZKk0R7Pxy0uJwH94
GROUPE M&A INC.,ChIJZ5czsYgJlEwRwoKFFDiOLjU
"La Casa Bella - Luxury, Comfort, Pool private SPA - Superior Chalet",ChIJSQeJanJgx0wRiWAYWqu6Scs
Peck's Housekeeping Cottages,ChIJBY_cGACoQksRsgpgvswnGeg
Adonis Tree Service,ChIJVVWl_LVVdFMRuIyCPQNmcUc
Hard Hat Hooligan’s,ChIJ_crVfnvXpwwRj4FQ9kDKBYU
Soul Tree Therapy,ChIJqbKPw53V1IkRvo7ioL8v_jA
100landscaping,ChIJtdrtU4thK4gRadWQQ1Fj5hc
Construction DSS,ChIJPR4VhvYtz0wRFW6qs2Spkk8
Boxer Property Maintenance,ChIJMZCtE_3NLYgRhcwpUVcShkY
Kingsville house w/heated pool,ChIJAwQs9u_COogRO2EwqvVTOHA
"Aisling Lakehouse - House, 4 Bedrooms, Partial Lake View, Lakeside",ChIJPcsDC7uvK00RWxlnokp9U60
Wash Pool,ChIJ7UoshMF7Z0sRjU5ol8cETso
Laye's Asphalt & Property Maintenance,ChIJkTWQDzN9KYgRPwLgAIZWxE0
ArbreBoivin,ChIJ9S-AbpWbjggRSU1_srghJ9o
Kelowna Hot Tub Service & Repair,ChIJg7obWO2LfVMRXePgy6QzJwk
Grey Sauble Conservation Authority Admin Centre & Arboretum,ChIJAQDAdb77KYgRIAf3G0KUauE
Karson Group,ChIJHRXVlXsC0kwRzdkeQG_tBU8
Economy Sod & Tree Farms Ltd,ChIJ3wRMWzQvoFMRvIVGND7JbOA
Living Friends Tree Farm,ChIJ4SaTGoNAcVMRgMxOIJ6mYC4
Alton's Tree Farm,ChIJwT6PZXa50kwReX3rDeNCLtc
Paysagements Desrosiers,ChIJw5tjJAY_vY4Rx-8K86gsThA
B V Pools,ChIJFQOv4Fe4oEwRNyYFr4qv4yQ
The Flamingo @ Stackt,ChIJ0ddPuBo1K4gRwnD-MHmU-9o
Frito,ChIJQWxZ8WM1K4gRbEOON4MWN4o
Andersons Gate Repairs Markham and Installation,ChIJITSPhbfV1IkRxffMEKC1mWQ
Downtown Toronto Tree-Top Gem,ChIJzwmcuEnL1IkR5hkW9jTxsLA
The big tree,ChIJt4rcDgDL1IkR8wEReDlVjm8
Floor Designs 2010 Inc,ChIJa4SUoiGHblMR9PezHAiAZU4
Wood & Wonder Studio,ChIJsfoMSzQ1K4gREvEzdSlhJSQ
Thermo Piscines Inc,ChIJz9tgoRjOyUwRyQLqfS1HNF0
Bow Flooring,ChIJ1fcfbszetwMR-OeUC4KZ_1M
The Giving Tree Gift Shop,ChIJVwfbv2Cte0sRrBt6Q8lmILU
Calgary Roofing Pro,ChIJQ3v3cBPorAgROL8zdabZwHE
"Luxury Cottage Rental with a Hot Tub Situated in Halifax, Nova Scotia",ChIJe7np4RFNWksRPhxqZYT92qI
Luxury Villa Inground Heated Swimming Pool. and Hot Tub,ChIJmT4-AqueLogRY8czwT-hKGY
Ever pools construction,ChIJO3nJibEtO4gRftQFSBIGyUE
FWC Welding Services,ChIJuwUjMCF9LogR1xdEW_x4o_M
The Tree Is Eating The Fence,ChIJ_wApFgAZyUwRok9lH_Ob5V4
The Tree Of Life,ChIJq9tuMHcayUwRtvU5CsT1yYU
Hudson’s Asphalt Services INC,ChIJ455d_h-dcVMRJWzYzo_mHdU
Src Barb Wire,ChIJIVmL7H_jbVMRNh70Kljl1uM
Clouds property management,ChIJkYJlzQudoEwRnieqSvqoxt4
Blackbird Collective Inc.,ChIJnSrawXEVowwRmiRjhlYm3Tw
Arctic Spas,ChIJoX_3oqstE1MRLuMr_xfxdGs
Tree Bench,ChIJYfoCmbo9yUwRyILCjMpI5PQ
Hari Stones Limited,ChIJY7aNTKLyfVMR2yu5FtOlh68
Wild & Wet Hot Tub Rentals,ChIJwR52mKstE1MRxUY0i-xowBE
Vantage Urban Developments,ChIJqSMsk2hzhlQRA39S2XXwtzo
Future Paving,ChIJJZNE9iYnWksRXMI8IhyGoQc
Riverside Home Renovations,ChIJx_Obc71l6lIRn5LsQABrii0
Lim's of life,ChIJE8uuar-LflMReHvwk7ZQkXc
Shuswap Pro Roofing,ChIJp_QnukP1flMRs9FwsRoIhBA
Atlantis Concrete,ChIJp95LWVXPhVQRebKtzyMdwfs
"Fairway Excavating & Concrete | Moncton, Dieppe and Riverview",ChIJE3UcWpK5oEwRWa6WvJepGz4
PCSQ Stornoway Eurovia,ChIJZwjbGgBvt0wRq1q3DN0Jryo
Résidence Élogia,ChIJ55rPZQAdyUwRsUQPG1V9pMY
Beautiful Lake House for Rent,ChIJTYUaX3hXWE0RhimnFzf1i5c
Davey Tree,ChIJP9wyRwCviFQRBhcedshg8PU
Polar lawn care & landscaping,ChIJaV7wth4UImwRRpe0ECnlTZg
Lika Christmas Trees Farm,ChIJtcAhIQB_LIgR_NkB6rKtFXA
Alliance Leisure,ChIJO860DdrYhVQRDc_w4PwnD6A
Laundry mat,ChIJ41qqFQAX000RcGX4Ps6DVmk
Hot Tubs,ChIJTXs_YyDQhVQRLWu4I9iLbYM
Healing Tree Indigenous Services,ChIJrd1eJf_16lIRbEvv6fLYb_8
MIP Mississauga Gate Repair and Installation,ChIJ-wUdmdQ_K4gRqwWSaNb3KL4
Deck Builders Oakville,ChIJP7LDH8ZdK4gRpVwmbseTzAc
OBO Caledon East Gate Repair and Installation,ChIJedPjA_gbK4gRU7fRt3ipeMo
Duane Hunt,ChIJZTDmQUYeHFMRP1FTRL8ykEs
Lloydspas.ca,ChIJY6WwZouzCVMR3kqwAL_hH5o
Aria plumbing and Drain,ChIJFYMEWVBJK4gRE4k2DL7AoK8
Cutting Edge Landscaping And Snowplowing,ChIJx9EFjZU7K4gRtwJLTDXFDHc
Wet'N Wild Water Company 2000 Inc,ChIJxTFOJDgeHFMRQZu29OwpzsM
"Rustic Cabin Rental Nestled Among the Trees For a Glamping Getaway in Gaspé, Quebec",ChIJV52ipImXm0wRgeMHomPsBis
CK Tree,ChIJH0Gkop-_m0wRaVL6m3VEIkI
EVIA LANDSCAPING LTD.,ChIJex7vjs4LhlQR8sp6bxTjSi8
High Caliber,ChIJHxdrMi87K4gRK71GD2D3UMg
Pine Tree Harbour,ChIJqTlYLfAbLU0RzZMS-2yqpDA
Les sols cardinal Sabliere,ChIJr_qKeQCTyEwRjnXcZPELG_c
Paiva Construction Group,ChIJrf2zNUjdKogRt57ku2Bh8cI
Jones Bluff trailhead,ChIJHxV1ac-_LE0R6BPm-k7cCZ8
Elite Vista Landscaping Inc.,ChIJNyAe2AHnhVQRRH823KmtPCI
Larch Tree Farm,ChIJZWRVfwBRdVMR6EAWM2v9Uig
Écono folie,ChIJH7-h4-V5yEwRr8SRCmfvKdU
Belle By Elle,ChIJFdyjPqs_yUwRbs0p8LgqXaI
Pidgeon Tree Farms,ChIJ4yCt3D-fcVMRDW7ZqF05c8Q
Restigouche Cleaning Solutions,ChIJJQXlbmEhmEwR4WpVH3ZZAZE
Three Trees 三棵树,ChIJU4rKCwDT1IkRoHGwkbTvdJU
Tree of Life,ChIJ8UDrPkgwK4gRNLhkEw77hyQ
Teresa Ferreira (Tree),ChIJR-389tI2K4gRZW_SClCBQZk
Gateway Materials Ltd Halifax,ChIJU1HyAnaKWUsRmJZFyKn7Fb4
Skinners Cove,ChIJVwuJKwCVXksRpiFH9E9Wv5c
STK Synthetic Turf Kelowna Inc,ChIJOeMK7x-NfVMR_ZvPOxbcHyE
Reparations Quatre Saisons,ChIJ2_-nNwA9yUwR1pCgXVqPtxM
AquaEdge,ChIJT6aFSlKZcVMRs9bYO9b0LMI
Summit Forestry Services Corps,ChIJZXlAeAAB0kwRnNgx2GofA_I
Piste cyclable,ChIJCSLuXwAbyUwRYNALw_Ox46E
Cutting Edge Landscaping And Snowplowing,ChIJ__8DjFUUK4gRwCdymqx429o
Sunningdale at Richmond FS WB - #2880,ChIJAS6k3PjuLogR-1DkQTsuRd0
The Henry Tree,ChIJC0HhQAAHzkwR40rtXOtvYY8
Canopy North Tree Care,ChIJKYSzIbKw4IcRHVbQiX5wFUY
Tree Canada,ChIJVVWpUEkEzkwR6eRuIkfS3_4
Xiuming nature farming,ChIJ94ZeMMELhlQRg_3PmRUAKOI
Mouvement Communitas,ChIJp_Io0EUayUwRGf8b67VTMVA
Cal Spas & Billiards Family,ChIJ-4lMHPhwcVMRHji6dDlZ_r0
CALA Construction,ChIJi1DRo4xbyUwR2XPCggG8Gpk
The Very Best Property Detailing,ChIJ7f9gv19q_GARqytp_nbIBAE
Heart And Soil Homestead,ChIJAwnuk6P7l1MRrgsEAkkw5rI
Bois & Materiaux,ChIJ_6I0z-Omz0wR1vfiRVYfmU8
Au plateau,ChIJQb4CdQAbyUwRru_pRmQI1JM
Ferme Mijabo inc,ChIJQV5DEgDhx0wRtBAYShEUUE8
Élagage o max inc,ChIJu-gxp3nhyEwRIlVZlwps0k0
Concrete Design Studio,ChIJ2f7Ur-3b14kRW3jb2VOK0i8
OxiMann Okotoks,ChIJF7xzI0Vf4QMRgX9saXn6j6Y
Advantage Cleaning,ChIJT6WrTEgrE1MR9ou-YfyhxiE
The Windswept Tree,ChIJh47zYNuXK00RBDCEO51UD7c
Shoe Tree,ChIJKfGmYwAhLk0RG77-r-BPpL8
Delightful 2bdrm Church w/Incredible Water View!,ChIJ0ZI7cH3O14kRB-FhnuLlkqA
Niagara Handyman Services,ChIJOwg2D01R04kRzpYFNlYuKb8
Niagara Landscape Services,ChIJFdgMI2mVb6YRrL8SYCy1QaA
Custom Utility Solutions Ltd.,ChIJV0ncZBQB1YkRgcDIy1WiwDY
Advantage Spas,ChIJ6Sw_BV0sflMRnTVK1PssKEE
Brindille - quincaillerie végétale,ChIJfQL_sKwZyUwRVrMRKHDpGcU
Hot Tubs Bbqs,ChIJvfu5SbeaiFQRj7or9WtAA3E
Trendy Resorts-Style Condo + Pool + Gym + Parking!,ChIJzw5x9TrL1IkRVb4ecTjS9Zg
3 Trees,ChIJX1Wlu05xhlQRgV71WFQ2QvU
YXZ landscaping,ChIJ_eO5lCcvK4gRfjJlrlE_3jU
HOT TUB Waterfront Estate on Prestigious Bay Beach,ChIJn3jgWUA804kRXfmw__K-9Ho
The Stemwinder Solar Lodge by Simply Kimberley,ChIJ7_o6W-3UZFMR1ujXWaNay50
The Stemwinder Chalet by Simply Kimberley,ChIJkYNEFu3UZFMRu8JU1pHW4VM
Element Disposal,ChIJueQtqoI3klMRz2Gcc9XIt-8
"Ômage Hotel, Montreal Laval, a Tribute Portfolio Hotel",ChIJjVUvznAjyUwRKwEOraS6PeA
The Residences at Telus Sky,ChIJKdn4f_5vcVMR6Yqt5ZywH9M
The Hardwood Tree,ChIJ_3yOXKL3BFMRe2HXl-dplUQ
West Coast Natural Pools,ChIJSQ0ruLUDh1QRMddr9g2pkwg
Hampton Inn by Hilton Montreal East Anjou,ChIJbc4ud_8fyUwR48ZvSAJ046g
Shop Santé Dartmouth,ChIJ2fQYJwAnWksRc6-eYiw7ViM
Operation V Studio,ChIJKxKXrXkZyUwRDxZC0Jfc9iA
Municipal gravel pit,ChIJ9RoaExfVWEsRPiH_8EEZDuI
Les Gazons LG,ChIJx-KemIlRyUwR5KeZuNf9Ipw
Kross Farm,ChIJKWOWzxz3CVMRwIPVW8wObjQ
TNB Naturals,ChIJuxuHykS2sCgRZMTykmALfpQ
Steve's tree,ChIJGeGlNQBlWUsRvJ9GI-JXeYo
Ld Tree,ChIJtcl-92rtLogR90yk0sEHaX4
Tree Room,ChIJlQBp6AHyLogRjQh4rnXzCHE
GLA Windows,ChIJ3xB5c1lLwlIRFz0jDV0dbZg
Vitrerie Richelieu inc.,ChIJBbZAPwCNyEwRcvKRfg7u32o
Sauble Sunsets,ChIJo2DfKwDZKYgR77PYJDpdYGo
Quick Chip Auto Glass - East London,ChIJnwwHjiXzLogRLFBkfuZE3jo
Mangouste AI Inc.,ChIJN_84bYvdfwER3gh1y02OFVk
SecuriTech Domotique,ChIJ01iY1dId04ERwgjFvUsuSCE
AutoKey Express Locksmith Services,ChIJnUkpCTvV1IkRtfl4BHXj9b0
LOCKSMITH GTA,ChIJkUuD9y8tK4gRsth5Q3FB0GE
Door Nexus - Locksmith & Doors,ChIJ_3YHyhotK4gRX7ET2FOxD5Y
ProPlas Windows & Doors,ChIJuRTKOCCxKogRw8iL0g7S24A
Son-Mar Security Inc.,ChIJr-v5TZsAL00R1yI85GNmhqA
Hall Glazing Ltd,ChIJzWWAhdbThVQRNp8b983mj2A
Durabuilt Windows & Doors,ChIJUaPSSb1eBFMRz3S4qeGqsRE
Accès Solution Inc.,ChIJBZpneG69uEwRgV4c-djeXYA
Cozy Cape Breton Getaway!,ChIJeRvFmnEuXUsROk2OJygSmA0
Maximum Quality Window,ChIJF_ussWM7K4gReOqvEst61-8
Viewmax Quebec,ChIJ9THcejMXyUwRPxIKgPyAENg
Kulu Windows & Doors,ChIJZ-h39Sx7cVMRdU4PiusVvEQ
Entrium Doors,ChIJh5TvXSWJglQRdudoQcrnivc
G-Tint,ChIJqeHmtTojyUwRNcISIRGyzGg
Window Craft,ChIJLWkjeYt7cVMRM5GlxjbUxZ4
Aligned Systems Inc.,ChIJ65FVr9dHhFQRQHEGXfliuuE
Sunrise doors,ChIJy1XwfwDLhVQRhYacgHFMEnM
Finest Window Coverings,ChIJjeV-N8p3hlQRKPyoUlVYPw0
QwikGlazzen Mobile Windshield Repair and Replacement,ChIJ6UCsH317cVMRRBQWQVWS2gM
Retroteck Window Mfg Ltd.,ChIJ__8_zKnYhVQRGOYnN-swhKI
Safe Harbor Security,ChIJm2ypg13ZhVQRWAa9BXJPqg0
Lower Mainland Glass,ChIJxcQ8NvxxhlQRaVeerMqzd5w
Future-Bridges Technologies & Security Solutions Ltd,ChIJOX4PaTzbhVQR7Bp-nWTb6Fc
Ecoline Glass Ltd,ChIJv_7WfWlxhlQRaT1R8DxHw-8
Gienow Windows & Doors,ChIJh25-1EnfhVQRCc6GjKXYgR8
Chrome Glass,ChIJ8wfjJ_h1hlQRqjLLXPiESK8
Explore Glass Limited,ChIJga3HwoN3hlQRAz0KbXnv_qY
Expert Auto Glass,ChIJHbMlsW5xhlQR98-5Tmw3ed8
Bendini System,ChIJ7xtEM7FxhlQRUxelBYLND9E
Glacier St,ChIJz8ojISPxK4gRQNhBPgaSI9s
Lux Glass inc,ChIJJVQBHjVdK4gRSWRUbytOI2A
Crystalview glass,ChIJs_vl_9sVK4gRuozLsypLIXk
Convergint,ChIJc9oUXKQnWksR0on4BFqfIBY
QSA Life Safety & Security,ChIJX23ybb1TXksRAiSDpvsDHTI
Jesko Windows and Doors,ChIJA4iCygmRdFQRFdrbrKhTAmw
Car key 24/7,ChIJjc-UJj8RzkwRZ-ezOd-LweU
Peace Windows & Renovations,ChIJJ85mkqyWkFMR0hLWRcfkuq4
TRUSTPRO Garage Doors & Openers,ChIJ32uTJgArK4gR6mMvLeQ0qe8
Yukon Protective Services | YPS Security,ChIJ4SEFKA_f1IkRTROKZkTVnWM
"Driftwood Beach House, Beachfront Home, Hot Tub, Family Friendly, easy access",ChIJhUZndaMEj1QRY25GTGV5yhU
Unforgettable Oceanfront House on Vancouver Island,ChIJg9dMqF4Dj1QRrnoeKINjV38
FOBKEY LOCKSMITH,ChIJz592qQTL1IkRO8ObDsnMq2s
Securiteck Protection Services,ChIJL-yMKPF-xKwRfaQtEvDvX30
Canadoor Garage Doors Orillia,ChIJtagEIIepKk0RLR4xvnSm5ks
Toronto Locksmith Services,ChIJ8a6kJPfL1IkRORHcz9Wh5E8
D Wireless,ChIJK5xUJgDN1IkRJhcCup0gS5k
Ecowise Windows,ChIJ70rzwg6yLogRNsc_F6nzuxQ
Fortress Windows & Doors Inc.,ChIJWeKa5eG7KogRcDkT4hZPyZk
Mayerfix - Réparation de portes et fenêtres Sainte-Anne-des-Plaines,ChIJcVxJ76kpSYARFf6q8hsMjPE
BlueJay Guard Solutions,ChIJBXwXGRm3WEkRwYVnXI2c01E
VitroPlus Notre-Dame de la Salette,ChIJu3XyVwkpzkwRTmWoSeMkUEY
Vision Overhead Doors,ChIJF2tElluPflMRBD2n6XEWRk8
Prévention Incendie Safety First inc.,ChIJKfaZSQC9uEwRJjKwVqkV_Y8
Présence,ChIJk-26egAdyUwRsvEyU5pNLRw
R&D Doors and moulding ltd,ChIJEyzwoJnbhVQRnNEKkZlX4o4
Calgary Garage Door Repair,ChIJ9XIJ3_1xcVMRPpwvPPvHr8o
Atlant Windows&Doors,ChIJoZGj4qHVKogR4zw3y23KdIE
VIEW TECH WINDOWS & DOORS,ChIJ9U_jkMQ7K4gReMiIckPHXtw
Alliance Door Products,ChIJdwY6b3t6cVMR-SgdngPMZ5c
TEKE DYNAMIC,ChIJUYBWCKvOeSkR-hHddcVvUsY
Mclean's Overhead Garage Doors,ChIJyU7omr1VXksROV0sjfbPfow
Upx glazing ltd,ChIJVZqjJcLbhVQRCEhhCJLv8Go
Gal Wrap & Film,ChIJFXsLSu7T1IkRHxbyMkbWSxw
EJMS Sécurité,ChIJP9JlOW4hyUwRJBxe0tmTVJg
informatique cyber field inc.,ChIJOT2Meo4tz0wR0LV8gBFA5I4
Sécurité Précision,ChIJTxgDNJv2x0gR9rJGGt89iXc
Drakashield Solutions,ChIJlamva-l3LgQRbyUbhS2WfPk
SolvX solutions,ChIJF3xIudFx20YRaRILOcR2GJg
Lake Front Log Cabin,ChIJRUdiVG4d1UwRryT2HIP6oWw
FemmeSécure,ChIJR0UndwApyUwRyfZP_b8iJXY
Ancaster Glass Inc,ChIJAcxwPbCFLIgRsI1OiASwgbY
JVF Security,ChIJxzUfOR9-ayIRJalVE62Gc2c
VS Technical Solutions,ChIJ64WiG5rX1IkRojukSh6guAc
IronPowered,ChIJ50gPeDE1QasR6lHMDg_fdQs
Safe Masters,ChIJ7U8GVADX1IkRi-sbUWxQOnM
Core Connections,ChIJ02ahyNh5vSgRZ0GZijYLr48
OBIT SOLUTIONS,ChIJvUcCn9A9K4gR6YbqvQHq6QY
North Atlantic Door Systems,ChIJVTrYsBZ0W0sR_RdXfIUECp4
Guardian North Security,ChIJJePc2bSPn1MRQMwBRUZSSa8
Fob Express,ChIJ6cF9DyLR1IkRQsjHZmpZSno
EDM Security Cameras & Access Control,ChIJZZ4VPsIZoFMRgCVvp1o048Y
NOVUS Vitres Dorval,ChIJVfvJw649yUwR7Q3OkOny81Y
Car Audio Garage,ChIJPViMOCE7K4gRuGBnU8hf9oI
Portes et fenêtres Maxima inc.,ChIJU_hqOMk7yUwRlll-I16nwp4
TRUE,ChIJ9VnefszVfFMRa6YCn-7tkJc
SecurityPros,ChIJobpOwEjasQ8RoLlBaHZeNL0
Onsitehelp IT Services Ltd.,ChIJsxjKw-LL1IkRMqG2UkBnMIo
Easy Window Wells,ChIJhTVcCqzLhVQRYVSb0z8y-t0
Ecotech Window Ltd.,ChIJB_AXvGTZhVQRAYT1QNjYVac
Langley Auto Tint,ChIJ1St_oODPhVQRwX78WQ_98cs
Abby Glass Ltd,ChIJ575CWGDl3kURvIf6T25-Orc
Pacific West Custom Glass Inc.,ChIJcxFJjR95hlQRIE81-Fl145s
Becker Windows and Doors,ChIJp1EH_QphK4gReJgZBB9VQ6U
Best K Locksmith,ChIJ23xJcY_7zUwRv6sf1ojtudg
Canstruct Architectural Supply,ChIJC3wndQJhK4gRK8fOGLN9z5c
Alex Auto Glass,ChIJsRwzotff1IkRTTdSTNZr1_M
Dofasco Door 401,ChIJh5-tZwCfLIgRZZ1dkN2baAA
Natural Glass LTD,ChIJD8GhRDUloFMRUasfnjzPWpY
KwiaTech Systems,ChIJv7fYoypx6lIRJ3jv2AZleiY
St jerome,ChIJiypjfgARyEwRyCtnQ1AUMaM
THE SAK,ChIJwVuNQdm7uEwRkvR-cNp9QSE
4JS Garage Door Services Inc,ChIJ7VJLPEDkYmMRP2cqwBmVM7A
North Ethernet Technology Inc.,ChIJMbzzJ9L3BFMR_WLiCQB_CfQ
Glass Bath Doors Toronto,ChIJ0XAygZcxK4gR1ketnKGGh9k
Iron Blue Glaziers,ChIJUWFeHEf3BFMRSfyKKFzeCOs
South Channel Island Retreat - Boat Access Only,ChIJ-YXPhA-kK00RzwohQWmc1qE
garagedoorrepairyyc.ca,ChIJJYv5MEF3cVMR6shD3ihW2sQ
Royal Oak Garage Door Repair,ChIJzcaI23FpcVMRiwf7L6ApUl0
XinShield,ChIJ_1XpE7rV1IkRowpEqfPqamQ
FSI,ChIJ5bKcMQAnWksRdfl4O4RpwHM
Glazier Rd,ChIJ19RKIsgLzUwRFrxXCochw5Q
Alarme Inter Securite DL,ChIJJ8IcvGnOyUwRAERlgAy1MvA
Protection Garvex Inc,ChIJq6pWqTrBlkwRSSacsRhztO0
KENTO WINDOWS & DOORS,ChIJrRWw4O7ReUsRbfmsdlqcV-A
Portes et Fenêtres 207,ChIJr7fOFlwVyUwRqIVfujCH1_Q
Alliance Portes et Fenêtres,ChIJFRbPwMH_yEwRpXv50pszRFc
Smart Edge Security Solutions,ChIJeQLkdfDbhVQRC2MRdXexL9k
Customized Alarm Solutions,ChIJBUJsOPlCDw8R6vGFk7L_Bns
Futurtec communication,ChIJr1RDDhujyEwRKE24vgL8TXs
SSRG,ChIJgxMQjf13hlQR8yNtqfd-HjE
SafeNex Ltd,ChIJ-UXeFL7FhVQRY_dBfY_ATlk
Enterphone and Apartment Intercom Service and Sales,ChIJW-gMhz13hlQRwlT3p0re4kY
Wares Muskoka Lakes Estate,ChIJe3pMFUCMKk0RirnMotrBii8
Clopay Garage Doors,ChIJk58Au6HPhVQRNW3-lPw9NXY
KMAC Security,ChIJR1e24TSZzkwRlpvXIJxusIE
Sams Garage Doors,ChIJlwqz5UbUhVQR3jU8V--YUDw
Ottawa Septic Systems,ChIJJ111lEPrzUwRRr5_Idq1v-Q
Bium service,ChIJDT8VuZ-jyUwRbOerlMCnsw8
Kinnear Odcc,ChIJlQbm1k09yUwR9q7kugzH2u0
Secure Living Solutions,ChIJBSI7TGmNLIgRfwhCuHwdtEQ
Speedy Glass Lindsay,ChIJcbnVVBh51YkRHIVxNJpajpA
Clear Guard Security Film & Home Fortification,ChIJQ_PS1iQrK4gR3DQ7EVwS78g
Chromium Guard,ChIJyeyZY35HK4gR4djWWjEeES8
Service Mobile FormulePneu,ChIJw1y0DiYjyUwRglIxWPndPlo
Plomberie JKM,ChIJLSQaCrMbyUwRFjrMocNqnk4
Wrap Shop Inc.,ChIJC0vLkvIeyUwR4pTweqEgOnw
Beautiful condo downtown Montreal with a rooftop swimming pool,ChIJOaBnP60byUwRUk_pFg5o0Ds
Piscine du parc Hartenstein,ChIJT5hBCgAZyUwRaFKK2kgrPII
Walmart Pneus & Lubrifiants,ChIJX5QRbt0QyUwR9AuPLDS_8_Y
Espace SlimFit (Mellem),ChIJQ0_418cdyUwRhz7QVGVs3U8
EXPRESS ESTHETIQUE,ChIJ1xJW54gRyUwRT25iCZHebIM
Loc’d In Studio,ChIJUyPafmsbyUwRX63siQaWYc8
