name,place_id
Bayley Road,ChIJs8FTZizybG0R48fVPJm-oW0
Andre's Handyman,ChIJ4dFUIyojbW0Rb4TkYR3Gyy8
Waikato Pet Groomers,ChIJITEzlgQjbW0RimxPAvxm6aQ
Auckland Carpet Care Ltd,ChIJLzGPlD9HDW0R-m07pClAOvo
Real Star Carpet Cleaning,ChIJ32hHE-Ae1SoRuYA3-8p9mOg
Dream Steam Restoration Ltd,ChIJ0bTs1wVzfIMRznZQrSoPhkI
BOP Paint & Wash Limited,ChIJPS9Vc9jZbW0R9I-flnCVLAw
Māra and cuts property care,ChIJw9MRJNHbbW0R0pbN0Of7d6g
EcoTree Care - Hawkes Bay,ChIJkwrqmidRTiYRZ8TI3DE0Ko8
Gardner Place,ChIJmf4V6tyQQG0RdFlQ2ZrmWLI
Awesome Helpers Limited,ChIJtav2_5HrvQ8RCBu3QFQA3YQ
Smart Lawn and Movers,ChIJRXHgBKgjbW0RpksQdN8INEw
HappyLawn Hire,ChIJ-4tueHPtO20RupVfTjnYqaE
HP Construction ltd,ChIJtT4-6NlNQG0R0FjyPxn5Dak
Alex The Arborist Ltd,ChIJ4XzmylyY6WUR1a0h43_6oJg
Neatline Tree Services,ChIJCV2R9o7pMW0RnpXm0Dk536c
Suzanne Green Landscape Design,ChIJMXGingsf1akR_fmYp9e4GU0
Shiv's SlickStreet Detailing,ChIJldg1Mf4DLKgRfLbYJoulICE
Wayne Morpeth Landscaper,ChIJtZla-w95Zm0RdKjfb_S7I0g
Jim's Dog Wash Flatbush North,ChIJn_BgeuNTDW0RaJIuZff1WAc
Stay New Auto Care,ChIJqWfpVC5BDW0RJoJ_TAp2bNc
S.Handie Repairs,ChIJE_q9635NFG0RpEz0XjjIthM
Te Atatu Lawncare,ChIJJ97VPfQ_9kkRxOnoiBaNlVQ
Far North Watertank Cleaning,ChIJSzyb-E6bCW0RLveDjfOFiWc
Home care Lawn & Gardening Services,ChIJI2okPuatcm0R_fDRa2-qjeU
BJ LAWN CARE LTD NZ,ChIJE5DNTACtcm0RRrrQog3qNBk
Motown Mowing,ChIJy5PlfPxTDW0R2tJMzuTkZas
Eco lawn mowing service nz,ChIJ48AkhR9TDW0RyEQyr0wiuLY
Ka Pai Contractors,ChIJaejgGEpNQG0R0AMcIQIUynE
Priceless,ChIJ20ZjpJsTOW0RHj4OvY4Ffts
Hydroblast Pressure Washing Ltd,ChIJvZ0KYMYXJkERIum1cYx1J08
Paw Print Parlour,ChIJNSpyHQCzQW0R7xjkH-aIJHI
TPNZ FORESTRY,ChIJx6fUUvjJC20RsjfO08xDhp8
Jim’s Mobile Dog Wash Silverdale,ChIJf6L_tDAlDW0Roy8zlLAAIXE
paddockpawsgrooming,ChIJoxzdIIc9DW0RC265bEeGxR0
Foodscapes,ChIJU1aguUsxE20Rv005IE1Tgf4
Window Wizards - Auckland Window Cleaning Service,ChIJzf4bSzw9DW0RchWFcld62ZI
September Dog Grooming Christchurch,ChIJR9EbhgmLMW0RC6O_EPOlxXs
Easy Peasy Dog Wash,ChIJ3dmMGByJMW0R-Z7E7IJqPR4
Fiordland Community Orchard,ChIJi_vZIwAP1KkRIS21p67QanU
PestAside,ChIJVfauZQYIYg4RCCmLin9L10k
Ride & Shine Elite - Premium Hand Wash Service,ChIJ68StdA2LMW0R9-MzYb5qWWE
Tomahawk Community Garden,ChIJKybOWQCvLqgRuSS9DLJKc6Y
Precision Painters - Motueka and Nelson,ChIJ1WvlcyGu_g0RBDjIwhrkxZI
Star Lawn Care,ChIJ5QKyXtlNDW0Raw9Ml2uJwMg
Wairarapa Treescaping Limited,ChIJRUjbVSIhQW0R6zI34VYF3Wc
Clean Globe Southland,ChIJSYP2jc7F0qkRs8635b0lJGo
Hiflo Renivations,ChIJGexkZwCZKagRZzxR7hq0PbM
Gear Bliss - Pram & Car Seat Cleaning Salon,ChIJB99L8_87DW0RJjWpI9z6_ME
Paul express car detailing,ChIJL4LzYpdNDW0Rz1acXbqArX0
OLIVIA CAR VALET LIMITED,ChIJ2bKsNwCtcm0RLa2AjskNtxs
Crystal Coat Detailing NZ,ChIJc45qgefLaW0RBRJwOqq8iTQ
U-GO Old Hutt Rd,ChIJ85VxRHuvOG0RCmNCtd_yRqM
The Woof Lounge,ChIJbznu-DehQG0RaAlyB8UG8cw
"G.J. Gardner Homes Nelson Showhome, Richmond, (Summersfield Palms)",ChIJpRovE9mXO20Rp7ST076wNTM
Economy wash,ChIJ774gvu05DW0RrtJgCd2XGhU
Aster cleaning solutions,ChIJZev-2FKtcm0RhoZI5MZhCPY
Beachlands Car Detailing,ChIJ-yG7DrGrZEURTfTt7NwPVQ8
Marlborough Roofing,ChIJxRXt6a8TOW0RbkDOGmNFeG4
Platinum Autoworks,ChIJpzOu91WLMW0RnIek41wYE8E
The Urban Trimmer,ChIJ7QYmAl4hMm0Re-7JYSncjN4
Mudfields,ChIJ-75ZQBntbG0RlbjIrDh6d5w
Jim's Dog Wash Hamilton,ChIJD_bSMJVVbW0R3XIY6FaUfxQ
Yard Brothers,ChIJC8BNHjE5bW0RSmt0vNK8M3o
"The Wash Club, Nelson",ChIJp2TxJIKTO20RWB39y67SF5k
Gooseberry Gardens,ChIJxWrGtbshMm0RujUeyk1RHE0
SANZ Trellis,ChIJncQ83Uqhbm0RLOGzo-kpe_s
9 Lineside Road,IjASLgoUChIJRd1KSSaSMW0RTqcM7d_nbkIQCSoUChIJe3VLsbmTMW0RfVY5hnoBcHA
41 Warren Street,IjASLgoUChIJlc2yDk2sOG0ReOhKJrZVhz8QKSoUChIJURbBEU2sOG0RcT-8ZfnRYhY
Tickadeeboo Home Staging and Property Styling Wellington,ChIJqxCs7puvOG0RTMbrLvRTujw
TileMaster NZ,ChIJ1WUTIj-rOG0RD__V4Q1yr_Q
1 Shot Builders,ChIJU_ms6K1TP20R32NfZ8OqQgg
FullSpec Construction,ChIJP9RVbKD0wAYRn9c42r5GTNg
Atelier Sa&Lu,ChIJ9-8BUgClOG0Rqk0sx_QLBkM
Adam Tulloch Electrical Limited,ChIJD7lWABKrOG0RW72IzQHuqcs
Greenlane Eye Clinic,ChIJP5WZTQBJDW0RpPdH6CqRbrk
11 Simpson Road,ChIJP9XLVI9qDW0RdMhgY8rOciY
12 Javelin Close,ChIJSUiZdm8vDW0R2Yzj1Q0mhFw
Station Road,ChIJ9Wl_SzXAMW0RunhB2qJjNUg
Alpha Tax Accountants Limited,ChIJjQBvarpBDW0R7efxvUBNxT8
TaxTrail,ChIJySFQkNA7DW0Rn79nLI_XwnA
M.S.Q Limited,ChIJ48XHjsI5DW0RA3eht56O5II
Alpha Accounting Limited,ChIJPybqYyZBDW0RquhpOsfHF5c
TJ's Back Office Services,ChIJ94BjAQ45DW0RsrMou2In0BY
SmartDesk,ChIJ49K8EbhBDW0RVa_F32zDrVI
Core Purpose Limited,ChIJrcUsNQ9IDW0RNpbFvnnb-RA
Taxbusters,ChIJoVkqIHBNDW0RWRHEz1ncjbQ
Ang3l Studio Limited T/A Ang3l Accounting,ChIJeSTVY5XyDaIRMD94s_wkb00
WE Accounting,ChIJ6WPjjf9PDW0RcQe__Gvs5e8
Stagler accountants,ChIJM7m4XABHDW0RV8T7zdAkqYY
Evergreen Bookkeeping,ChIJ-f9SMYojDW0RBakOo7FniuM
FiguredOut,ChIJdbv0Er4lDW0RhqHDN2ASN_0
C.F.C Ltd,ChIJ9-UlrE_fDG0RE1sXnZFB5nE
AgilisCA New Zealand,ChIJk-D_sIBHDW0Rq6a3cMV2eO4
The Digital Ledger,ChIJ5yNes_BHDW0RzSeahhUNI5s
Effixo Solutions,ChIJf0ag8P62eggREqRr4k8ciOs
Acounta,ChIJXXWiQfpHDW0ROBkSqdervJA
Ensidium Hire,ChIJjcfEyjCRbW0RvdOruChGAXE
Val's Cleaning Service Matamata,ChIJ0zy9eYOtbW0RujmiBdGxVe8
Veterinary Referral Services,ChIJI-cglvUjbW0R0Y3oz3eabao
Marlborough Farm Vets,ChIJtV8aJMVpOW0RtreAF40LPHk
NZRadVet,ChIJvWqBH8hLQG0Rzu3fvKS6lqo
Harewood Veterinary Clinic entrance,ChIJXS7zfQCLMW0RTtOotRC7gy4
Tasman Vets,ChIJn82gNUyHO20Rc8W-Y0raxho
The Crowded House Coffee Company Ltd,ChIJcZq6Uyj1MW0RuvulVQDcXTg
&black,ChIJxW4RV_lJDW0Rsh_CJ95huMQ
Mingles Espresso Bar,ChIJe27zZwBHDW0RGrdLGlLGN3A
Oud Coffee,ChIJ-foPPwBHDW0Rs1QP0SbhQ-s
Crescent Coffee,ChIJKX06IAAnQW0RnKofeqWyuKE
Bobbi's Burgers,ChIJtSXJohAhQW0RscaUya3s-K4
Wahla Beans,ChIJG57glI_bbW0RGLpE-Zk06dE
Cafe Tech Fun,ChIJdRq_CLlVFG0RRqqoRpQ9sNg
Craftsman & Coast Road Coffee,ChIJ8SSzdP1jL20Rc8ejC7_Xg5k
53 Açai Pukekohe,ChIJKRsgBL6rEm0RYdI2Xjv96x0
Arches Cafe and Bar,ChIJkdHcZQBPLKgR1hYTbEueJ4A
Hamilton Fantastic Cleaners,ChIJ3caOfQAjbW0Ru2bO5ejJFmk
Mount Movers,ChIJIRgn7trTbW0Rg18kPstDdUs
Mighty Movers,ChIJbQq4tuA5DW0RitJIRAiH1uM
Lee Removals,ChIJ-8nPXwCVDG0R4vSeCgya0xk
MotoMovers NZ,ChIJK4NGcgGdlWIRSpayFJ1V1U8
Box and Go Movers,ChIJ2UFS_csDMm0Rl7n6yqukHqw
Indo Kiwi furniture mover limited,ChIJa8c11ch5bm0R7aoxTyIS5bU
DHL Express Service Point - Paper Plus Trafalgar Square (Collection only (Collect 2-3 workdays after HOLD request)),ChIJl3GoUTsDQG0RO5JDrHcCUYM
365 Movers,ChIJm2gFzJazQW0R3li0A35sjVY
Feilding Self Storage,ChIJ-fbAE6hLQG0RFv0zXqdGE6I
Hilton Haulage,ChIJgblaDABLQG0RJNMMyWYM4bE
iShipping Auckland,ChIJZ5F-4A87DW0Rp8DDl1E-1_o
Project Connections Limited,ChIJFyGrHPa1aW0RFLAkN-MCtBI
iShipping Wellington,ChIJP97hSuKvOG0RnrIPjQLV17A
安运搬家 An yun LTD,ChIJg0V8fBNLDW0Ru4QOG4mu7qE
Akaal Groups Ltd,ChIJ7746ledTDW0R7GsYHCDeAoM
G'day Mailbox Sandringham - DHL FedEx UPS Express service,ChIJnbQuKaBHDW0RdeB79QRm8zg
Alpine Carriers Auckland,ChIJG_4GGwBJDW0Rn99CKxp2N-g
Edendale Hire Ltd,ChIJB6upqLApLagRkJ-wkkWVq30
G'day Mailbox New Lynn - DHL FedEx UPS Express service,ChIJEVXH89ZBDW0RWk8mgbN9R5M
Mainstream Ltd - Nelson,ChIJYc0aFACXO20RhKwiQU4LMTk
MO BROS TRANSPORT LIMITED,ChIJY8c96DIhbW0RR0Fd1BNWKHU
Number One Stain Remover,ChIJGdw3vvEf1akRkFskyMFXgkQ
Trail Addiction Coaching,ChIJJ5_2-Xgj1akRbjAYrYz3PSs
Aramex Oamaru,ChIJzZ5sDgCZKagRYYzna7itaao
Baby On The Move,ChIJ9SkYqhUvL20RzEMhw46AOw8
Smart Start Interlocks - Westport,ChIJdRdSiNgHJW0R8SM4fSqZtYM
Ever Need A Dave,ChIJD6M4WGVNFG0RyEFwRfzpljM
Elijahs house,ChIJ8W2I38AfbW0Rqsn3DNCc6Uc
Eco Crate,ChIJaUL_yq85DW0RDo2nQC3_eic
DX mailbox,ChIJPyaYSQDtO20RQYn90l0tfV4
Tow Buddy Limited,ChIJxcL0nYAHb20RNK7wkw8y70U
B Bros Cleaning,ChIJEycqA90fbW0R6Ivyo-sCVk0
DumpJunk,ChIJi56IcFAlDW0Re_Vt2iha420
Urban Waste Solutions,ChIJs57KGUkZqwIRL4EqYHvc83w
Veterinary Imaging,ChIJbe5xiHM5DW0RFO4y0yzrgl0
Ezy Vet,ChIJy4Wv5upHDW0RJm6XqdV8Q78
Waitākere Home Vet,ChIJf-I6Unj9f0gR5Oi80Lr5CUE
Karadon Kennels,ChIJO1kBlVKRKagRfo6eiBWHW6g
Braided River Vets,ChIJhedJOgAHLm0Rc_Jgqp8ZEms
Waikanae,ChIJA6G2BgCjQG0RJ9lxMp1UBQo
Glamorous Nails & Beauty,ChIJndYpaCdT1akR801LINNev_c
The Glam Room Makeup Hair Dress Hire,ChIJWdkRKtQlDW0RCPCc_KHCbUE
Shine Aesthetics & Beauty,ChIJ31GCDACVDG0RY_z1I18C6gA
Create Beauty Studio,ChIJJdpFXRH7a20R0xHdK2JYyJg
Makeover By Vanshika,ChIJNYmkdaFNDW0RUxAeKugox0U
Le Beauty Henderson,ChIJ2-V52QBBDW0R_6L6hCyKqyM
Ritu's Makeup Auckland,ChIJF_uTuiZJDW0RhjIR0VpVa3M
Auckland Makeup artist by Mun's_Makeover,ChIJWbfZF1tHDW0Rtpb0MLZ--vU
Glow & Glam Beauty Studio,ChIJ8fJfGujzQG0RG-s9j8JEFS4
The Beauty Movement,ChIJIWSaiIn1QG0RM73qnwEr6iY
The Beaty Movement,ChIJuYhIFqXzQG0RhEaDpc4wXbA
"Ambient Electrical (Electrical, HVAC, Ventilation)",ChIJz_Bm-p8ZbW0RHJ173qfJm9s
Ur Home Appliances,ChIJ2XhJ7ywRe0MROxnjs_LmyAw
"Classic Builders Palm Springs, Papamoa Showhome",ChIJM2dv1PN3bm0Rt_V0cIoelEE
Signature Homes Papamoa Showhome,ChIJyTRC6Mh3bm0RUPt7UQOMfPc
Jennian Homes Papamoa Display Home,ChIJNW4laHR3bm0R2d_mrJo4YAs
W-fluff,ChIJo9yBo7ypOG0Rm3AraTk3CR0
Vicky Nails,ChIJXbEacxUDQG0Rm1W7Zs9ZMiA
Titan Physio,ChIJw1lDCRazQW0Rx4bfIBBLc0E
Reframe Physio,ChIJESov-wCvOG0RVrZzRmTgtpo
Heather Notaristefano Chartered Accountant,ChIJ8-rrk5Q5DW0RJwIYEUnLY1w
Tauranga Yards,ChIJz8TRG-vRbW0RsRLHZEAzLRE
"Gagandeep Lawn Rite Mt Maunganui,",ChIJe4K7o8TbbW0R8D23JNLH6Ug
WHOS Your Plumber,ChIJkRczlfGrOG0RLuNCrHASbJQ
Glow Massage & Aesthetics,ChIJabVOZXshbW0RfXccHPj5Lkw
Anointed Beauty,ChIJ0ZkIGdqzaW0RJRsBpIHPgs0
Foxy Eyes | Lash Fusion,ChIJE68JfEBNaG0R4p0n22gicZ8
Inner Beauty,ChIJHUsmtCTnbG0R7Ja_8sfy5U0
Roofing Auckland NZ,ChIJ6-VMMXlrQYgR1vLnykTNZ9k
Feng Ting Roofing Limited,ChIJ2WiXCNNJDW0RfAvTCVP_uqA
McKenzie Law,ChIJbzqBY2YSxY8R42Datd3-Uqw
Josh Harvey Barrister,ChIJu0iAggezQW0R7rKubsnHndM
Michelle Woods Barrister,ChIJceAtGIizQW0RDaldVjEcdXs
Centre of Movement - Rotorua,ChIJabMZX8UnbG0R5Yep2GaNfXs
Green by Nature,ChIJpd_fLwC1aW0R-1EcfyjvsL8
Optiflow,ChIJswcdi7mzaW0RgScrG3OeqUE
Landmark Homes Northland,ChIJdb_BAeOVDG0R15ufkpymK8k
Devlin Property,ChIJ6z0B_0ydDG0RFu_6IWI86Zw
Glow Up Nail & Beauty,ChIJBymW0lh5C20RA-HDGno6cBM
The Running Barber,ChIJvyC4pyN5C20RlAskyvkSliM
Ō2NL Project Office South,ChIJE4THOwCRQG0RyhokEGaDWbI
Cre8ive Construction,ChIJdRDxgA4nDW0RbhvLXchfgDg
Waipapa Plumbing & Gas,ChIJ9ThAdOzJC20R7FXTIubAz7o
Blenheim Accounting Ltd,ChIJxdTKAwAVOW0RE01B7X9Jas0
Invotech Electrical & Data Communication Ltd,ChIJN-K4jBxBDW0RL_mZY0n-29A
Rikkis Roofing,ChIJ_QJFfd17WCoR-vRKEDUwmSA
Trailblazer Accountants,ChIJw1ISs1yRMW0Rz6V84CBMMRI
NxtGen HVAC,ChIJqV6nyEf1MW0RkmAyxi_8KAM
C STUDIO,ChIJrf7WHw7PLKgRYtb-HaTNOEs
The Home Rangers,ChIJQfEP6WRJDW0RyXUO3KQuz8Q
SDM Law,ChIJwTYAC1lHDW0RTjSdWVwGC9w
Divya's makeover,ChIJJZAofjJPFG0RPI9z_7Ql4bE
Honey hair by Rhea,ChIJUXr-p-JPFG0RFh-BExpBxe0
TFlow cuts,ChIJA44FjjlNFG0RhakJhG89tH0
Putiputi me te Tupu,ChIJkxqbBwdPFG0R694vBUK_nFI
Straight Wire Limited,ChIJY5tLXTSRDG0Rsi9FaZ1sHiI
Electrocool LTD,ChIJmb5HkZJvDG0RCFJUsTpv92s
Hair Today Auckland,ChIJZxVZdQBHDW0RZKpi2aFhA8U
Black Arc Electrical Ltd,ChIJL6DApxyJMW0RI4so_qiqRNQ
Turfrey Waikato | Roofing,ChIJ3cwo604jbW0RCnLqzjBv40M
Trevor Mangan Electrical,ChIJrw-5x0lfOksRHzdorno6CbE
Nava beauty salon - christchurch,ChIJ7XN_yFiHy24RQfEmlO_WvIo
Motu Trenching,ChIJD9sQWtL1ZW0RV1RRNVF5cio
Rita Salon,ChIJx0S3BMvLaW0R9oIugxWRV2g
Laser Hair Removal with Alli,ChIJE02SsvLLaW0Re8vZTQ989Ac
Garth Munro Physiotherapy,ChIJ_ywmfwCPMW0RdhIkzEJ7VIM
Essence Electrical Systems Ltd.,ChIJpV8Mh5IRDW0RPF8FDdCW7Mk
"IQ Electrical Specialists, Electrical, Electrician North Shore, Coast, Auckland",ChIJ68WNkr07DW0RKd62IHwbp58
Reset Base Clinic,ChIJQwn3aOo5DW0RiC3Smbr8NRI
Qure Physiotherapy,ChIJ__ZawSQ5DW0REbzkxzdJumI
Core Connect - Pelvic Health // Neuro Rehabilitation,ChIJJ5htiDk5DW0RrzQ1allun4s
physioamatya,ChIJxT_wjWk5DW0RqkLvHtN9Vbc
Wairau Physio,ChIJATqfV105DW0RL441NmEUB5w
Makawe Rotorua - Bespoke hair by Toni,ChIJt54UBwAnbG0RPisBd25ueUE
Next-In-Line Whangamatā,ChIJYzlPkZl1cm0R48ywZeIzPiY
Mei Tao Health & Beauty,ChIJc7xoOE9GDW0RMF03-F-ZDjQ
THE BARBER @Holistic Barber NZ,ChIJrzRetZ5_C20Rr4029dBwTfY
Z Barbers,ChIJD3R0ZUp_C20RxHz1uJZcI6s
Jennian Homes Nelson Bays Display Home,ChIJ7QvsWACXO20RoQHPFUKQrsE
Jonesgroup,ChIJgS01wDEZbW0R6Mif95ebDCo
Maxwell Law Limited,ChIJYch6jTqvOG0RQ-m42oUupxc
Lawn and Leaf,ChIJxdAXi07TVawR62idrTiKxhY
Robinson Electrical Services Ltd,ChIJ_ZYABmUbbW0RGrz7tbgBe7k
S&j Drain unblocking plumbing auckland,ChIJb0BJqNA7DW0R_XvT4OyE1FY
Coull Builders Limited,ChIJsX9kVADHbG0RmFewwAgL8R8
Elevate360 Chartered Accountants LTD,ChIJw4ab6VEjbW0R9YsGeBXIIzY
Richardson Mrs A M Jp,ChIJCTOA2wY7bW0RaBs90XS6N_E
Monsta Tax & Accounting Ltd,ChIJU76_oevbbW0R4XfDB4oIrqw
Whau Physiotherapy,ChIJkfK5uflHDW0RfUBcLbPfnaA
Shenlong Physio 理疗师,ChIJpTM_a8tHDW0RmKbMs5DDu1Y
Club Physio New Lynn ACC Physio Center,ChIJ48H5D3pBDW0RoDgP8WCw5Fk
Club Physio Kelston and New Lynn Auckland,ChIJ18i_gzhBDW0R2u2XrWu15tk
Glam Nails and Spa By Yoshani,ChIJg8zBvc-JMW0RKIoc8ZP-3Mk
G.luxe Nails,ChIJl2EJ6531QG0RkGGna8HqubY
InterGroup,ChIJ6Uu4GwD5a20Rww6A5Htkqg0
Only Drains Hawke's Bay,ChIJf_BGqcf1KikR_xT9qoP6OIs
James Lux Developments Ltd,ChIJDUH-1XsJbW0Rt5S0NqA87dQ
Roach excavation and cartage (REC),ChIJE1-my5EJbW0RzDFIg6WJGXA
Turf Lawn Maintenance Ltd,ChIJ5Zcn7UhBDW0RyPDXwN6ikEI
Lawn Rite,ChIJsYBrY4Z_C20Rzg535OQtdAA
Physio Culture Ltd,ChIJ37m5RjCBCW0RX3-5W9SHxcY
Extreme Membrane,ChIJWyFgs2wf1akRWn6TpkQyr7Q
L’Abri Construction Limited,ChIJ8SwHMP5JDW0R973BkmHgseI
Luminescent Nail Salon,ChIJx9TCb7vLaW0RwQexfHTc4r8
Hilltop Haven,ChIJdW_Dt86lEm0RrCZ6LvEGi_Y
SLD Hair,ChIJ96_OrZePMW0RAIdGz8YNKtg
Kess Hair and Beauty Shirley Christchurch,ChIJazBLrS-JMW0RfNa3MDqmHBs
Solace Aesthetics,ChIJb7TnnETdDG0RA9k0NnVh1BM
Precison Beauty,ChIJna4ZK6ndDG0RrRMnXKSL0O8
Queenstown Plumbing and Gas,ChIJwXE5KiIZ1akRPWGjp7j6tAg
FBC Accounting,ChIJtw2aqBpdcm0RZT9mPlwd2IQ
Accounting by Design Limited,ChIJ0-swBepdcm0RqUgdt8rytlI
Peak Property Services,ChIJqbABw0JBDW0RXhA_fdJ17XI
Pivotal People - Expert Support for SMEs,ChIJBcjkA64ZbW0RT43y9vFkMOw
Buil&bloombyluke,ChIJxaP7ZaCJMW0RtE1FJk9SAlU
The Face Sculptor,ChIJG7TvsPCrEm0RxvTM8myRqNQ
The Pipe Guys,ChIJB3NO4DU5DW0RRYdM1PamY4w
Copeland McAllister - Workplace Lawyers (Timaru),ChIJb9pGclbDLG0RjobUNwPiucY
C&W Services Tapui Ltd,ChIJCTWrTTRHDW0RR-hQKevZfMk
Metalcraft Roofing - Warkworth,ChIJgVeDUVPfDG0RT99hmf9A8j0
Grace Electrical Limited,ChIJJ7RBrfAbMm0RBOXkMWpUo0c
Zen Nails & Beauty,ChIJhf1YTwAVDW0R6bgbx4HBEG8
The Brow Muse,ChIJ5X2nZRM_DW0Rk-vhvTQi-50
SL Hair,ChIJYcoG3godbW0R8kC4ZoLIZBY
Healthcare NZ | Kapiti,ChIJBUpMp_mhQG0RDV1SVFy6bkc
Hair by Simone,ChIJ7X4XMAaZbW0RiTNgNrU3Ue4
Reboot Physio and Rehab,ChIJLQocLLJZFG0Ry9_wmuJaflk
Aotearoa builders and developers limited,ChIJYSB0TSlNDW0RqBG5uSKD77I
tap warehouse,ChIJxfX4dwCvcm0RobWQaJAsrRg
Classic Builders Wharenui Rise Showhome,ChIJJ7m3tdqdbm0Rl93iJ2nEI6Q
Shape Homes NZ,ChIJ5WvZHDkpbG0RQeQFaRQI18k
LUMii Electrics,ChIJZb103aXbYYoRVGAp1QG8s7k
"YOGI ELECTRICAL SERVICES - Residential & Commercial Electricians in Auckland, New Zealand",ChIJcVwFCb1FDW0RYI0wB-Q7hOo
ACE Electrical Engineering Limited,ChIJAXWDO8VBDW0RD2JmPX0v-uk
Resonance Electrical Ltd.,ChIJOQvjTABHDW0RHJPrB-s18WI
Highland Park Beauty salon,ChIJhW2b2tJLDW0Rw5G1BQHVrXs
Hairra & Beauty,ChIJWXlj1PdLDW0RuE3SVMXHGDE
Hewson Electrical Solutions,ChIJyZTsFQBJ1akRaT9tW84uMO0
OPR Solar,ChIJSW_I_lB35m0R6Si7RflQkH0
Fromont Electrical,ChIJx3MuWwdWx2ERCpUUnycFvHw
Sidekick Dunedin,ChIJhfrsjdqtLqgRpon1RL9T_As
UPAD Unique Painting and Decorating,ChIJfeEmYQBrDW0RjEnBvtjVNbw
Kingdom Electrical Ltd,ChIJF3q1ox8_DW0Re7o79oiAzgQ
Velvet Nail Room,ChIJJb1OXMSvOG0RG2p8oL6Rbm4
NukaBeauty Studios,ChIJJSpJDbivOG0RJFq8hNCpxKc
G N Carter Builders,ChIJfak03c1FCW0RPq5jB468-ug
BOI Tradies | Builders Kerikeri,ChIJs8UQrua3C20RZAcuiH3RaEs
"G.J. Gardner Homes Far North Showhome, Kerikeri, (Te Uru Grace)",ChIJz3poE9K3C20Rp_xEyBBTU00
Te tii,ChIJ-WURWQC_C20RR5gtikMnxpM
B-free Products and Services,ChIJw0l_M0txC20Rythx6YNtm5M
Know A Cut,ChIJ7zhv8jChQG0RxdVYqdtXcqA
A One Accounts Limited,ChIJKRxs-0ytOG0RuuMwlm08wmM
Downer Yard Dannevirke,ChIJRxa-cwCTQW0RKAtD95wE7rM
"TBI Health Physiotherapy, Sports & Spinal Rehabilitation Napier Central",ChIJZUSzBCJNaG0RlGe0QwNGbls
PullnCut,ChIJEwok97ZrDW0RWmMbULZaCyo
EJR Construction,ChIJK01SNYB1CW0R5aFmn56VtPI
Morgan Sweeps,ChIJeydy4RcPCW0RaeD5QUoR34w
The Bella Collective,ChIJoXQVWADD0qkRCa4HYhCNQNk
Lady Like,ChIJBZkwpNTF0qkRKYIvR89bvcU
Holland Law,ChIJMWQ3uCw5DW0RqPMss3O3VFk
North star roofing ltd,ChIJBbjWqOjr54IRHLNW2yliWZw
Nest & Stem St Heliers,ChIJmYe9jcNLDW0RJKGf8RQAR1k
Copeland McAllister - Workplace Lawyers,ChIJ40r3aO_F0qkR2Pl26FrrVdo
Bluebuild Construction Limited,ChIJ-2T5hqlHDW0Rnq0178omORc
PCL Wineera Brothers,ChIJleF9HXOfFW0R2xAq4G_JgiU
Hair by Gen,ChIJtd56IEKrOG0R0aYk0lWJmUs
Brows With Oceane,ChIJB_SCNM2pOG0R8LxJDZnRm8U
Glasé Spray Tans Feilding,ChIJTURegrU1QG0RSAf1tB6Lx-s
Natural Touch Remedies,ChIJmbtpsR5NQG0RJFj4gNVT-V4
Chlo Beauty,ChIJN74-5l2pEm0R6jVAdm2ffWc
GBI Surveys,ChIJp_NQWcIPc20RKwOcTC60g0g
Pet Rehabilitation & Hydrotherapy,ChIJpUibvHyXMW0RtXDI6Mx0qeU
Emilee Oldham Physiotherapy,ChIJBRGQpCftO20RDLYIP8cIvFI
WoW Beauty,ChIJ6VVDBdnzQG0RcZzIeIkjJ6k
Noor Makeovers,ChIJNzLJ2NCJMW0RdVXIiC03oMQ
Hair by Clementine,ChIJA46PLYedbm0RrjEWtYiZZO8
Rikonda Icycle,ChIJqUKGiiCKMW0RAuBHeohZuuc
Kiwi2Ceylon,ChIJGy7qktxJDW0RSNEHYb6rBQo
Hands Up School Trips,ChIJXVF9ZIBJDW0RYyxj599bNOI
Book My Trip NZ,ChIJleTa9aJNDW0RFRqdZrn6jgQ
Kanda Holdings,ChIJJwEuzbFJDW0R36V_IQAfOhU
Christchurch Heritage & Arts Walking Tour,ChIJa6sQUgiLMW0RQcj4P6krTlQ
Glow travels and tours,ChIJYWqiesiJMW0R_ZFJQMojMRU
J.K Adventure 奇異冒險,ChIJEfa3Q7-lLW0ROVg-pPEG7ZI
Flight Blue NZ,ChIJ6RecJe1JDW0RxAeUFdsUg2Q
Little Kiwi Tours Ltd,ChIJqw6HPQ5HDW0Rbn3R6na3jt8
Fried Egg,ChIJm_J_NACxOG0RuA02CfOX2xc
Beyond Borders Travel Nz,ChIJdyCJMCFNDW0REZAVfVINF10
Serendipity Journeys,ChIJqQimXLBpbW0RPnglx2tWDC0
DayTrip Auckland,ChIJQxQhPTtHDW0RsHQdevv95i0
YOURNZTAXIVANS,ChIJIeoLV3RPDW0RUDBNg_Mx1DA
Golden Cross Honey,ChIJIXkbJJHtbW0RynAgHohmuPQ
Gill Travels Tauranga,ChIJg3U01MHbbW0RvuAh4P1NEy4
Te Aroha Guided overnight tours,ChIJ2yxHD_qZbW0RPawu62xjq14
Undiscovered,ChIJ53HdVKpGg4ERmz1_HPte21M
Kea and Komodo,ChIJM_XNmvVx5Y8RRxY3RGInj9I
Smart Rental NZ | Vehicle Rental & Tours,ChIJObHXrfUDMm0Ruj54dIB9z88
Historias de Imigrante,ChIJj6c80BMDMm0RMbvn5S2_ETE
Panmure Centre,ChIJrezpq-1JDW0RAVr3SW4KHlY
Baja Bikes,ChIJO2RhoJGvOG0RnkXrIHRl8y8
Bike Hire Taupo,ChIJVSRQXgDxa20Rx5unw__ABdg
Northern Grit Cycle Worx,ChIJAd17SdonbG0RFQJtosUqxrg
Bike repair,ChIJX5U-fwA5DW0RkpWXT7VDFnc
E-Ride Lab|Scooter Repair&Recycle|Affordable|Tyer From $30,ChIJ_VMdnmpHDW0R7Ay350x0xvQ
Doug Rabbitt E-Bikes,ChIJIeGfV1IjK6gRp28erN9e7kk
Eastside Cycles Mangawhai,ChIJtf5xOEqVDG0RIC1MuXLEWMU
Zoomandel e-bikes,ChIJIYeBbahdcm0RMAZQhCUPnKU
Coastal Scooters,ChIJre78TCpqL20RKBNZ3Rn3XeA
Pedalista,ChIJ5zhtfx2zaW0RmSYrv0nutRM
Cranked Cycles Limited,ChIJN8XCxS-zaW0RASNjV60m5Fs
FORZA WEST AUCKLAND,ChIJhRiY3BFBDW0R3y07uD_TjAs
EcoRides Limited,ChIJNdxDNmKZQG0RGt12jrM_BNQ
Cycle Plus,ChIJYQfdmwizQW0RaqDpL7ZPq2k
Otago Harbour Cycle loop,ChIJcyHrEACtLqgRPz9XUyaDcNI
Otago Harbour Cycle loop,ChIJNwRvKQCtLqgRwuATIkBTmMg
Otago Harbour Cycle loop,ChIJ2XeEQwCtLqgRtKt1A9WcZ2s
The Bluecliffs Beach Experience,ChIJyZ-6ZQBL0qkRy9Q50lEDdI4
Ride Cycles,ChIJJbs9IajE0qkRiWaoUvLkbPI
JR Bicycles North Shore,ChIJKyon1FE7DW0RA1XL904GXcg
Garage 32,ChIJ3TkvHnvRbW0RUbPAGLIHXgA
Bike Barn Central,ChIJIfi8EsNHDW0RG7U2boaciMY
RideBikes Tauranga,ChIJ2dQIiM_bbW0RFg79e4etVlc
Elwood Cycles Cambridge,ChIJ7yFOuhYDbW0RjHypfpS3UbQ
Vibe Bikes,ChIJ18TbXhIf1akRW6S1anr7Sco
Zerode Bikes Queenstown,ChIJIRWRR_cf1akR7-WKzKoFxd8
Cambridge E-Bike Hire,ChIJR1TeWtADbW0Raosy2nf-WIc
E-Motors New Zealand,ChIJIxbnu6of1akRHikvkpABTGU
E-Rides Martinborough,ChIJ17EU7KwtR20RZ97ysv_Yhys
Smiths Motorcycle’s Tauranga,ChIJq71Wi4nbbW0RJ7aMN1S6AwE
Sportsworld,ChIJWVs6YdVrL20RfRRriRDIyQE
Harcourt Kids bicycle track,ChIJzS_iRACtQG0RdpILDOJ_heg
Public Bike Repair Station,ChIJ1_emKAAZbW0RDTm4948msfg
Katunda Cycles,ChIJ1Wl5AYFPFG0RXXCjbZXwSSY
Bike Barn Taranaki,ChIJReH5MzFOFG0RJkzVJGw84N8
JustScoot,ChIJTWLOLHHZbW0RTSpRpm4xx8Y
Bay of plenty Coastal Cruisers,ChIJ97b8GQDZbW0Rgu1Z1HubO-o
Teewing Bikes NZ,ChIJecOkmebfbW0RrAc8Hxo-iCE
Bike Barn,ChIJ09Pmu6EYbW0RsmbhcAENIhg
TECH TUNNEL TE AWA,ChIJA7MSFP0jbW0R6m6E9X_cs_0
Riders Ready Bike Club,ChIJM4NVRwA5DW0RSe6sYlSuU8Y
Scoot N Ride,ChIJYW6X_ea7C20R0pp-12zX83k
Loop Groop,ChIJVWECHcdHDW0RRdjuMdtYuJc
Cycle Nelson – Nelson Airport,ChIJ86_KhLOTO20R7p2NF84RJw0
Cornershop Cycles,ChIJbQ7VyMDwa20RQeO_LhwHVic
Fixit Public Bicycle Repair Stand,ChIJlR3MUwB_C20RvFA2_g0BUcQ
Joshs mountain bike coprate,ChIJy25kXFQZMm0RzttraGTvlME
Your Hygienist Warkworth,ChIJb0XEEgXdDG0RCGtQw-GwQ4A
BEACH DENTAL PRACTICE,ChIJrTE1UQCBcm0Rd6LUuXTw0rg
Caredent Denture Clinic - Birkenhead,ChIJ654--5o5DW0Rx2JysPnb_Tw
Hutt Endodontics,ChIJT10Dt22rOG0R05CvD93Inck
Village Denture Studio - Invercargill,ChIJXx6QWGjD0qkRiGTsNruNCVk
Haus of Amor Teeth Whitening and Gems,ChIJieoFMnqtQG0RGhl26qO5k4U
Viva Dental Care,ChIJywB02Qt1VWAR_82v-sHnH9A
House of Halo NZ,ChIJKUIYEbPtO20Rv5YmXDVn46E
Arrowtown Medical & Health,ChIJxx7abyIZ1akRAUNVJE6eZ1g
Headspace Clinic - Dental hygiene & Aesthetics,ChIJUyANcbjdDG0RnyyLa7CD79o
Mosgiel Denture Care,ChIJwQdWCC8BLKgRQB9rxq4clI0
Confidentures Denture Clinic - Silverdale,ChIJeT8WGckjDW0RFVLNCXxRg2g
Western Crown and Bridge Laboratory Limited,ChIJp4w5lzVJDW0R8tfWHfkhB4w
Waipā Dental,ChIJWaI9zOn9bG0RpbL8jt76zXA
Alpers Dental Cambridge,ChIJaRibuXEDbW0RdD4w2GV1Na4
Matamata Community Dental Clinic,ChIJcWqrvR2tbW0RYQO_aIkAWPk
Oxford Dental,ChIJZYO1cC4fLm0RGkxWsJHpk1E
Unichem Ravenswood Pharmacy,ChIJsaGstdmXMW0Rss0UITgjhFM
YWAM Koha,ChIJP-BqdgDbbW0RuX7Mn5Yxicc
Mercury Bay Smiles,ChIJ32cjOu9dcm0R8q1qi62bHNE
East Street Dental,ChIJwyXKXUutcm0R28r-Vhagi0U
Click & Collect,ChIJWRXehrE7DW0RVUtNsWtH8UQ
Anglesea GP Clinic,ChIJ5YMXDAAZbW0RT-yG04RaXNw
Fairy Dentures,ChIJQTVcDwDxbm0Rbq_G635iV3U
Artisans Roofing Christchurch,ChIJYV310PSXMW0R66RbiLpmN8s
The Ceiling Guys Ltd,ChIJB0yfncchtQQRQJ5kF1A09Tw
Smart Start - Kamo,ChIJRwnmjPx5C20Rik5BLudY-sg
Smart Start Interlocks - Oakleigh,ChIJdd-ykPKBDG0RPFGz6-WPv6o
Full Circle Way,ChIJz28jfofdDG0RD1_UfAeLcvc
Premier Wellness Orewa,ChIJ35EzO_ElDW0Rj9bFzzBwW84
Mana Physiotherapy,ChIJEVUgdL2tLqgR-Q9RTowYw18
Mercy Physiotherapy Clinic,ChIJP3n99HytLqgRnDd6WNKRwWw
Patel Electrical and solar Ltd,ChIJ6dCzlZdBDW0R-xtAQ-xL6Hs
White Cloud Immigration and Education Services Limited,ChIJG0JpnVyZiIERVdCplqHKLZk
iVISALAW New Zealand,ChIJAS4dbLVHDW0RjwXtNWkYy80
New Star Immigration Consultancy Limited,ChIJdzs7LqRcbwcRZZL9cqdvHlk
Dean Harrison - Sales Training With Heart,ChIJU8B68kInMm0RyKsXLIf9DRA
Margate Group,ChIJxbfmRsbut0YRXX2zAGEkLBo
Andrew May Contracting Ltd,ChIJJ2eKHHjhKqgRHg1Ipd1o4J0
Ruby Media,ChIJZZflOSj-vgERuFkx9_5lWK0
Victor Immigration Consultancy,ChIJQepPDEo9bW0RAm0Zin8958Q
AHP Heat Pumps,ChIJKd-sV04DMm0Rbg9JWePKZ6k
ArchiSense,ChIJ8eauKQp_C20R2EXs9mlr0GM
Aracari - Immigration Advisory,ChIJfU4YSlMLvo0RFOavH_FTOyI
Begin Immigration Solutions,ChIJ11NbX8ivOG0ROuu-Nep9oPc
Flor de Maguey Intuitive Therapy,ChIJi_ZiPqdL1akRI1ag-Zf_sTE
Through the Woods Sleep Psychology,ChIJPf-EYclP1akRUfxkvYAnFXU
One Solar NZ,ChIJgQ84o7YjbW0RxdolV85uXr0
EFS Solar,ChIJvadty5EjbW0RKQimVEMfsRM
Karla Robb Remedial Massage Therapy,ChIJWcaTIgAlK6gRvzvatLpE5go
Liam Butler Counselling,ChIJzyacEeHtO20Rr1yyYXL1hF4
Vitality Ora Osteopathy,ChIJpRq3cgBJDW0RlfJnZvbYS4M
Horizon Electrical,ChIJe3HYh-jzBkwRIo-NHUHadxs
Coastal Immigration,ChIJaZeS2jjVEm0R53tceTG_E-g
Destination New Zealand Immigration,ChIJyVLW_rbbbW0RdgGqLVvmc_4
Oxygen 8 - Garth Magnussen,ChIJuxoHa507DW0RY_tj5LFGAhY
Where Travellers Meet Counselling Services,ChIJxYjrrzaPMW0RsHfbmu4djHg
Fern and Flow,ChIJJ0RtNX-JMW0RLKq7ejqzUUY
Selwyn Counselling & Wellbeing Hub,ChIJBSRW0qYZMm0RDeF4ZZjBk3s
Still Waters Counselling,ChIJz8xjjU-JMW0RrOlmxa7QSiM
Being-Well Counselling and Psychoeducation,ChIJvTTLBpGLMW0R5wJ4rpZxaMc
EZ-Fern Accounting,ChIJ82fSU4JNQG0RXFin3ApIAYw
Provincial Wealth Ltd,ChIJH0ytT0jRQG0R0QaU4LGGNnA
Tech Media Design,ChIJpdGukNd3FW0REOFxS0ocD1w
Jetset Automotive,ChIJ1Wk2xAWvOG0RabTDX4VpQdQ
Lupine Motorsport,ChIJVziu9NmlOG0RzkNJZYq2CaU
Kerry Aitken Recovery Counselling,ChIJ3eMMYi2TO20RVQmbo3SDCsg
Lempriere Studio,ChIJtcjsICpA544RE9bp7MR81Ew
Azure Advisory,ChIJtQenklBNaG0RVaBHuIo8jSI
Louise Journee Massage Therapist,ChIJicbMIkerLqgRZMALQYfZzCw
Kelburn Podiatry Ltd.,ChIJS0lHOACxOG0RMXAoSzoImKs
Countess Inc,ChIJ0cMkqqh_C20Rnsp0tq8ncZ8
BDC Concrete Northland,ChIJLYXphVlvC20R9qxIt0fWjW4
Brendon Thornley - Mortgage Adviser - Mortgage IQ,ChIJV3h5dr3k5o4RdvJpXjWQvyg
Studio M Architecture Ltd,ChIJR4qc61_zQG0RowVgcZcTqrU
Counselling & Therapy NZ (CTNZ),ChIJCfmbw2dJDW0Rtm3MdP7j06g
Miss Manage,ChIJE4YiIi6LMW0RUWQX-D21rrY
The Insurance Collective - your trusted insurance professionals,ChIJG2cVid7LaW0RiYeUrrJ_h3Y
Land and Transfer,ChIJ4aC6APH_ZEsRUqdBn-11oOA
Tui Tile & Stone,ChIJTZjLYACzQW0RzbO1S73wOQU
LifeSafer Alcohol Interlock,ChIJocdXrkgjbW0RaRQVouircvU
Proseed turf ltd,ChIJp6IAEZGhQG0RnakaorE5bRM
Allinson Architecture,ChIJ8ewBBomJPG0Rk--kCk9gOFo
Sail Law 方舟律师事务所,ChIJE7-ajIBHDW0RR9JsEIfXpb8
Warren Fraser Builders,ChIJwZRM_vG3C20RQPpjQNpi8jk
Marine electrical solutions limited,ChIJoQn1NcrbbW0R3kC9k5XRKQQ
Doug Miller Builders,ChIJwZRM_vG3C20R3wOjy0h9hRU
Trailblazer Accountants,ChIJe7JhpWWJMW0R4nxx6gQKOzM
Hay Construction,ChIJPffvSMHXEm0RkB9vPrwwdGo
The Retail Group,ChIJ9WDhVgBHDW0RfME8q3EtN44
Mainland Refrigeration,ChIJqQLB6hpBa20RjQKsbgxvkWk
Renovation Hub: Christchurch Renovation Specialists,ChIJ72Dx0QAYKgoReAtzXaCZFEU
Accounting & Payroll Solutions Limited,ChIJORkKCABBDW0RumtMNVEyA4Y
Coastal Chiropractic Hawera,ChIJYzDB-0KfFW0R1cQKXunbG_E
Coastal Chiropractic Stratford,ChIJY9cMgwkHFW0RXngWYxRKD8k
The Retirement Guys,ChIJbaTuCmCLMW0RrQRteukDn7A
Bouw Projects,ChIJuRxuE0rdXAMR-lnDMAZ5nFg
中国城修脚,ChIJ36L2YQBLDW0RUTsCA4gGFuM
Foot Care + Podiatry,ChIJjZSz3lNNDW0RGFz4K49dLIk
Parinita Therapy,ChIJS1uh-vlNDW0RoIHF7uXTlhk
"WYLD Howick | Chiropractic, Massage, Physiotherapy, Hot & Cold Suites",ChIJhb875TpLDW0R8MW_M3YwSZQ
Prime Electrical,ChIJwWKn59hNDW0RCocdG54yK3s
LifeSafer Alcohol Interlock,ChIJ92ME8klLDW0RDF6wFAh07I0
Town & Country Accountants The Lakes,ChIJ_TzKhNLRbW0RFYpJZh09BgY
Handyman/builder,ChIJ-WqnXXBBDW0Ro0iicTSYfzk
Moa Mansions,ChIJ0-VL9_QVL20R6mPc1InfSw8
Laura McKay - Mortgage Adviser,ChIJddIpOGJHDW0Rek061wnCgeQ
Solar Partners Direct,ChIJ9TZcJN8jbW0RyxFldBMfwlA
Creative Psychology Limited,ChIJLwJeymyzaW0RjH5lenzuaic
Rapid electrical limited,ChIJ9RB4aAAjDW0R4DRbJ-H8f74
Aylett Joinery,ChIJ-T_sss-7LW0RqC4LJnm--_c
Ray Mercado Electrical Ltd,ChIJjz8mCX0Feq0RbQQ7hg-lvEg
Brae Physio,ChIJy3zfNHFP1akR191Sw-0Ma2c
Mindspeak Ltd,ChIJs84AyMeLMW0Rz5yTQgsFT3Y
First Minds.,ChIJNfga2bEhMm0RS1EPx1FVl9E
Henwood Concrete,ChIJ8Y0Ls9-dCW0RTxWq5fPUdJU
The Education SLT,ChIJW1EHo7STO20R3cHCySdvRck
Eagle Sisters Business Sales,ChIJv8iEh9UZbW0R5ZkO-t-KQ2g
Whangarei Construction and Roofing Limited,ChIJ849AjBF5C20RacFE9BEzPjU
Callidus Architects,ChIJVdC7OHOxOG0RwxqbDjfSWW0
Body in Mind Chiropractic,ChIJCefB4iO1cm0RnYAqhrfZmLE
Young+Richards+,ChIJC7RKk1Af1akRVnZEn1a1Sjo
Piko Architecture,ChIJp-pi4bh_kUQRCKb8VTMT-Uc
Southern Building Innovations,ChIJz_smRMof1akRGjnqeAysbo0
Valeska Campion Counselling,ChIJ8ds_wfADQG0R5MB_P45H8u4
Creative Paths Counselling and Art Therapy,ChIJseMBnj0DQG0RPsHv85td8xY
Christina Emery - Counsellor,ChIJffYBxa0DQG0RJg-AIjGP8b8
Your Studio @ Forest Floor,ChIJD4rw8eFfzakR7eUv3CaDUUc
EquiSoul (Equine Assisted Therapy),ChIJFbwcGgDzLG0RxdoI_BJAWZ8
Your Admin Assist,ChIJ5T_vulIVOW0RwPQpp-Rulz8
Hunter Contracting,ChIJTdxOFvxhK6gR_dSWCOVddP4
Gallagher Insurance Orewa (formerly Crombie Lockwood),ChIJAbhYHEclDW0RwbGwaXY7abA
Twisted Willow Soul Healings,ChIJicJoOpN1FW0RhZiZ93BkvoA
Nexus Health,ChIJ-9oE7CcHFW0RaqGQY0Hf2ug
Business Consultants,ChIJU5zpkBqzQW0RGYlBZlvIU18
WanaRelax,ChIJebsDvNRP1akR_baQHKV3IIE
Recovery Massage Wānaka,ChIJrWKs7n1P1akRmgm__mlyoj0
StructsBuilt Engineering Services,ChIJjwUHDABBDW0RpVpJ5ze-aVA
The Child Psychology Service,ChIJ8d2vWqaxOG0RkvvIJ8_Q5hc
The Child Psychology Service,ChIJU8MoQ3ytOG0RRIFgV5551hU
The Body Architects Physiotherapy,ChIJZYVcVyE7DW0R2wwahsGrYQQ
Sandbrook Law,ChIJ1QKmG260aW0RPNYROtgFOMQ
Taxmantra,ChIJ87ztUOivOG0RvBCPffRIZtY
Roigard Physio,ChIJa__Td59PDW0Rgm69cZ2ULgI
Body in Mind Chiropractic Union Road,ChIJcc4_kTofo0cRm9ui60dMURo
Corebuilt Limited,ChIJI7YgIezBLG0Rf9e-PKgtsFg
"WYLD Birkenhead | Chiropractic, Massage, & Acupuncture",ChIJxz06Mjo5DW0RmN_E1Ajj9Jo
Whangarei,ChIJw55pYwB5C20Rwd9CisV-V0Q
Kraft Designs,ChIJUScw_FUd1akRQRGUM-noLlQ
Eco Tractor Tune,ChIJAapK_FH5a20RlZ4GVEZhwkw
Rural construction services northland,ChIJ3dWM7pu_C20RkRdFCrZ2y3k
Basant Chaudhary Mortgage Adviser,ChIJWQloYmVBDW0RdRMk0OihVbk
Erasmus Air Ltd,ChIJT7TBeQBNDW0RA9lDun5W70U
Dr. Mind Psychology Albany,ChIJG6xXvrI7DW0ROQkj3-7CCII
Total Hand Therapy,ChIJb4s8A4s7DW0R74SX7ToYTXQ
Breathing Space,ChIJt0KRYmI5DW0RV-xNDPJ3Ec0
Omakau Creative Limited,ChIJ8ZvecgDhKqgRxJvCcpZDdiw
Atkinson Harwood Architecture,ChIJgaTg3X3LaW0RNj_LOQQkwbM
Fox Nutrition,ChIJ7aM-lyw5DW0RNXbovf-1c1g
Zion Architecture Limited,ChIJl-rq3SuLMW0RyZDzol-RUfU
Art Therapy Oasis,ChIJD-deZwCrEm0Rp3ZDrjVC4Gc
NEKAWA,ChIJ0XazrxADQG0RG4skbykLP8s
SocialSpark,ChIJj0t1T8YSA4gRCL6GawhSIYc
Sauna Sanctuary,ChIJTcrIliUDQG0R4qInPYVzozI
The Healing Centre - Henderson Chiropractors,ChIJf0WWSMNBDW0R_VCeralXYbw
Ryan Bell - Osteopath,ChIJAbKiPEgjbW0RWoWRplKHIKM
Green Homes Queenstown Showhome - Lower Shotover,ChIJW9Ejiy0f1akRRQoHPuA8NC4
Tui Architecture,ChIJAY1dwv5PFG0RrCbVu_HqeCg
ARC72,ChIJD9tW4mdPFG0RMvKflq6LtA8
NORTHLAND COF LTD,ChIJtQKlVYDpC20RI3hv2b7rie0
Fuchsia Consulting,ChIJZzs7EuFxbm0RSVf7w1xk1Mk
KC Chiropractic,ChIJG6OKW9dHDW0RTXDqsmATInU
Zip Plumbing Plus Kaikoura,ChIJoWK7YABXN20RapEHWcgWD1g
Aligned Chiropractic | Kāpiti,ChIJJ1Z3LfCjQG0RMDYqOjenO1g
Immigration Wise,ChIJryYzmUc5DW0R0Y7PQqEX9fg
Zero Risk Insurance Brokers,ChIJ99FSXGNHDW0RPmgqWMQNW-8
Cmms Austin & Associates,ChIJbexi3eR-C20R95bWR_0Cpms
Let’s Relax Thai Massage By Alice,ChIJybYU8553Zm0RNQyQclaj6XI
Wendy Maitin-Casalis Educational Psychologist,ChIJu2KUgZzg0UMRW9ruX5Ie8NE
"Marguerite Laing, Psychotherapy & Counselling, NZAC, Auckland",ChIJrX5oU75HDW0RCEYAbSXXYG0
Bruce Stewart Notary Public -Manawatu,ChIJs1qkuZA1QG0R8tmjdLJl8H4
Conscious Health Collective,ChIJpTYnzOa3QW0R4ruZ2jgRix0
Knead To Relax Therapeutic and Relaxation Massage - Dunedin,ChIJ21KT-ytNKagRj6iv2dPBhoY
Willow Counselling Dunedin,ChIJ3cQkHJytLqgRAa16vcq9jpQ
Fast Roofing 2023 Ltd,ChIJyVOMB5RNDW0Rt8gpgDGfZ9A
Fast Life Construction,ChIJRaU9egBPDW0RbQRoelunX4M
Taylored Advice,ChIJgdy96CCzQW0RIaX9SwSoQk8
Levin Dental Centre- Best Dental Clinic Levin,ChIJyUfoCY31QG0RjW5h46bkrcY
Silver Wizard Consulting,ChIJvW57tiVZDW0RStfxnqXitXc
The Child Psychology Service,ChIJQ-CWl16LMW0RhRj8ehbVi5I
AA Centre - Takanini,ChIJv5R7YJBTDW0RkblnEEWqjMY
PLEASANCE SERENE THERAPIES,ChIJTRtSV87vLG0RMikzK6OJtoI
Phix Physio,ChIJwUDiFq9HDW0RLuZme0vQaQI
Club Physio Lynfield & Green Bay ACC Physio Center,ChIJfXHvW3FFDW0RDuQjndwZTDE
The Torque Lab,ChIJj8n9OVsjbW0Rk99FNCBsKYc
R&R Hiab Dunedin Ltd,ChIJ6ZbO1h2pLqgRXK6AoYbMMx8
Rapid Response Dental,ChIJ6UX1dwBLQG0RdLk900vBD6Y
Self - Compassionate Holistic Psychology,ChIJgeFvbndHDW0ReefBqPEmXck
Canterbury Chiropractic - Geraldine,ChIJV0GdlA_1LG0RM9i5vhsAU4M
The Cupboard Guy,ChIJkZlzn743QG0R5gCGFDqBscY
Healing Hands in Mangawhai,ChIJkYaLk2CVDG0RBL8c75JXbqI
Gibb Ritchie Geotechnical Engineers,ChIJ2YGlD1qN628R59dU4iSeqtg
Psychology/Sociology Building,ChIJY8DoM-iKMW0RO2QvV5Gt6ac
Well with Justine Clark Therapy,ChIJUUbz2MlHDW0RTFTUyxu8xTs
Kate Harris Psychology,ChIJSbNovhj1MW0RP57vgn1g2Uo
ACC Advocate,ChIJ0dpJmbx_C20RiV78DqqSCeg
JSI Psychology,ChIJIdzFgeRNDW0R2_3CZP2oMes
易选保健品店 Easy Buy Souvenir Shop,ChIJQ5U20itHDW0Rkuq3utCiExc
NZ Clean Experts,ChIJ0R4SFdJBDW0R_rXynBdKE60
Clean Globe Rolleston,ChIJ7Rk_9U0dMm0ReKSo7OjF4Ms
Top Tier Electrical,ChIJzead8PNxsS0R7_DnpeDygu0
CJ Phoenix,ChIJexLuQRWJMW0RwqwHgF_C2Oc
Anchored Plumbing,ChIJ94nRDRZdcm0RXsyia7advzg
The 2 hoe Co.,ChIJr3Ryk-CLMW0RVioOtk_kzPk
Kiwi Worx Electrical,ChIJ3bwqu-ZODiARzeab9aQ0jkg
Trust technical services,ChIJ73z1YgCrcm0RM6w5lYAybFo
Ontime Solutions Ltd,ChIJzxPKUudVbW0RS8P7x0GaB5I
Dunbar Electrical Ltd,ChIJtwCLagCtcm0RXsLzG1Aa1VE
Code Electricals,ChIJn8KS8jmtcm0RmO90fi2Uzsw
Standard Products & THREEPPY,ChIJFWTWaABJDW0R5hzZrzogMuA
Sylvia Lane,ChIJKQRrUQBJDW0RqT4iAgimVz4
Zenmatcha,ChIJJR4CnwRJDW0R305KdsEOJk0
Programmed Signage Solutions Auckland,ChIJZQP97kQ5DW0RjHhD4qtjYm0
Programmed Open Space Auckland,ChIJWf2zhpFHDW0RPEHrR3XRGyQ
volha UGC creator NZ,ChIJcyl51lNLDW0RmxrgE269e64
Ellie Stone Business Consultancy,ChIJK5ciJABJDW0Rnx7IYRHE9MQ
Saku at Cloudy Bay,ChIJxfxK1QhrOW0RSuUEG_al7TA
Brew Crew,ChIJFxfSOlM5OW0RDOozf2n71Vs
G DRILL GEOTECHNICAL DRILLING SERVICES LIMITED,ChIJ2YGKbC3LaW0RUZ0skfUtBw4
GLGS Detailing Workshop,ChIJ5VdfOwBHDW0R6pH5PxYD2Dw
Orewa Panel & Paint,ChIJv5FhCgAlDW0RtzDvq2xBqh8
RTC - Road Transport Compliance - Te Awamutu,ChIJWfjA8zHnbG0RwOs3VnH3iG0
KFab,ChIJaQUv8awhbW0RR56-NJS7LBc
Scenic lookout,ChIJf1nTLACbO20RqrJ8Dp_5kzw
Tyrehaus,ChIJg9fkejYnQW0RoYNIhczjeUE
Central Mobile Automotive Services,ChIJnVJ_EQAf1akRnirroAXo450
Turners,ChIJTZ5-GgBNDW0RwYEqmUp2N1o
ChargeNet Charging Station,ChIJf11xhHUjDW0Ri3kxaPRqnSo
2 to 5 Dollar Plus Shop - Masterton,ChIJ54rkbGshQW0RZkOW3ApY_E4
Cuzzy Customs,ChIJo4fJUQAjbW0ROxPc2gXn1hI
Waitomo Glass,ChIJSTq_QFm7bG0R2uJzMkJsrWc
Johnson's Development and construction,ChIJM2L1ZnFBbG0R-SEz1hO5O14
"Otago contracting Ltd,",ChIJ9wkf0xipLqgRBYUceyYnsp4
Sutcliffe Trading,ChIJzbuiXog3DW0RAq0IM5UHnTQ
Clarke Underground,ChIJ1w5QWACzQW0RFHofkz6ig4E
"Independent Traffic Control, Traffic Management NZ",ChIJ7czz3AwjDW0RIzUiXLg5zeY
Pete’s Shed/ CB Contracting,ChIJWxFdfQDZQG0RqGxLM7QaK8w
Kakanui Carpets,ChIJ_fXqsk6dKagRiaMdYQbSkMc
House That,ChIJa6GSgQ-lQW0RFsMLCuLf_mo
Barrio Putut Limited,ChIJZZBjXH5BDW0RzQOq5X7UyqY
A7 Construction Ltd,ChIJV8BkPvRADW0RHqnwCN241dY
Emerald Construction Services Limited,ChIJ9bTJtGT1MW0Rj3CuuQPSCR4
Sportsplay,ChIJPyoRV0z1MW0RDLRvRJukRzw
Coastal Fencing Ltd,ChIJLRsM2sptcm0RdUAUws1gakk
Subterra Ltd,ChIJm5DpdXWXMW0Rn38bWlFceBg
AM Siteworks Limited,ChIJC6C0FRzPKqgRXN1lUG0ng5o
The Living POD,ChIJSXprQ44MK0ERZFYlhmLHGEs
McCarthy Contracting Ltd,ChIJ13lkNQAZMm0RQK3ZlMq2H9c
Grewal Greenhouse,ChIJFUW7VJ9TDW0Rgm6jHFnRRqU
Golden Homes,ChIJCw7RQwCLMW0RMH_RsF8REgk
Xpress Wheel Repairs Limited,ChIJqaVM92yKMW0RHnx7hAptHik
BQH Limited,ChIJz4WyYymLMW0RjS-ezPFRihA
Helenelee Booster Station Site,ChIJ659HLwBVbW0RaBQ3fPACXrg
Kotare Build,ChIJPfFGiuAtR20RtArD3zUeAto
Dunedin Fantastic Cleaners,ChIJ41tXDQCtLqgRPmnPHC6TUs8
Red7construction Ltd,ChIJwToA3qCTMW0RJNJSqoNdoUA
Red7bathrooms,ChIJwQTQpCagr04R9Xe8QRfe5HU
Willmacc Electric,ChIJi7gdMa7d0qkRqG4ZE9IGuJU
CurtainCulture.co.nz,ChIJDRnvbQABQG0RHqU1HCzv6dI
HotDiggety,ChIJN5kwcItVP20RIhZFwlAF8Uo
Get Charlie NZ,ChIJ2VecZZ5BDW0R6IBR6gWp1No
Wren Roof Coatings,ChIJy6SZCrXnbG0RPqAnqQO6Fmc
Murdoch Transport,ChIJ8esMNwCjQW0RAYO0DhmQWvk
Life Doctors Epsom,ChIJ4SuO42hJDW0RH4GOY89fAMs
drtanyamead,ChIJX7L0wMQ7DW0RZP3zP6wgyM4
Radiology,ChIJMzHNLAA5DW0RWLAcBXtdyRE
The Village Family Medical,ChIJSdEP4vJJDW0R8xuj5kiA3Xw
Merrilees Dawson,ChIJndjLtEtHDW0RBJ6CZpoGsEY
Beyond Radiology - Highbrook,ChIJA6TffsNNDW0RtB2KqJOSg1A
Bernard Wong Cardiology,ChIJm7--BOQ7DW0RJfay87zCAC4
The Doctors Lower Hutt,ChIJZ7swAgCrOG0RXHBf1YCoXe4
Shop4/7,ChIJSZteQgBNDW0ROr4xd8Rqp9s
Te Rangiora Rongoā Providers,ChIJxfhyMDRJDW0RXY0KU_H1Ap8
Prana Family Health,ChIJISQwcgBHDW0Rni6gnwYPDaE
PC + Phone Doctors,ChIJMXt0RVmtQG0RL-uhmBzgcik
All Care Family Medical Centre - Northcote,ChIJUwPzAgA5DW0RdCrILF6kj7Q
Dr Jun Kwon - Plastic Surgeon at Pukekohe,ChIJWRcRXearEm0R4k9e37i-hDQ
DermAcademy,ChIJp3GeoVVJDW0RIx9vZFE_MS0
Professor Turf Nz Limited,ChIJN2ylcQWiQG0RIinYAxL9gLE
Dr Adam Chen | ENT Surgery,ChIJZXKqonJHDW0RL5AvuhL8hx8
Granity,ChIJzxw48G2LMW0RHHjPu4fKkPo
Pbtech,ChIJPc42fACLMW0RW88xZ075QzQ
Vision Drive,ChIJ05EVuvkZbW0R38ihIZn-E7I
VC Finance Limited,ChIJ28doP7Zd-oARDIzNRs5waLU
Salient Nutrition,ChIJZQ1GS-vF0qkRpzfjiqaFecw
Caitlin Just - Tremains Feilding,ChIJ85i8BFlLQG0R4eA0jocX2VU
Jacynda Murray - Tremains Feilding,ChIJbQodVUX0iAYRi_1Gd6fAJ1c
FLAVOUR & CULTURE,ChIJtT3Qul-xOG0R9rUsK3XWHzs
JBWere Timaru,ChIJtaWCKobDLG0RfZIv1l4vZ9Q
Ben Macky - NZ Sotheby's International Realty North,ChIJ5578hUo3DW0RqcG6IW0ucFc
Nico Zhang Luxury Real Estate Specialist,ChIJxakFHCU3DW0ReHUth6fNHGw
Quantum Staffing Solutions,ChIJWTyBG2apLqgRVoQJkXdcsUo
Kat Loves To Bake,ChIJ5XO5pSu1aW0R-d2i-Gre6Lo
MYLK Food Store - Onekawa,ChIJiyTaCNezaW0RgoAyzD8Sqlk
The Product Sampling Co,ChIJGRl9n91HDW0RZ8_jZEgI7vY
Excite Digital - Wellington,ChIJEf09UVKvOG0RjJQCWL2c-54
Someone Digital,ChIJCblqLjIdMm0R0ztGVE5fp6s
creativeshopping4you,ChIJL6z0X4fjLW0RtpxVeK41I-A
Paula Kirkman - Bayleys,ChIJFXM6e6Z1cm0Rvu-w4v-AEBg
Montarne Limited,ChIJjfQze8ZHDW0RwJmPoDKs-RY
THESPA: The Space of Performing Arts,ChIJTRQ2vjJPFG0RYkq2tajQqdw
Working For Workers Limited,ChIJzwOHud1HDW0RD_eVUA7i4y4
Sophea Tech,ChIJpfProDZHDW0R_wzD52XBL5Q
Firebrand Invercargill,ChIJ22VPGLPF0qkRQlaybCe70FY
Mirage Visual Limited (Logistics and Fabrication),ChIJBU3M1zuzQW0R4Nh6dHqHROE
KLN Oceania - Palmerston North Office,ChIJR9cqFrezQW0R74LxMR1HLPY
Seb7 Blue motors,ChIJRRxJovcjbW0RgY71-jpsepQ
UHTG,ChIJDydZCbmxQG0RXcqlAajSeXk
MARKETING SENSE GROUP LIMITED,ChIJBZD2BEGLMW0Rkyei0Zzy2RM
Peachly Consulting,ChIJ6bV4OjiLMW0RVquFfZIGsMQ
grow with amit,ChIJAURdUdiLMW0RAhTbyriRs04
Colors By Shiv,ChIJ8YeCIQlVR20RZsIrDdW-IoM
BotsDeploy,ChIJu0-kenlJDW0R-vGdwNYX0s8
QMS Audits New Zealand,ChIJQ1cDo4hHDW0RHflvWK_lTc4
The HTL Group (Cromwell),ChIJkcTGe33VKqgROqgaCdoea3k
Dairying by Design NZ,ChIJLXds09gDQG0RD5-lnUZmFP0
NEP Broadcast Services,ChIJRxzg86VVR20RNj3xAN9NO1o
Avalon,ChIJIYnESQBVR20RDxH-EEDdzn8
LifeLink,ChIJUYEDH1EVDW0Rj2aFcffS5jU
Support IT Ltd,ChIJcUdKegA7DW0Rw4exPdAgAFo
The hub,ChIJbQLrbwojDW0RkgqOcYh32sg
CYDM - Create Your Digital Mark,ChIJ51s7rEAHFW0RWZJOw_gfeOM
Nexus Sites,ChIJv_RQpRpPFG0R_V6KwYlxzTw
Arshpreet kaur Real Estate,ChIJpfN-ulUjbW0RX8YhKstBJf4
TaskLoopAI,ChIJUU-JzSOzQW0R6SSI6b9JUy8
Natasha Boon Dance Academy,ChIJUYS4yzHrMW0ReMvqoWutwfY
Anna Lee School of Dance,ChIJpWO2tbUhMm0R6D4bPDXoL5E
Shoppers Anon,ChIJdezqhvM4DW0Rc1sgk2_Td3k
Ray White Morrinsville,ChIJV5112DwJbW0Ry_evn3OAG-4
Solanki | Website Design for Small Businesses in NZ,ChIJi34N7zRJDW0RMpD6ZnCfdZM
DSV,ChIJWZjxAYutLqgR-KK9Kz5bxac
Total Realty,ChIJ7Sn9pyy7LW0RYN14fYkA-uM
BuildBusiness Internet Marketing,ChIJXwvbXuRBa20RPyTV3TbGUyU
Home Plaza,ChIJPb8KQkaZbW0RM2UCIXzuh9A
The Mann Christmas Trees,ChIJrU86K0SRbW0RAMf-N4rQ9r0
BNZ Partners Centre - Whanganui,ChIJU4cdDf0DQG0RTTsEVU1pWhE
HQ Palmerston North,ChIJs1q1dymzQW0RcGS5RO0oANs
Moore Building Services,ChIJexbOCPRxbm0RLvJh3v9PXEw
Blazeland,ChIJucVuRQDzQG0RDEJtuhPi1Go
New Eden Regenerative,ChIJ9f0dsJfHK6gRY_FV6xV9Po8
Virtual Assisstant,ChIJG1B4B7hTDW0RFq7N9Fg6gXA
Professional Visa Solutions(Provisas),ChIJe0qEvSWtcm0R_puPwxZS9ls
Official text management,ChIJK-OV6ljxLG0RPsFaGiGkrAI
Fiwi Tech Ltd. t/a Fiwi Contracting Ltd Christchurch Office,ChIJaZOQHQCJMW0RQkz4WDO5E4s
E-Commerce with Lolo,ChIJwfXU99-vOG0R4HsjFpF64EI
OddJobNZ,ChIJe5j62ohNQG0RYTbQ1fmd3Nc
ATS Civil,ChIJ6Q0FvQx3Zm0RrTxjzKVBbqI
Coastal Contracting 2012 Limited,ChIJB1O2KsGODG0RqMrsp9Tm2_w
The Planning Table - Rowe Planning Limited,ChIJVfzmUGd3FW0RCsANSynS-fA
Max Brough 1 for Mayor of New Plymouth - The Mayor's Office,ChIJhZf7S25PFG0RYGtavARmrmY
Authentically You,ChIJnQ4v21CvOG0R9JSbfZVMCto
Kapiti Music Centre,ChIJb7ux9LahQG0RwOCcrVeIFHo
ATM - Bank of New Zealand (BNZ),ChIJ04P7ld5MaG0RCNp2MA0p6O8
BizConnector,ChIJeTyFy_c1QG0RQUU7cW2dVAY
The ASSISTE,ChIJdXtKWO6vLqgRDTdD14E8J-Y
CheckHome - Otago Building Inspections,ChIJf0aTfnyvLqgR_ek0GnV4tdE
Expert Financial Services Limited,ChIJj3dosHFHDW0RstjVI4Z4uiw
SFS Private Wealth,ChIJcUk7fkpHDW0RwL2JOlersfk
Brightlab Crew Marketing Agency Company,ChIJPWzUVk3zQG0Rl37lh0fFwOk
THA PAD,ChIJsfW4LwCzQW0RwL16o-cJ0Ls
Central Otago Aviation,ChIJr9V0sOElK6gROwmYjmoUaK8
Bushra Eljindi - Harcourts Grenadier,ChIJzYAV4jWLMW0RNKowkB4MOhU
Hamilton New Zealand Mission,ChIJCbGfdHYhbW0R3av2OjzEZ_M
Lee Rawlinson - Harcourts Grenadier,ChIJ94L3RbuLMW0RwXhBs9qUKCQ
Mprove IT,ChIJ5WgJvnPnbG0RVUWqIsUCDDM
AC Law,ChIJo0MXFimtLqgRVQ2jelNB084
Sasha Dolby Barrister,ChIJYXzbzCKtLqgRejjf1h5NwRM
Waikumete Cemetery (Admin Office),ChIJeTCeTABBDW0RovWhp44pw4o
Prepared Produce Hawkes Bay,ChIJZ5I-GgDJaW0RQmvWq6M54QQ
Faraday Projects Ltd,ChIJy0fmv0n9bG0R3eYUCntC7_A
Greenstreet Community Hall,ChIJlY7RGgC3LW0RcXl66c8rnm0
West Wind Stables equestrian center,ChIJeWz8cAAzQG0RpoRthmgPwcI
Taumarunui Pickleball Club,ChIJa_eCaB5Ba20RqPcDPFW332I
Mangatepopo Intake,ChIJ83onJwAJa20RvqXZs-VF1Xs
Skills Institute - Dunedin,ChIJb4GkcP2rLqgRXFGLCIt4TBU
Instant Green - New Zealand's largest Hydromulching Company,ChIJzYAYU06NQG0RYtZXWmvaPxs
JP Driving School,ChIJqdo7-p8DLKgRc9Um2ScOQRE
Richardson Brothers Construction,ChIJLR3bNTppOW0RJfh0vOoWSqk
"Stellar Recruitment, Dunedin",ChIJt7DFfwCtLqgR40-vqYeFYY0
clickrew,ChIJURlEhthDDW0RQfhAZj4JKqY
Digitally NZ limited,ChIJwYId9QZHDW0RI1V0RAN5Nrg
Strat NZ,ChIJRTic-V1HDW0RQGP4rh8vzwk
ChargeNet Charging Station,ChIJB8DH81VGDW0RfrLs2yrbYoI
Munish Bhatt – Award-Winning Real Estate Expert,ChIJ06cBQFFNDW0RmXIXzrSxop8
The Business Finder,ChIJI4DZSgAlDW0RDShiQWtj0mA
ATM - Bank of New Zealand (BNZ),ChIJl_PuGwVAa20RquGPrZijlV8
Kobys AD-venture,ChIJ14MFD_aLMW0RcPy-tomNHyI
Landpro Ltd,ChIJh7sPXQBP1akRqQxvMqKJgMo
Structured Construction Management,ChIJmUrYrvvRu2IRn6YZM4eftkc
SuccessFuel Nutrition,ChIJ2QPujENP1akRzbqLC4GpXIE
Evolv3d,ChIJ3f5vzmEdMm0RowgJbXxJ2NI
SalWin,ChIJ56X6MOOTMW0RkSuCyU6N0O0
Auckland Pride Office,ChIJsYVnYQBHDW0RtsGUr98Buo0
Alliance IT Solutions,ChIJ9-7bp-D1MW0RtoyBod8fLbo
JBWere Queenstown,ChIJZdC-UCsd1akRK6A0OXX3rJg
South Dunedin Community Library,ChIJm-8BQhKvLqgRPVj9VKjOwi0
BlueWave Consulting,ChIJHeq9_2bZbW0RfF1eOSu_Iz8
Jadu PTE,ChIJ1afUFQBHDW0RcchijHsH7sI
EduSphereNZ,ChIJAyC3snNHDW0Rix2cXjuyWB0
AUTOMATION DISTRIBUTORS,ChIJsUHVrGYlDW0REvjXEEI5tG0
Ruapehu Hydraulics,ChIJrzeXAg9Ba20Rc-Hob26Gm8U
KLN Oceania - Christchurch Office,ChIJYUA4itb1MW0RwYNvYGhyUIk
Ruapehu Engineering,ChIJWen8RTVBa20Rd65uTmFEHKk
Hemisphere,ChIJ-V-aPWF9C20Ry7yCkuAsCjc
hpshopnz,ChIJJ00XXAV9C20R3lR2jr6A2dM
Trunk 88FM,ChIJv69F6hFBa20RUhM9bZ3sRto
Maria Clark & Amy Mason Property Brokers,ChIJt-aY-Z_BLG0RznOhpsAZu6I
Scott Riddell - Ray White Taupo,ChIJFeUQ9fXxa20RxqjZ4BDM7uU
Humes Pipeline Systems Drury,ChIJo2tqsW6rcm0REvLlIGkJ1Tc
Domains and Sims,ChIJaSfjEDJPFG0R_GdllgON_OY
win1time,ChIJB9y7_AFTP20R-cV9YLqnmtk
BIG NZ Limited - ZAF Energy,ChIJA3c--0g5DW0RqjC6O63X_wA
Angus Hamilton - Mortgage Adviser,ChIJbc0ysSGLMW0RbKxApWpBPhU
Whanganui,ChIJE_vCNQADQG0RlhdNi8XA24k
Geocivil Consulting Engineers,ChIJNY_U998DQG0RvZ3dNpJXbh0
Shire,ChIJ49l8jV-xOG0RKmMrzjOSwM4
Lemon King Labs,ChIJNahQtBNP1akR2rNSLPhEFp8
IT Live Wanaka,ChIJ6-tnUmVP1akRbZMImdgmMZk
Alison Cleary - Wedding Celebrant,ChIJsSwK9iYFJW0Rn8jRtxTgJG8
Mobile paradise Westport,ChIJZylN9F8HJW0Rz8fKRXBGiNk
Roei Siboni - Professional Real Estate Consultant,ChIJ6yJVZfuVO20R-ciJCi9Q9YE
Automate Workflow,ChIJDYyJnOeJMW0RcrXPUqlGRic
Deb Chakraborty - Business Broker,ChIJx7bkweaLMW0R8pV4WT_1hgA
BizNav - Business Navigation,ChIJ6RMF3jyKMW0Ra4HQL2xDxdc
Pankaj Khanna- Real Estate,ChIJvdTUDxmnEm0RIGYh5PbhdF0
Brodie’s basin,ChIJQbBZKACPbW0RpREDuUGhhLI
Garchi's,ChIJibVa2k-RMW0RsOu_d60Pfqg
Virender Haranvi,ChIJ4WGQJKFTDW0ROxPC0LuvdyI
Littlethaitreasures,ChIJL4ouf2SJMW0RWKmwRZd5ovg
Southern Cypresses,ChIJ23YHEQCTMW0R0c0S5HQFOCI
REPX,ChIJl9BGYuCJMW0RQWl4bRN6EiU
GRUMPYS,ChIJ04aSf9qLMW0RbUCP_PyajMw
Hauraki Vintage Machinery Club Inc,ChIJm6f-dm1lbW0R5Af5yvjn9V8
Reverend Jacks house,ChIJj7S1aABXbW0RiETyldWOMMg
"NEWTOUSE – Auckland, New Zealand",ChIJf77HaEnf5q8R67YlYqtrwhA
AspaireAI,ChIJEZHG8rZJDW0RKMW6wHxccxw
Season Aura Shop,ChIJjS1S00tJDW0RvMphPmXBU4A
Team Johnston,ChIJKQi8mO2rLqgRWCgbJxEsVT8
Tempo - Guided Investment App,ChIJByNxAg-vOG0ReCm9-RkIijs
CTLNZ,ChIJW63E5bb9bG0RU9AuoZ54M_c
Resolve IT Waikato,ChIJrfMd7cg5bW0R7goF8prT9a4
Stow & Go Levin,ChIJV1OI3-DzQG0RDyAUry92vX8
Together,ChIJ82f0986vOG0RFGPmhRMHOKQ
Lakshmipriya Academy,ChIJQ4G2Uo4xfwgRTm4qy2XpZTE
heat it NZ Limited,ChIJD8E1NLxM0mwRzXhivRrxtAk
Mega Services,ChIJSR94dymIMW0R7G4ltDt0E1U
TRT Community,ChIJz8r6NuWrLqgR46EToJIteZI
SMART TUITION,ChIJK8LIeWanEm0RRu4jK-emcPA
Safety 'n Action Hastings,ChIJ1eEJfhrLaW0RaHLsGFGZyX0
Sportzoneco,ChIJOVXdtKJVDW0RIjoafL2eiP4
Red Shed Strawberry Farm,ChIJ_2QVQBJVDW0R_2gZ4x30B5c
Glimpse - Listening is your new advantage,ChIJESXRwuNHDW0R-y0J6CXFplU
Affilino,ChIJf9gV6BZHDW0RRTHNz10efGc
Prestige Marketing Solutions Ltd,ChIJKcXTYP1HDW0Ry6IgCqOV8Vc
RocketUp Digital,ChIJ3fPkRPBJDW0RFOm0d9vf9SQ
Referall Limited,ChIJ3T-Gy72vOG0RE4PGpqfP8xI
Kiwi Internet and IT - Wellington,ChIJ_3zzCKTkCQ8RuyNziAC2DiE
inframind,ChIJ9xhf4Vw_DW0RaKndA_HtuQw
GROWTHX LIMITED,ChIJh5cPOaA5DW0RPm4pt7yyu2Y
BhartiThakur,ChIJs7M5nVI5DW0Rn4rw4ShR098
PrecisionSERP,ChIJi_u0lqNJDW0RbAWJNSFBIi4
Signage Works,ChIJQwY0gyBNEGURYhSERIdJLKs
LJW CONSULTING LIMITED,ChIJtxYCLKCRO20RwRUNvumYDps
Amanda Website Design,ChIJR0jd0feVO20Ruy94zh33PK0
NIKCVISN DIGITAL,ChIJmS-Lwsrzcm0R5kMBpZNUhh4
TechTonic,ChIJM8P1KPJZ0qkRmrXI6nZEVRk
HARLEM ENTERPRISES LIMITED,ChIJW0TGraMjbW0RYnvDQ2cJMDA
PETTIGREW CONSULTING LIMITED,ChIJ6WqI_OglDW0R99U3a3RkdO0
SUBZERO SIGNS & WRAPS,ChIJM39N6IO7LW0RBom-VuMlfuk
3swrds Web Design,ChIJ-eG2_B-rbG0RoBxLEZcJ-lE
Kiwi Internet and IT - Queenstown,ChIJZfwXP_Qf1akRSvAlA3faXuw
Peaks menu services,ChIJn-l4mGkZ1akRgYEkO9Kq6Q4
Stick Em’ Up,ChIJiebHPB9TFG0RdSPgRALZ6GA
Digital Marketing Auckland,ChIJv7_Vo_hHDW0RYXMlaT6USw4
The Digital Marketing Agency Auckland,ChIJrUG_QuxHDW0RB9V7nVg2yiM
Impulse Direct,ChIJa7PCMhFHDW0RfU5BAKnW6SA
Mintel Group LTD,ChIJYczJziNHDW0R4QsGzrAc4bY
AI Creator,ChIJnZSn5xdHDW0Rzg80S6vKHig
FindPainters,ChIJ4xFmj1hFDW0RmpDTNf9tks0
duo Creative,ChIJ0Wrqr-h8n24Rcm8XhcoY46Q
AdWorks,ChIJLa3CgxJJDW0RBCNzESw7fHE
FoundOnline,ChIJ7agy-Z1HDW0RN-XZR36ImrM
Market Research NZ,ChIJ1aVIiB6LMW0RhTRAzilIHCM
EUROPEAN IMPORT AND CONSULTING LIMITED,ChIJ1cNDX1knMm0RfoXf2RI3cr4
cxo Kesi Wong Kee,ChIJ2V377EFVR20RJoNcgqn_BZE
Apotho Collective,ChIJ5VuTleetQW0Rc6-p09kZuSw
Backkr,ChIJqWcOb6WLMW0RkO1-XYxdnVI
GlassGuard™ Agency,ChIJidGBLMwJLm0RVHmSJDNYL_o
LB Studio,ChIJwVGKU2aLMW0RanuQicQovCY
Topnotch SEO - SEO Specialists in Auckland,ChIJu8hR_oY9DW0RZXE20uzHF94
Bclicks Digital Media Services,ChIJn5YuykFTDW0RadOGCmkKkWc
Nelson Honey & Marketing Ltd.,ChIJ1X9eXQBDOW0R0z8rWvhhOLw
AFM Group,ChIJrYkvDLEUOW0Rf82n92kdbQE
Marlborough Media,ChIJpYzLG6cVOW0RmDTwourW1qE
Walsh Design,ChIJn8U3Qf0ZbW0RA4cNUKkqcUs
ECLECTICA,ChIJpydsa84fbW0RatQzU8kQxgQ
CCDesign,ChIJSSg2FHwZbW0RpT8tdrzxNeI
Windia,ChIJ8aGjN6wpbG0R4_q34K6fJRk
Elysium,ChIJMxQXoTu7cm0Rz43nA0ZIAvk
Excite Digital - Tauranga,ChIJD8koW2rbbW0RqmiTrV14OXE
ScaleFlow,ChIJnQV8ZyjZbW0RSNw1qwvMZto
Leonix Agency,ChIJ5wXJKRnbbW0R7brCDUmyDJs
Nuovi Enterprise,ChIJkf32xEsjbW0RmwuM1-OD5Qo
facelesssavymum,ChIJlTBL5gp5Zm0RFtrOKXAGbb8
soniabasscreative,ChIJXZM8eeSvOG0RwCqHsB1bLJ4
Savpac Marketing Co Ltd,ChIJUeNHOrdGDW0R4oScXq5FeTI
Spring,ChIJU1Rh8mmzaW0RacCszYpzFMg
LLAA Advertisement Assist,ChIJgc0D9bOVMW0RgLSjDx7Jx7I
Nicon Ltd,ChIJ8SxNkKYDMm0Ry1WRvocFMXE
Ad Maiora Angoras,ChIJK8lU_-k9Mm0RYI0vfqc_lVE
Huzzah Agency,ChIJdfRqpb05DW0RdI15vJPtcM0
Solid Ignite,ChIJKYUT9sVLDW0RDxJ2ZnceVKk
Gazebo NZ,ChIJf-6-CLRLDW0R_m2qyJ85MQk
FUTUREX CONSULTING LIMITED,ChIJv_58UppNDW0R-rMA--l6gfk
Gary Capper Bayleys - Residential and Lifestyle Specialist,ChIJJdAsljEFzmwRf2LTCFon664
Creative Nerd Limited,ChIJYasK2eZPDW0RAN7YMOp6RoY
Room Six Global,ChIJXXCZTR1HDW0RbEZcOt7W58g
trendsora,ChIJhw6WtBpXR20RbfeV7_-77pQ
Dr Heather Benn | Doctors on Cashel @ Allen Street,ChIJq3VShoSLMW0RugK8OX89YPM
Kiwi Eye | Dr Graham Wilson,ChIJw2nxei4DMm0RL6NdL41AVcU
hear.,ChIJ9zvjyTsbMm0RVXBbfhC5KTk
Inside Out Homeopathy,ChIJC34CuUeRMW0R2oiUF6bDYSY
Maoate House,ChIJC6uwKwCLMW0R7LeNtaEYHBA
Etérna - Café and Dine - 24/7,ChIJYSxZ1RIZbW0RQIipc6Q1ZS8
Carlton's fish n chips,ChIJ3XDecwAjbW0RF1pAQUbiPGU
Frankie's Café,ChIJkWM5M-qrEm0RPEWE4AzRBaw
Buns & Base,ChIJsw43xul1cm0RQ1UdL8P-QQY
Jack Cafe,ChIJOTxX1qQYbW0RzmBtnFO8L00
"The Orchard Thieves, Claudelands",ChIJpZ6iDAIZbW0Rpop985NYN84
Fairfield Bridge Pantry,ChIJUVI3QMUjbW0Rs-jVajoujpQ
La Cibo Italiano,ChIJYf1NtAKVbW0Rw59MO-ArX1U
Little Lakes Bakehouse Café,ChIJJ0GoAQAjbW0Rzq5fwPYoPyE
XESPRESSO RAGLAN,ChIJw0I0izDVEm0RXvDd-a3BfGk
SB Superette Limited,ChIJXQ1FNFHnbG0ROCzB2gWbL2g
Alchemy Raglan,ChIJPQFhVQrXEm0R7oxNQYsWwis
BB scoops,ChIJixf1RwNBbG0Rx028YcEaOmM
Hao Jing Chinese Takeaways,ChIJO98h2nE7bW0Rc9Ty1GEY2as
Jesmond Kebab,ChIJI51XLu07bW0RNfgVwIDbnWQ
Waitak bakery takeaway,ChIJ7yjNjZtjbW0RZbvVmhfLeIY
Jorja Loose - Harcourts Grenadier,ChIJ_zoLnWWLMW0Rc9QB353ERZE
Jagdeep Singh Ray white,ChIJc90JenIZbW0R1fBmKje1q8E
Vikas Vij Real Estate,ChIJDxSTm4lNDW0R4YjakPCozI0
Smart housing solutions,ChIJ2a0FXwDVEm0RUdTVOBX1ISg
Mark de Hoog Real Estate,ChIJzUfb-z-PMW0RwBWJNP72EgE
Limitless Real Estate New Zealand,ChIJa128OXRNDW0R7bBqAW5l4cw
Shirley Huang,ChIJw2GRTxVLDW0Ros6vN95YXc4
June,ChIJbzlXCgBBbG0RIbz0NX6lsl4
Angus Elley Harcourts Four Seasons Belfast,ChIJxayu63rijy8R6YJdTtXnyFE
Adidas,ChIJUUUuYwBHDW0Rx39bmGiwA7Q
Maison Su 酥香门第,ChIJtwrHp79HDW0Rq_tuFdRTta8
Hire scaffolding,ChIJl_i-nFQTDG0R8Mpb8UnWV1Y
Ace Rental Limited,ChIJL-7i9o_JC20RD3drREelctc
Blue Steel Scaffolding & Wrap,ChIJ5f84vTI5DW0R0nVfgIqwMu0
Flatline Concrete Ltd,ChIJw-xUHbRP1akRiDIE9-Y0p1A
Earn Diamond NZ LTD (interior plastering),ChIJqbV2VkZJ1akRaKKDiXPMRyI
ARSmith Builder,ChIJ66KYegBP1akRptc4GunUF4g
Masterton,ChIJ9cuBGwAnQW0RMQU6V9sm9ZY
Crimsafe,ChIJBZ8pHrjRQG0RlTEf48-uEIE
Exceptional Bathrooms Ltd,ChIJjceUnp4nDW0R3895THTyd4Q
Kii NZ Ltd - Kitchen Ingenuity & Interiors,ChIJSc3Y4GAlDW0Rw4P9mwxqv4M
JMM Insulation Ltd,ChIJMTuMTCHbbW0R9gYkTXQm_Js
"G.J. Gardner Homes Queenstown Showhome, Jacks Point, (Mt Edward Elegance)",ChIJwVzx-9fh1KkRvXrmRmg7CwA
Nuflow Waikato and Bay of Plenty,ChIJm-hQQDnbbW0RenQgAoQjIOw
Satele landscape ltd,ChIJr99ERjeJMW0Rj2zSR_UK11g
Danyons Earthworks,ChIJaeFfGz4HFW0RQuiy7Tqrq5o
Bluff Building and Timber Supplies,ChIJK8SlcAC50qkRbgNtC7TG0c8
TNOC-Hursthouse End,ChIJCU2dNQBVFG0RYE8RUzGkrwE
Ussher Green Building,ChIJyaAXEfclK6gR1gCsl5Q-WJY
KIWA DRILL,ChIJa3JQ16aV1SIR-L-OOQL-C-8
Mike Greer Commercial,ChIJbVnniFhHDW0Rix7e_I5yZQo
Terrascape Ltd,ChIJW8NRFLDLaW0RdI8jUzTFla4
Concrete Cutting NZ,ChIJ684qDACrOG0RRrsH7rvsxmY
JV Electric,ChIJ-wtFxtWxLagRWPNbRSLBkbU
Youbuild Limited,ChIJLaJDnzaVO20ReDLmr00tmH8
ICB construcion site,ChIJsft2BQBrDW0Ru_ka8NIzUes
Davies Contracting (Waihi) Limited,ChIJe5c41lCNbW0RNQyQj0S21wc
Liquid Laundromat Oamaru North (Under Construction),ChIJ17I1VbaXKagR0Aci21BfkPU
谦,ChIJax_WLwBHDW0RT6s1cBJGoY8
Finest flooring limited,ChIJU8ehDgBHDW0RXc1x0Qnm_uU
Programmed Commercial Painting Napier,ChIJ55_0bGuzaW0RAu69RBDwuBE
NBD Construction Ltd Christchurch,ChIJrbJ5MQAfMm0RYQD8n7nPYqw
Commercial Gates - Christchurch,ChIJN6ydvN_1MW0RTdnROfW0eQE
Spies Kitchens and Joinery,ChIJI5rY9iGZbW0RwkcOJ7c_oU4
Graham Bassett Contracting,ChIJAT-25yjJaW0RmvCsEs4DF-A
Bowen Plumbing & Gasfitting,ChIJu0VGclmxOG0RxAtwhZ1KKCc
Aero Energytight™ Cleven,ChIJz4GhkwyrEm0RH92am5W6ak8
Waipa Civil,ChIJozM1NwAfbW0RkQxGtEaoMjA
Williamson Built ltd,ChIJJfy97Kv9bG0RxHxulcKOX5A
Z&N Electrical ltd,ChIJUb4oEoghDW0RTiCEzpVSKco
Bromac Construction 2023 Limited,ChIJNxE_8qRZbG0Rl7rlY7qlEKk
WWTP Site Entry,ChIJ16BeSQAJ1KkRGL7O-_oeuwo
Prentice Brothers Building LTD,ChIJE3sGbuEP1KkRBew9IQ_rEYI
CKH Construction Ltd,ChIJzafDvTEguWwRatL4VQQQUnU
We Place Concrete,ChIJR8hidtFP1akRNcPjPKlekXg
Stevens AC Services Limited,ChIJkeb3OlHXZW0R4p_vNAZ9t7w
Quasar Auckland,ChIJbX2HdU5JDW0RCQAqYoHbhSQ
Bayview Nelson,ChIJYSKn6yTzO20RDQjoM2x6cFw
Dover Farms LTD,ChIJ584VExZZbG0R1Pu5T0eJ0Dw
1050 Precinct Remuera,ChIJObP3DStJDW0Rakoufoj5n1I
Haverstock Store,ChIJsfCzUwBHDW0RGEBek3_zVlo
Olsen Commercial Limited- Manawatu,ChIJFZ7-bDM5QG0RBi9kYIxI9Ms
KCL Build,ChIJc5jzcAAf1akRFVLII3hBYeU
4Shore Coastal Cleans,ChIJk-OIgbbYlYURPiHhobhdiCI
Urban Craft Joinery,ChIJTxNgCxXLaW0R3EIbH-gqARc
Nz Force Construction,ChIJsyC01cNHDW0RODby27-R4Eg
Forgie Hollows & Associates Oamaru,ChIJQ7_laGuXKagR5Sl8rg5puzQ
Skevington Contracting Limited,ChIJQ5FyyM-tLqgR67uwNkqMwyE
InterGroup,ChIJF_faDQAfbW0R-7DWejXtPcA
Delete Kauri Studio,ChIJ4RbT61MZbW0RmdLtuwR63Jo
Quickflow Drainage,ChIJT483MWnV8K8RuQjXLki6E88
Baufrau Homes Ltd.,ChIJuRDRV0FJDW0RQR1hLmBRgxY
PlyKea,ChIJtQZcLcCrOG0RihFoTX20u28
Instant Property Service,ChIJm1StSbRLDW0RDUsDtJQcunk
Matrix Plastering,ChIJaX87SEZP1akROY30QOVFx6w
Master Decor,ChIJoSzSE885DW0ROBtcZFg7Lcs
Skevingtons,ChIJN9SHIQCXMW0RvopqEoUWHro
Boulton Piling,ChIJjXD_I4SUMW0RRdciwX_KWYo
Bluerock contracting,ChIJT4iq_lOJMW0RcEj8YLOIEtg
Kereru Creek,ChIJvdiklgQ1FG0RoU3IHl0oSQQ
Ultra-Fine Cleaning,ChIJuy442Yt1FW0REHbbJjJLP-k
Neil's Window Cleaning (Capital),ChIJdfAK0p9VP20Rkj0OkXl8QPk
Land Services,ChIJG06MsXYzaG0RKpWUUpuAoIg
PANA Food Truck,ChIJx4UekkAHb20Rjdm3tITvfsA
Arohaina Kai,ChIJi-YWGBgHb20Rti1Noj9MEXk
Teariffic Bubble Milk Tea,ChIJoWDbw0oHb20R5WVHPFIZgzg
BBQ BLISSS & BURGERS AVENUE TAKEAWAYS,ChIJe6Md1lQHb20RKj3xUkuV-cE
Will Trim NZ Ltd,ChIJncaJDpe3_CgRttWCYL2M3kQ
Frontier Pharmacy,ChIJxescJNbnbG0RkRHft_uqo6E
Chemist Warehouse New Plymouth - Centre City,ChIJ-eIcdLRPFG0RX6INMMQkc4Y
Chemist Warehouse Kelston Mall,ChIJe2V4KRpBDW0RwJsWsf9jTpE
Chemist Warehouse Eden Quarter,ChIJn1ykRABHDW0Rac2U5v5q3hw
Life Pharmacy,ChIJFXR48-tNDW0ROl0RVHBcv9g
CVS pharmacy,ChIJBzx1BQCLMW0RVJZnXPk2BuM
Chemist Warehouse Christchurch City Centre,ChIJUwAEu76LMW0RLYbEMoX1lag
Chemist Warehouse Northwood,ChIJGaUjUACNMW0Rcwj-A-DkjzM
King Medicine Management,ChIJhXIgSBqLMW0REFWKYicaA-4
Wardroom Cafe,ChIJ87vcIgBBDW0RqKavIFe9aM0
Jamaica Blue,ChIJLWsj8GI5DW0Rbg9zrfI_PUY
Fitness Consultant & Personal Trainer by Vishal,ChIJX7feW9yxOG0RIPEhFCkNY6s
RhynoFit Fitness Training & Performance Testing Centre Hamilton,ChIJz55I2N8fbW0Ra8O5M8ukQDw
Charleez Chicken & Chips Cromwell,ChIJbbW_PF_VKqgRhsgzigeJcRc
Bun and burrito,ChIJ--XQz_uLMW0R_m4r5ww0YZ8
APD Global,ChIJc0s9l1-LMW0RDEIDqcPok3Q
Pizza Hut Te Kuiti,ChIJ1RX-37u7bG0RR9ObAetbZOQ
A-Z cuts barber hairdresser,ChIJqa9soHetLqgRctEH0ECWq9k
FMFC East Tamaki - FITmumz & FITcomm,ChIJvTzjIspNDW0ROmmZJq4KOf4
Pilates with Theresa,ChIJlfbwhBBLDW0R10V8nkWAShw
Kingz and Queenz Barbershop,ChIJTddyndGzQW0RT4Th2ZUeitM
Tradie Books NZ,ChIJHUGM_Q1CaAcRoihGyD3oaQA
Test,ChIJyfYB0CqLMW0R6Vr_xKHB9jo
Portofino,ChIJy-WxaRqLMW0RSTJpGLpDFDs
G.O.B.E Barbershop,ChIJUwvX-U-zQW0RAAdWksyepAo
Gym With Laura,ChIJd0nQYf7D0qkRKf4R4skxOe4
Lisa Kerr EVES Real Estate,ChIJn47DsdrbbW0RarkJ7Q7QS8M
Mike's Personal Training Studio,ChIJ0-S1XVORO20RSL00fIPyMwk
Beans & Leaves Cafe,ChIJ_WvLyT-tcm0R-isMvNdgwDM
Mii Studio,ChIJTSwRWuNNDW0Ru7MHvmuALj0
Ma Va Pizza,ChIJrSyBLHA3DW0R12YiP8ESDxw
Simplicity Fitness Lyall Bay,ChIJY1QIYuGlOG0RkSgrMrn1j_0
AM. COFFEE,ChIJUVh8JHo7DW0RjPyCcnvB9I0
Sara Browne Harcourts,ChIJo_vSiMGKW4QRP7Fi7dy4IQs
BUOY Bakery Cafe & Fried Chicken,ChIJGfbKEgA5DW0RFe4XRQZptnU
Diego Mafra Salles / Aoraki Personal Training,ChIJf0PgyUevOG0RALJvlBV-iSg
Spuddy NZ,ChIJNQ7zhEaLMW0R7vJjOomihkc
Mobile PT & Sport Massage,ChIJgYjNn0KvOG0RDeJtk1Ha0Js
Anderson Electrical Contractors Ltd,ChIJM7F0EFrmyWcRPc6O6gxYaho
The Glider Cafe Ltd,ChIJ62VHwpXTKm0Rm_9NV_RiLno
Electrocom Services,ChIJB-GVSWOtOG0R6tQCajpSD3M
The India Restaurant and Bar Pukekohe,ChIJ7d82B7arEm0RzG1Dv-Y9Mmc
Maryse Coffee,ChIJqT0xfwAf1akRynwr7cNtGnI
Adele Gardner Personal Training,ChIJdwj24-uVMW0R2mSmTm8GF2c
Balance by Mak,ChIJi-A5hzqVMW0Rewksbuih9rQ
RISE,ChIJUcF0JQZ1FW0Rs4HlKNYwDfI
Sure logic limited Accountants,ChIJ43TP6Pmrcm0RQBwdFTdssxM
Solar Studio,ChIJO1LdZvOhQG0RhOALqY9J5PA
Josh,ChIJIQ6TJQBBDW0RGBnpj97eEys
Anytime Fitness Papakura,ChIJu4SrRLitcm0RDEZTNlbrm6U
A.k.fit,ChIJ37yBoSWzaW0RDXkyr8Q1guQ
A Local Plumber Wellington,ChIJiSy2i3OvOG0Rea0lio6J_Os
Flippen Lekker Hokitika,ChIJzZnqdAAvL20RoGg3uyQ2oAM
Idol-Eyes Beauty Greymouth,ChIJwwGFA2FrL20RNcs_wCPygzw
Aliz Barberz,ChIJf2XnpK-vOG0RvhS_8AxWJ3Y
Pilates with Sandy,ChIJTXFZRodBDW0Rrvt3BLYzbXQ
The Yard Gym Dunedin,ChIJOym4BEuvLqgR3XAJzwBS1OE
Breadhead - The Gallery,ChIJT7OhyGrbbW0Ri72e3MNa5Cc
Dasha’s Lashes,ChIJdQwZJI5BDW0RbOd8sT4oKZ0
The Well Nest,ChIJy2XWQl9LFG0RH8B44yohRiY
Mi Motion,ChIJUUQSpx2sLqgR5taObBZgJ8A
BPLIONFITNESS,ChIJUyulh2RrDW0R9LOHUpbD6qI
Gloss Over Chaos,ChIJfVmKw0uvOG0RgFK2xb2l9IM
CrossFit PRIMED,ChIJgeG_rkKrLqgRg70oVANlnGg
NZ Premier Tutoring,ChIJvVcqqxA7DW0RAcRvjg90j2E
Takapuna Learning Club,ChIJw_A2IrM5DW0R3HSPnpm9bCk
Dankirzar,ChIJybiDc9BHDW0REx5yllchjsM
Hope Homebased Childcare,ChIJYeq4YJIjDW0Racn1RYrHc-Q
The Warehouse Balmoral Bargain Shed,ChIJi9vUlXtHDW0RApn8i27L0uk
KJS Mechanical,ChIJMSF7BwB1CW0RUE6yBB3MZak
Extra Mile Car Mechanics,ChIJ_cB-hGFBDW0RWf0xYo3Q-sw
TVO Auto Newmarket,ChIJi4D2RxJJDW0RIDOZo19za1c
Detail City LTD,ChIJbzvKKDhYqqkRaasErDYD1YY
Z & R Automotive,ChIJVaM_yjFNDW0RML1yY-hv-MI
Scenic car parts ltd,ChIJ39cj6gi7bG0RS0a-CO06VHM
Crystal coat detailing limited,ChIJt8uRI7lxbm0RGAxfZZTco8s
Shine Lab Nz,ChIJ46HZ332RQG0RXuAWz6lAWo0
Car Park,ChIJJXGPAQBdcm0R0X7nEMZSJck
Orbell Honda Racing,ChIJuRe2bgDBLG0R2xcnMd3VlcU
Upright Car Parts,ChIJD-3kKKfnbG0Rh8xKavm1mH0
Liu Car Mechanic & Repair,ChIJm3u0AgBNDW0Rzc6uuNhC7PQ
OCTOPUS MOTORS LTD 章鱼哥汽修,ChIJVRKvawA5DW0R73uqg52N1JQ
Prestige automechanix,ChIJowJEUc4jbW0RPUL8Jq3rbKk
Robinsons garage ltd,ChIJOZb011EfMm0RBmX3PrCjW_c
ChargeNet Charging Station,ChIJt4Yl5bYcMm0RVq97_IfQ81I
Hawkes Bay Heavy Diesel,ChIJpa1iQaGzaW0RWezqhl5fKZE
Amelia's,ChIJPSPqZQANbW0R5Eqvwi8Vg5w
Titan Tyre & Mechanical,ChIJdbBaPXMjbW0R4ofJXCNoFDQ
Oamaru Exhaust & Radiator,ChIJDedIVACZKagR20W8HyXL96c
Turning Tyres,ChIJy3u-LJazaW0RDsuC6dfvLw8
RPM Automotive,ChIJGds4KgDbbW0RAqiFXu81CrU
R-Rated detailing,ChIJ76BahdEHFW0R3vesiUwTpOE
Smith & Smith Authorised Dealer - Te Awamutu,ChIJiTw-sHnnbG0R1UbdRsBXrFY
Carson Country Garage,ChIJXW3rZwDhLW0RA_LPLpj7Y48
NFORCA Garage & Towing LTD,ChIJVzaFy3oVDW0RsVaBYCxgjPI
She Fades Aroha's Way,ChIJlfFhzESRQG0R2pg9sxbU73w
studio barber,ChIJDegi3RmtQG0RQWNHQW2lmLk
The Humble Garage Barbershop,ChIJ7d8_1-2pOG0R7X9SQCB-0eI
Odd Beans,ChIJrZyVSGmrOG0R8FHpxQFOn5w
ZaikaHub,ChIJZ4v37aurOG0RjL4A1Ro4I2A
Morteza Kebab and Bakery,ChIJ0VcEdwCrOG0RgqtSxhczeSI
Fully Baked,ChIJy_EeS4yvOG0RZQ2xuVPSRSk
Kilbirnie Bakery,ChIJJ0I61SavOG0Rucekqgn8pzY
Bula Barbers Eastbourne,ChIJd8AUt1OpOG0RflTPNdF4tLw
MQ Hair masterton,ChIJ-3WflPEhQW0RsWfKVUAM_jc
EzyBrush,ChIJY78FAMShQG0RSSxgAA-kQtg
NZART Peka Peka,ChIJ9X3MSACZQG0RAR3QwWVCxpE
Stable Greytown,ChIJ9xNJFwTRQG0RJdKlaAsK7m4
The Mobile Barber Shop,ChIJFcM4fwCjQG0RDvkEPKpzDT4
S & K Barbers,ChIJrZs4ReOnQG0RDbT-zEnf-M4
The Blackhood Bakes,ChIJT9hF6LGhQG0RzIfmntmVqlA
Hair Go - Henderson,ChIJWzNdHd5BDW0R6P4poDH47DA
Classic Hair and Beauty Salon,ChIJMUJEbeZBDW0RdUfyJIDj540
Hair Cordial,ChIJq8UpJABBDW0Racfk1_gf8q0
Synergy Hair Albany,ChIJ_zyDHl47DW0RcMY_Fwk0Hx4
秀丝坊 Albany,ChIJVRdlrB07DW0RfxXk0Fv0Nr0
Big boss barber Albany,ChIJ35lyZoU7DW0RD7gJmbk7bdY
绣丝坊 美容美发 Albany店,ChIJQWpiDwA7DW0RhBHQ12Mg2RY
mizangOne,ChIJPZR7DmI7DW0Rtq2bD93rNCg
栗子美甲Chestnut Nail Art,ChIJSxucQrg7DW0R17ALuEICDHI
House of Gigi,ChIJNxbAjL2tQG0RbxmjflrraBE
Luxe Hair & Beauty salon,ChIJlxgSOAAZbW0R4yjHEwIv_-8
Envy Salon Devonport road,ChIJMYg1j6_bbW0RJ0kA7cYXreA
Muse Hair Studio,ChIJQ_j9hjbfbW0RqwJav3cGpGg
Foilsports nz - Mount Maunganui,ChIJR4CeX2bfbW0RIhdh5gMf198
Hidden Jem Hair Studio,ChIJO7Aq4x-1aW0RKVbwd_anwhw
Arise Skin and Beauty,ChIJhTMUOYOzQW0R-qRASi96boI
Studio Elegance,ChIJY5_fHNDtO20RiXucQ-FTcek
"April's Hair Salon - Ladies Hairdresser on Colombo Street, Christchurch CBD.",ChIJQS_IIZaLMW0RBc7VXxqwCTI
Dr. Cut | Hair Studio Christchurch,ChIJBfF6-XeLMW0Ri4VqJciejfk
Paintworks auckland,ChIJHWa52Z8XxGER3J2NLxlh89I
All Painting & Design,ChIJafBZpLg7DW0RmR4ClfZDpNA
Mr Paint Services LTD,ChIJkf2AKFw7DW0Ry7VNTb4TH3E
Controlled Environment,ChIJPfoHU4YZDW0RNGbv-ukQfPA
Black Bear Plumbing,ChIJc2HzzH62lacRTLul_jj8mL4
VKN Global Limited,ChIJfRHjoi0nbG0RtEpkIFMu3Tw
Every other day services Cambridge ltd,ChIJ_5zMilYDbW0R5KeuYvN1ELM
Willoughby Plumbing and Gas LTD,ChIJsfeqflyVbW0Rp7cA23ZOeJ4
Aqua Plumbing & Water Solutions,ChIJCyOktblPFG0RN48AY9mTYvo
EFG Painters LTD,ChIJV0nCfxBHDW0RO1DgNAASOfw
Masterwork constructions limited,ChIJEfcUmA9HDW0RV-M5RhKwNU0
SimplyKleen & SimplyGreen,ChIJ1YDhZn9HDW0Ru-7RlynnZlA
Malwa Homes Ltd.,ChIJf_cyt9SgrkQRPMjuh2vL0Ro
Sturdy Structures Ltd,ChIJ-zIc4rFEr00RlUXV2CLjRP4
Novara Auto Spa,ChIJXStKBo0_DW0RovdJ6-jOJmw
TipTop Solutions,ChIJMyfBJROrcm0R93rXDl5JTtI
UnblockMe Ltd,ChIJe1V_WVBBDW0RycFWtp-ujss
White Cap Electrical,ChIJbxnDmW4VDW0R9qfz3E73cyA
Four Pillars Electrical Ltd,ChIJeRc2eR5JDW0Rf4-mRfGGGzs
LifeSafer Alcohol Interlock,ChIJe1KIBzdJDW0RqXLjkqOJUT8
Supereasy Oil Service,ChIJ3eprvsU_DW0R4utfMUvyhd0
Friday Auto Workshop,ChIJX2eHEr8_DW0RbZjcIt1Uio0
Thermal Imaging & Electrical Inspections Limited,ChIJBzbxS3xHDW0Rr5e5vLmUVWI
Car Craft Accident Repair Centres,ChIJkYqu1mtJDW0R4apVpdn8PSg
HB & Sons Builders,ChIJTXxsNZlUESMRDK6UF5LOn1k
Vortex Painting and Plastering,ChIJQZw3NQBHDW0RA4cQ79K6liA
Beckham Horticulture Services,ChIJj5dItBFPDW0ROuj73Feykxg
Abbott Brick & Block Ltd,ChIJg0eF6agVDW0RV1cLH6lw3EI
Vine Electrical Limited,ChIJb6v4pCWsXAkRy3O0XXzXGuQ
JAVA Scooters,ChIJP6H55ahHDW0RvrKNB2jBUHY
Affordable Builders,ChIJg8B2rB5NDW0RpJyHdk7dXRo
Core Civil Construction Ltd,ChIJx_tdT_CrEm0RboajRBme2DQ
Soma Structures,ChIJTby7UeFHDW0RihEYTzXYWp0
Amos Detailing Retail Studio,ChIJa06YapJTDW0RVRZ1Cxz_Co0
Elite Motors Mechanical and Auto Electrical,ChIJTQfSw4jfDG0RUeuRP1zSje4
Kiwi Maintenance Group,ChIJ-VuHr0tBDW0RUVCGY_4U0WY
BRP Trade Ltd,ChIJGakqYaNJDW0R_g-qqliwDSg
LifeSafer Alcohol Interlock,ChIJn-0jIjlJDW0R6bAAeDGJUpA
Redrocket Restorations ltd,ChIJn0wJ_Wa3cm0Rw7qit6GPd7g
Bushmate Covers,ChIJEybtlg-1cm0RBbffUpYtlvc
Taylored,ChIJ-SMs2-anEm0RSW3A7U-rlas
Greensmith lawn & garden (West Auckland),ChIJz0Db2_VBDW0R0FLQjEqafcI
Garden Perfect - Professional Garden Services,ChIJzXsgLsNBDW0R8iRTaE93PzE
Starline panel & paint,ChIJ0dbTuTlTDW0Rma38OCa-vQE
LBP BuilderS LTD,ChIJZQHN1D07DW0R8Ag1naFoGas
Construa Salles,ChIJ242UXAA7DW0RSa0JlS2wCiw
PLASTER WORKS LIMITED,ChIJtVtfTmc7DW0R2jvvA6oJeik
Power Retreads,ChIJsw4MniVJDW0RjNnF_nrzhWQ
Tradecrew,ChIJQ65OY15NDW0RoV83ZS-fbzc
The Hill Pukekohe Construction,ChIJ7y-fdfSrEm0RlJXgnJwo1Vw
A1 SUPREME CONSTRUCTIONS LIMITED,ChIJ1e0WithNDW0RgK6JqwE8czo
Affordable Homes (Auckland),ChIJYbFuZlB2FE0R8K2qPGQ8mO4
SALT Homes,ChIJg0Ac9tlTDW0R7YCRGQszJPw
Urban Savannah,ChIJPbJnsfk7DW0RCRnnd2FZ8Jg
Slab Print,ChIJPXT2jro5DW0RJks-MLwvzKA
NZ Sweet Home Construction Limited,ChIJ2Tvfc2lNDW0RPP7RtTSjuDs
Edeson automotive cleaning car services,ChIJB1aZBidLDW0RvRHeVruN0wg
VISIONARY STUDIO | 3d Rendering in New Zealand,ChIJs7uDVk-moWwR5h2zjRU1xrQ
Tiremate Limited,ChIJdY8YW8E5DW0RSf2ckpyuJrk
Shiny clean services Ltd,ChIJuWk3zgtHDW0RGhg5l1RMzF4
Scale Construction Team Ltd,ChIJO5SGHR5JDW0Rm7sH663E_f8
Ryan Shudweington,ChIJYT5pKACrEm0R6uvb6eazfSQ
Kel's Customized Upcycle Landscaping+,ChIJ8W0S60DPDG0RZPnoPNYJWbA
land for development 202 opaheke,ChIJnaK2Y-Ctcm0RMFjWYxcO7fM
Fixit Automotive Ltd,ChIJCXmwCvVJDW0RBbU7Mgj1W3A
linlinpainting,ChIJLVJsWXdJDW0R4hx2X98iNFA
Design with Rudi Landscapes,ChIJn9NiIyIVDW0RVD6G19xNNY0
Keystone Build,ChIJRf3rL5lJDW0R3ijNqOupCYU
On Fleek Automotive,ChIJTzTWxf1JDW0RARKkAI7_aXA
Harbour City,ChIJ85LVfQAlDW0Rl8MlQcMCh_M
Firth Industries (Masonry),ChIJHaZrEwCtcm0REmRafo1et7I
Basement Waterproofing Auckland,ChIJl5V2W3qW5i0RhzGOL98FjEM
Leamington Store,ChIJe0TJXgBHDW0RgBxaXyNnsBU
Auckland 4x4,ChIJHdGssNxJDW0Rb3PtHpcJQUM
Everest Property Care,ChIJO5gjpRhrDW0RWaEpxTrjXBA
APD Global,ChIJIe4DE5BNDW0R9gSY8UXEkcc
NZ Parts Online,ChIJ72oZcOKtcm0R90Hhl1Xq-Z0
Green Ganesha Services Limited,ChIJ3yfg9xu1Fw4RdBPpFmZDmpE
Max Workshop,ChIJdXvay5FBDW0RJR7IMelwluM
Magpies Nest Panel & Paint,ChIJORuPXE2tcm0RtMhAiR2Jz1I
Big digs limited,ChIJQaImKNYVDW0RF13NEUZeqJA
Approved Scaffolding NZ Ltd,ChIJvQWCOj4VDW0RmKu4WZyVGJ8
Smart Granny Flats,ChIJD4SAHvERDW0R_PZ0Gu6KocU
Fredericks builders,ChIJPXql0lkRDW0RtDjhCVQkFvo
Hero Plumbing & Gas,ChIJv0DyAfhMDW0RjNwV_MBRV-k
Cox Earthworx,ChIJ3WCn6UDbDG0R2jwiaa_Lfwg
Car deal autos,ChIJTZP9ZAatcm0R0kkrHUUePzI
Evoljones,ChIJ9T5VFtNNDW0Raqscl2te78I
Nga Manu Handyman Service Ashburton,ChIJHZfytCmJnCkRIYai5vsGenA
Area Landscapes,ChIJX2snmC-TMW0RZUshSWAKgzg
Jim's Mowing (Bromley),ChIJIyyOFxOJMW0RLMn-fja4t1Y
Tinwald Substation,ChIJ8a2rYgC7LW0ROoepWfQI3ok
Ashburton Substation,ChIJdanIaQC7LW0RWJGGF6enExM
Top Ace Painting Decorators Limited,ChIJST-FAMwP-qsR6dvIQIzCBwU
Aballe Auto Care Ltd.,ChIJF2Vqfq71MW0RvTdrBcPdI_8
Goldstone Homes,ChIJDUo2XDb1MW0RAoUj5V-ggwU
Stonewood Homes Christchurch,ChIJG1dBYUz1MW0RkNwp75KfRRI
Christchurch Welding Services,ChIJgVsStqD1MW0RGfCreLStdz0
Modern Environments Limited - Christchurch,ChIJQyL1pf4nMm0RttxQEyQjEeg
Mc Intosh Commercial Construction Ltd,ChIJo80ETkDuLG0RBAATD4Fk-38
Volt Auto,ChIJy15vruADMm0RAlt7dwOT2zA
RollOn Tyres and Oil Change,ChIJdbV7NqYdMm0RJ0SLjojNCWA
NZ Autos,ChIJTxTi4PWRMW0RZcHR_0MoY4g
Omega Canterbury,ChIJDXENwq2LMW0RLGLJi72i5wI
Rise & Shine,ChIJzdpAepqLMW0RO3R9UmOQ2Fw
Southern Bloom,ChIJb0RVvnfrMW0RQvFyZh7VcJc
PGG Wrightson Real Estate Amberley,ChIJ23hevOq7MW0RwvK93597uvc
Diack Homes - Christchurch Builder,ChIJlZJNQAAhMm0RZWz6oPNnjXw
Lyttelton Builders,ChIJE0ph4DMmMm0RckUKTuFr_kY
Selwyn Precision Auto Locksmith – Car Keys & Immobilizer Specialist,ChIJTx5g1Q71MW0RultaCwKFcOs
Pinnacle Automotive,ChIJL89SWTWLMW0R56Okq3AH3ec
Phone hut,ChIJeaTUjAyLMW0RwYUMg5p-b5w
Charlie Brown Landscape Supplies,ChIJScZLdwDNM20R-bombDTHFEA
M & B Automotive,ChIJ-4XtNeqNMW0RaH_t3tbkICI
Inside Design - Christchurch,ChIJUwzXqzeNMW0RfI0Rv_swZs8
Staff Parking,ChIJQ9BbcwCLMW0R8Rm7ToDAZIc
OnWheel Automotive (Mobile Mechanic),ChIJ10mjxCqJMW0RjQx2bHSIICw
BuxtonSteelworks,ChIJb8G3PRmRMW0R_WHiLRzgSfU
Admire Concrete Homes,ChIJ8TUqZgCNMW0R25EB0l_i8-c
Jollie brook track carpark,ChIJmdKJNQAvMG0RWlGr61a1t_M
CS Cladding LTD,ChIJr1mutOa6D6cR0F9KJ4pmuMQ
Duluxe Trade Machinery,ChIJCW6Mu_WLMW0RuRmqKFyC9Os
Stoke Homes,ChIJd2t6NfQhMm0R5Fm3V5pRUTY
Rolleston Wood Supplies,ChIJwxXfnPQdMm0RA4mH7wokQPQ
Kiwi Customs,ChIJFyGbvejvMW0ROmWosj9aLZk
RNR Property Services,ChIJF7V9CcFZvUQRUZzxsq5rj24
Ashburton 7777,ChIJ5-V2HROXLW0RSQoTdYypA2o
Plantorama Garden Centre,ChIJbxBOdSDrLG0Rsz70ZGvtJ0w
Nunes Tiles Christchurch,ChIJx3sgqlqLMW0RTEzLlBtm4mk
Generation Homes Christchurch Base,ChIJ0UYrbXn1MW0RCbXuQS7JkiI
M2 Build Renovate Develop,ChIJr4XfOgCJMW0RV1pKPmAfGLc
Broadtech Limited,ChIJ8aMD0X6LMW0Rl-UD9PhAoyI
Super Sucker Ltd,ChIJaR1DVxiLMW0Rect7D-Q1Z8E
nth Canterbury access hire,ChIJdbkpOLKXMW0RBC6o_hoCp-k
Cycle Solutions Limited,ChIJa61oFA6LMW0RFM8E26M9qrU
GMP Decorators LTD,ChIJhabc3JyLMW0RKek5x2kWp3k
DumpMate,ChIJX2884e-VMW0R_8yOcLZ_tt0
Firm Foundation Engineering Studio,ChIJ_67ZpxvY4yMRIjAd_GGwHKk
TABCOMM HVAC Commissioning,ChIJjfvJ463XviERUP3iibYlqv4
St. George of the Carousel,ChIJ_w_L0xFHDW0RSHokclS3HQ0
Vince & Hyde Racing,ChIJYRW2tslGDW0R6LinBJ5NszE
The Union Masterton | Crafted Pour + Inspired Food,ChIJEYgMt08hQW0R2XRfZS8ZPP0
Hyderabadi House kilbirnie,ChIJrf26dgCvOG0RCn7BXWBO4rw
Deluxe 24/7 Brooklyn Pizza,ChIJx55ueQAhQW0R8k_bUUr0Rrk
Tide & Track Village Cafe,ChIJJXQTnaZXP20RBTku6M9GmeA
Pizzlato,ChIJRwWVuwNTP20RN6zIhLE09OQ
Mr Katsu,ChIJWZgtTwCvOG0RCWYy2iAlCSQ
O'Malleys Bar & Kitchen,ChIJRT-krtipOG0RXT59nLspDtc
Marigold Eastbourne,ChIJX1_1FIypOG0Rmwer5EqL2LE
Mogs Dingo and Truck Services,ChIJ_6zoCN-zQW0RcmIfrAytMOI
The Paint Master,ChIJnxbaPyG1OocRJ0UjVX7OMRQ
BigHedge,ChIJu2nw89hBDW0RV-lMPmhYvWI
LIVE WIRE GROUP LIMITED,ChIJwyAdjMytLqgR_Hk85_msKNI
Pro Layers Construction Limited,ChIJGZXzKq7faW0Re5TapFzWGcE
Solution Roofing Wellington,ChIJKUOiQcmnQG0RWuvHFeDbVyo
G&H Electrical NZ,ChIJO3Chb1RX70YRL_TEEysxBzQ
Electrical Inspection Services,ChIJV5IMFwDxa20RqjHbx9zfsog
Best Energy Savers Ltd,ChIJ5UQWXwCvbW0RabifKX6aNgQ
Draeger Interlock - Mobile interlock provider Cambridge,ChIJrdHjdV8DbW0RgdlVkwu4v_k
Active Electrical Suppliers,ChIJUUcFFOv9bG0RZs-bndrlbPA
Power & Electrical Solutions,ChIJE6-eHACtQG0ReJ-5ycqqHNs
GEN-NET,ChIJUVTmcmkhQW0RfLKkI7s6wOE
HS Electrical,ChIJxS1k_Q7rrq4RpSJPrO-QEO0
CSL Tauranga,ChIJy7ObxZfbbW0Rpp5wCPloi2k
151 Wairakei Avenue,ChIJdRTh7JKE3K8RhD9esncFr9A
NT Electrical,ChIJ65r7ddGVO20RvEgDzpZ7g7c
Telfer Electrical Richmond Ltd,ChIJeT8DPACVO20RVoWh35yn8kk
Autobatt NZ Auto electrical & Mechanical,ChIJuz6O0WbxO20RdQNch5aZCik
Greymouth Substation,ChIJm8LbTQBrL20RNLHoE9mOm9M
WH Dynamics,ChIJi1DIWSsVOW0RcIBQOQUlQ2Y
AM Auto Electrical,ChIJj0mchEM5DW0RTuE5bGZItzs
Okahu Road Zone Substation,ChIJbTA5v4VzCW0RIs3SH77nKKY
Power Surge Ltd,ChIJA68_25_F0qkRwklhBZCEyEk
Cara Latham Bower_ Papamoa,ChIJ-bGodbh3bm0RErIDOjDXEeA
ATK Engineering,ChIJUUKLmF_LaW0R2DUQ3VrKM3Q
Brin Wilson Boats,ChIJEWz0U_MvDW0RQEU7SnWbGJo
Triton Charters,ChIJW_6G2ClHDW0RodCrgg5HQU0
Short Marine New Zealand,ChIJAXT7K2BLDW0RCAnKV8eISlk
ARA Marine Limited,ChIJ9Tn9KqrbbW0Releja3GIrGQ
The Boat House,ChIJv4K4CABzKagRIBLEJoyyj9U
Marine Paint Supplies Ltd,ChIJ7c8RDADbbW0R0SwqTR9MmCQ
Marion Maintenance Limited,ChIJ53eG5l6sQG0RrmpTYpzaORs
baylandscapers,ChIJYXLnISt3bm0RPL4jH3gCe-0
LawnRite Amrik singhTauranga Central,ChIJF_N9xX_bbW0Rgo598WfcMLY
Perfect care Lawn &Gardening,ChIJWToINnLbbW0RSRVqqigOQOo
Mow,ChIJ9xcjqEsZZmcR--nRKKN6a1Y
GR Property Care,ChIJ0zglRTvbbW0RfRIyeGe0Lh4
Kaiapoi Marine Services Limited,ChIJibv3rpmRMW0R0T8tAeTYV8A
Boat Ramp,ChIJz5fJFgDBKagREeJsBYk7Jrc
Yacht Supplies,ChIJ6QeqKsPtO20Rz9vfQKumlkk
"Braided River Jet Boating - South Island, NZ",ChIJBZSJK9oHLm0RL4up1yQ1pws
TRIP Rental Cars - Hamilton City,ChIJAYpcLaohbW0RMkOyr6wN7Tk
Budget Car & Truck Rental Tauranga Airport,ChIJJbTxLt7ZbW0RfCInCWmREv0
Happy Holidays Caravan Rentals,ChIJdznfQOfPbW0R9xBeT_m-KAI
M Hire,ChIJN5gPNYl5bm0RPLgaE1EM5lc
TRIP Rental Cars - Grey Lynn,ChIJbSls8bFHDW0RD9zb6I8zfnY
Motorhome and Campervan Rental Aukland,ChIJgR8TUQBHDW0RPApqHqJncHU
LyLo Road Trips,ChIJmUmFBjJHDW0RUyMP4ruo6YU
Webgo.co - SEO & Digital Marketing Service | Web Design & development Service,ChIJ70RrhvmaZAkR9iLCrlY32tk
Hammock Rio NZ Office,ChIJq6vuheKRO20RYnfWgrQFjsY
ManaTech AI,ChIJcyqIHLaHO20RrTdvRyMNryU
Kapsule,ChIJw-0DenetOG0Repo35ilJcII
Flat Byte NZ,ChIJLQ1S4QWNMW0RG-ShRIqFiI4
Capital Collective,ChIJi-j-9oyPMW0RpQd-XDBd-3I
UList Online Classifieds,ChIJsWx4G4Qd1akRpXvVF885ZeI
Mercury IT - Queenstown,ChIJ7xhvaYMf1akRcMwMx2aujss
Kstrategy,ChIJhy5Og3CtLqgR74d9pMKrLiU
Pizzazz Ltd - Online Shop,ChIJA67QRiHcDG0Ro0CzhrIjJUE
Colossus Online Media,ChIJGxLRPG6vOG0RyEqbxJYvgeo
Amazon Web Services New Zealand,ChIJswQc0yquOG0RNh28YaXTmcQ
SBOnline,ChIJG9a9z8SvOG0RKZHiRUCZoC0
Flow,ChIJjSTnAACpOG0R_p48HjJtwRg
Bastion Shine,ChIJCbDfCvqvOG0RYv6v9HwKsjQ
Icona Sport,ChIJB8NdLOOvOG0R6caDfDOowTE
DisplayX,ChIJG-m2Ce7ZQG0RldHquRuZBvg
iFixComputer - Queenwood,ChIJ6Z8eGTQjbW0RSfOUvKmWwoU
Averon,ChIJk8z97F4fbW0Rf7FR95YjDfA
Signature Style,ChIJpxkrrdrxa20RL-_8KPJHf_E
Kiwi Internet and IT - Tauranga,ChIJL32rj0vbbW0RphnXFV591-I
Cover Communications Limited,ChIJ-4n_WFf7a20R3ux3N_ZlorI
The Good Source,ChIJy5-32ZDbbW0RctjReKZVmuM
Toucan Creative,ChIJCzhAs0_daW0RT8tzngodlBI
Stay Casino,ChIJoehFPQAVOW0RI3npSk6oCMM
The Hanging Leaf,ChIJQy0GPrPxa20RXlll80zntK0
MINT Wear,ChIJN8bkL_VHDW0RrjtDkSANxgA
JDJ Art Creations,ChIJpz4tf_tHDW0Rv5aa5Y0Nc0I
TeeVibe,ChIJ134DV3E7DW0RyiKhFrDPoKA
LabFriend,ChIJmwh3HMVHDW0RzChSNFsvvrY
Glowriding.net,ChIJzYEYzlKNDG0ReyKOkCv1NbM
The Whisky Club,ChIJq5CpazVHDW0Ryu3ticu8d9k
Weigh Northland,ChIJexGXqkedDG0Rki6NDn8iUVQ
"11-19 Customs Street West, Commercial Bay Tower, Level 17",ChIJqUMNPX1HDW0RD85_KEmmGX4
Thirdie,ChIJJ6E1Vk5TDW0RKPBLS9bSBPc
Pause Studio,ChIJFWnhzpNHDW0RRxWcgwnMm7M
Rapid Digital Growth - Website Development Agency Auckland,ChIJNeBbTgBNDW0RXAtmAmKBWVY
AN Software Solutions - Website Development | Digital Marketing | Graphic Design | Graphic Design,ChIJoQ72d1a8uyERPjDVouTWhGk
Food Buzz - Food Market Napier,ChIJHQaA4WJNaG0R7IbT0D356C8
Taradale Village Market,ChIJJUsCcwC1aW0RfROPtYNrdcY
Taradale Sunday Market,ChIJSV9SCwCzaW0RpQvywVZCUHw
Fix It,ChIJyQMlVk3KaW0R1G2RVEyE9IE
FIRST CHOICE SUPER MARKET,ChIJkecZLveZaG0RCRToc1Q3xeQ
Te Awanga Market,ChIJMVJzSgA1aG0RVAgxChABtUQ
OMWellness Holistic Health,ChIJ7blXxMrLaW0R1-_-1IF8onk
OffGrid Equip,ChIJtXxPgrl9DG0R4XZpGR_463k
Femme By Me Fitness,ChIJIxjV8h_Jcm0RbznyPz2v5P4
SWADE IT,ChIJdc1c7se-E6cRknGvx85AcCA
KŌRI Desserts Botany (East Tāmaki),ChIJT7s4XHZNDW0Rbnz9LUMFUXw
Fishpond Online Retail Company,ChIJ3VITdgBNDW0R_Ah4DxpfpSo
RewaTech and internet CAFE,ChIJBbMfnX5SDW0RShZtUsGS_qU
Blunet,ChIJp5TbIQBNDW0R9nb961CU33U
Auckland 2145,ChIJmRjxxChLDW0RsQjN7hTtcGQ
Furniture Now Hamilton,ChIJoXG7lcMjbW0RmRcRKwCUSFI
Stoney Creek Tirau,ChIJlWy9xMNTbG0Rh2EgeCHP3Ow
Davé & Patrimonio,ChIJD8jX8hVTDW0R7J8RwWg7orY
Click Boost NZ,ChIJwfdRp5InbG0ReDdN0B9OFnY
Closed Permanently,ChIJkdTBrES6C20RHPO89cKYrpo
Rotorua Night Market,ChIJSbH8GgAnbG0RTyFFKBQoUXg
Thursday Night Market 週四晚夜市小吃,ChIJu7cxMwAnbG0RRex8W6XzGAs
Muse,ChIJ--psQ6t3FW0RZ1xxqYcsi0A
HOSTPERL WEB HOSTING LIMITED,ChIJ8_bdRokDMm0RY9qoNFu5SYM
Webstarters,ChIJ6_xyH5BHDW0RmOXYeny96Eg
Digital United Lab,ChIJkTPASgBrDW0RpeEmWw2CzR8
WEBSITE4U,ChIJWzgnOesfMm0R3o4j9OLaZDs
shop333sale,ChIJ4fvOOQMjbW0RJTL6JANOVQY
Jim McMartin Web Design,ChIJPSRtN2bbbW0Rpn_hnZqdJ9s
Raukura Design,ChIJA5CU8yfTbW0RVUdhZeSlgqk
iFixed Phone & Computer Repairs experts Waihi,ChIJNYmt9TOPbW0RiNqNOGtOx-0
HeritageTrends,ChIJhzupzjV3bm0RelP2kL7LbrE
ClickCartel,ChIJj95DF9x3bm0RI9KPzQdkrUk
1Team,ChIJETrk_YwDbW0RrsImJBKnN5g
Glowbase,ChIJs3mBRTKtcm0RK-vhoO-mZws
Guided NZ Tours & Rentals,ChIJWV7Sglsf1akRI15vbjwn2Fg
KOOL Balm NZ,ChIJ9wd2HDbtO20R9aPsEU1KAto
Elba's Pazza Pizza,ChIJmVRzxtTtO20Rw5Yx1gT1YLA
Inventive Tech Solutions (ITS),ChIJpSuGtPdJDW0RGK5s1qIkqcQ
Stutz Cafe,ChIJk26KrKHvam0RFOZgabnBdXE
Fix Medix Mobile,ChIJo_8I6fxLQG0RUouMbYvSg2A
OB Digital,ChIJm5hnJyshMm0R5sg9e0ONyqg
Ugly Designs,ChIJGfm49wH1MW0R_IJ2QmyDMYM
United Prints,ChIJn1ZLvV31MW0R_QcrurzQtL4
The SEO Agency Christchurch,ChIJPZlnIXaLMW0R8vuIaphLP-U
Westsoap Limited,ChIJQ2MQGTE_L20RwmgBf0gDXQ8
Bloomy Creative Space,ChIJAVcj2ltTDW0RinmSXmzJlZ4
ThatWatchShop | Branded Watches & Accessories | Online Store | Delivery Across NZ & AUS,ChIJQYiocX8lDW0RBSBs1vQISsM
ACE HUB Store,ChIJv5S_SxA7DW0R9lo-axbOjls
Triple C Trading Ltd,ChIJq9xMNAlLDW0R4-u_oNoRLg0
Your Choice NZ,ChIJYcC7BFytcm0RjWOrgBLjg7Y
Helwan Camp,ChIJTVzUOgBZam0R6y6cTH567Rg
Papatoetoe Auckland,ChIJ-SKlEABNDW0RzbCZG5UZGRY
Newon Limited,ChIJz9u3a3ircm0Rw1ZtmLFw4IQ
Halide Studios,ChIJIYAfcUnVEm0RAA63YLDoV3w
Cambridge 3450,ChIJGe-YRXz9bG0RYpl7qZZgkfI
"45 Broadway, Matamata, New Zealand",ChIJl09qfgDfbW0R4tXKkh3XY-Y
Bestee Online,ChIJrTWBRMnebW0ROVLTuA0-NsI
NZs Online Door Store,ChIJDVEX7f92bm0R0nvDN2O8Fq0
3Nine5,ChIJUzHyRO3RbW0R0EsDsFr5-nw
Unique Home Internet Business Available- NEW TO NZ!!,ChIJ5dJaR4gjDW0RZU1d1UdRnhQ
Click Quick,ChIJzR2WIPKVbW0RrvQuwh_GgL4
Softtech Internet Cafe,ChIJQ10CeAYkDW0RhCNmKfvB7LM
Lettuce's lounge,ChIJ54zuIACrOG0RznNY9-cx8wM
Te Mawae Street,ChIJC6DS1lACQG0RfPuHQ1ra-vc
"eKast - Affordable Software Development, Website Creation and Graphic Design",ChIJQQDMbYetOG0RQlcxN8BbZbw
Work Bridge,ChIJbQF7SAADQG0REzpaIEMf9Ew
AI Business Solutions NZ,ChIJd9G9oqwDQG0RCV19AA1Zlog
Behind the Scenes - Business admin support Hawkes Bay,ChIJ0d5GQltNaG0RIMr5Xd_kwIY
Franklin the Food Truck & Catering Co,ChIJbbPDu1hBQm0RPYg9VoPM6XA
Hugh Avery Web Design,ChIJSbc5-AhPFG0Rq6AQKZklZM8
Pixel Peak,ChIJn20QLJ1PFG0RXwweR_R2Rqk
Second Threads Op Shop - Eltham Community Care,ChIJcU1ALgALFW0R0bOs3D48HyU
Tech’n’Buy Online - Fairlie,ChIJe8HbQgOBLG0RmRtqwZHbw_g
Cave Internet,ChIJJRy2Ep-XLG0Rc43GYvWLegY
Discount Vapor ( Ilam Rd ) Vape Shop & Alex Store,ChIJ3zZr1r6LMW0RBQPuUGznS18
Resmed Christchurch,ChIJv7nPtiwhMm0RKwpVMwg1lIg
Tech Nest,ChIJP_Z75amLMW0RkMjL1bsO5Rg
Scorpion Brothers,ChIJoZv3h52JMW0RoB68sfdABlI
Red Cross Shop Papanui,ChIJl73_XXGLMW0RU2jVXphM1bo
Baby Bunting Westgate,ChIJF9gtoOMVDW0ROYMaev4Z36M
HGM Marketing,ChIJlTCGoNmvOG0RWdC59VgEvv4
NZ Grocery Marketers Assn Inc,ChIJFwqdjd-vOG0RkfdSRGFSxBU
Hi Tech Marketing,ChIJM6yJiPmvOG0RrdiwnUNaqIc
Next-Gen websites NZ,ChIJw9Fs9pA7DW0RfKg2qGPlBgs
Wych,ChIJd4UpAQpDDW0R3fRksZqtMdg
Marton Market Day,ChIJjWH1AwA7QG0Rl3ISBcEx38o
The Digital Marketing Agency Christchurch,ChIJm6bmqZGLMW0RGRZ248Lzllg
Nightingale Business Services,ChIJCYQkFTcDMm0RJuOC4HZf1Lw
jeff eggs merch,ChIJl3LRQQSbO20R3l68cWgQsXM
Just Roses,ChIJ8XUSHAc5OW0R74mr1Fir3WA
WebAndPeople,ChIJ_VPHheQ5OW0RXT-ZS_FHYNg
Blindside,ChIJCwBqzZmrOG0Rn94u1nrOpIA
Carnation vape shop,ChIJ41_FWBGpOG0RwmlK1dSP89k
Flex Panda,ChIJD9aK_P5VP20RIbmh7xTvh7A
Vintage Vibes,ChIJoZT0N6-hQG0R_d8d4EQEWEc
Daily Dose Birkenhead,ChIJs0Nfjmg5DW0Re7LGW6RnfIk
Rapid Websites,ChIJvbdeYP7sO20RYGKuRA3qITw
CV Experts NZ,ChIJ9RVn5D9JU0gRKvWkE1FpgPI
Liquor Legends North Shore,ChIJc9uoODc5DW0Rcx27CXX2m_g
Kiwi Camera Smith,ChIJn9aMfgKxOG0RsHdiVEOk-xM
Bargain Chemist Lyall Bay,ChIJhYxDOQClOG0R3oLxlVaq8bI
Aro Craft,ChIJHe8KID2vOG0RrTL6704uoYk
ALORA GI,ChIJ2Xrqci2XKagRoPNcHCrnkcM
E Com delivery driver Parking area,ChIJg3SxEQA5DW0RheLiOchKemY
Applesoft Phone Repair Glenfield,ChIJQVgm2qA5DW0RPhk6rEKQJyk
Shannon de Bruin,ChIJW8-QGeGJMW0Rcna47Ar6Rz8
Kiwi Shack,ChIJhbFvUO0VDW0Rika37iQkg5Q
Waimauku 0842,ChIJnSoPMLoTDW0RGzPqtvO9mLU
Mercury IT - Christchurch,ChIJp6LGFvCLMW0RpeMcZZFprTs
Online Car Care,ChIJvx_pkq2KMW0RJ8Cy9_DqKDU
Hannah's,ChIJsbdEJQCLMW0RkhvMZD_vwnc
TruSense,ChIJ6Xoqdv-IMW0Rm3eH8lygFVE
Trail Haven Te Anau,ChIJP9_Nx_UP1KkRMqFT7sJ-x34
Dating Hot Girls Flirt Online,ChIJey8NtmvPLKgRxDEWsuFCFSM
The Greenhouse,ChIJfU5jVQCZFW0RTq6YTiCyGpA
GD Creative Social Media & Content Video,ChIJx4h7XzCNMW0R5znXUn8_rhs
The Celestial Digital Source,ChIJb4N52hVtDW0Reuc-TIjIFL0
Alamo Lodge Ohakune,ChIJHfwq7GDvam0RRcY232Q3Bd8
InfraRedZaq,ChIJE-rT3mBDDW0RCyZGQVI2lO0
JOURNEY,ChIJD-QhZhs_DW0RJq3pn0fM5RY
BuiltByALJ,ChIJFSAdbkWxOG0RDSL34nt8xYA
Chb Business Centre,ChIJ4w-Z9APfaW0RGFJnX8jQhYY
Hum Consulting,ChIJ2yAVWJ-vOG0RMAGTwD7hQjg
The Catalyst Group - planning and environment,ChIJv87ExCGvOG0RqoQcdp3Ed4A
Pole to Pole Fresh Ltd,ChIJw-mlfn0nK6gRI_hSnjpaqB8
Otane Markets,ChIJ2wGgPwDfaW0RXg0dW9wVxZI
Site Eye,ChIJl8PRp5RBDW0RZqRvtGNqgsM
EZI Travels Limited,ChIJaWroEXFrDW0R8OZoTXdMD1g
Kurow Market Day,ChIJkTfShowNKqgR1V86HCGOF4E
Kai & coast,ChIJ7R7LCW23cm0RU-YSfteSmO4
Paengatia Lakeview BnB,ChIJKW7SUD3LCW0RIifIU6RThJU
EAZE FLY TRAVELS PVT LIMITED,ChIJueAG3PRBDW0R-uKfLc5AwvQ
Incredible AI,ChIJWUCappipYGMRHGT1OLW66TI
The Merino Story Lake Tekapo,ChIJhTsdfe91K20RYTEArJWD6hc
Streamline to Profit Ltd,ChIJJ2z0rr8bDW0RssiTihUlM5o
Market Leap Limited,ChIJs_vaSGbbbW0RQQUkHdJBeus
Epps spot x,ChIJo-pGDACNcm0R9NkuciywSw4
Eperfumestore,ChIJb9idQH3F0qkRj0fJ4cWqmUM
Petdirect Mt Roskill,ChIJZ7RV03NHDW0R4P78vUMU1aE
Tech Workshop,ChIJOQPw_oElDW0RruzGbdtJIPY
Contrave New Zealand,ChIJA6NIqXdHDW0RTF7VBBtOjnE
Kiwilink Internet Services,ChIJkxDVhGJIDW0RFDpVAFYNxsI
Online Shopping,ChIJy0LrGUNJDW0RlYsaOZgRMTU
Beauty Direct & Online,ChIJ5aLaAO9IDW0RS0zJ8_VVrdI
PIN TT EK,ChIJ_3P7HJ5JDW0RapqFTFUqW6s
Tawa tiny Stays,ChIJIyHRj-77a20RLv3EpT0MVt4
Adventure Taupo Hostel,ChIJYY2vgMzxa20RvFGybsvNA1M
Got Ya Back - Fundraising Platform,ChIJKbGsKm3F0qkRIm_lAfr58jU
RECOVRNZ,ChIJkxoPs6FJDW0RAukhnojhShA
Securicon Private Investigators,ChIJ65Wk_IlJDW0R8UmwIHim96M
Simple Domains,ChIJCcFgepm1aW0RTFvzt4G9Vsw
Spadez Entertainment,ChIJbwc8XRZxCW0Ru19piENcMwM
Ark Market Garden,ChIJbSu5JRyLLKgRaOrHXlxHHyo
Queenstown Youth Market,ChIJEeQqKOwf1akRTge8y8U94g0
Simply Stone West Coast,ChIJCXhYjSEf1akRj2Gs1TKM54A
Rear Spares,ChIJlW_xyOVP1akRxGYHyQmN_MI
Webb's Fruit Sarita,ChIJjX3gUhIr1akRA_s7tmIPcYM
Choice Cherries,ChIJg-QIp4rVKqgR1xAyM-W6pEE
Metal Mania NZ,ChIJYYlYgefF0qkReh2H7aFEBFM
The Space,ChIJH5gWsgX70qkR3Yizsfq8hRc
CSI marketing,ChIJ2_5c_xXbDG0RC6zhIYuzAzQ
Out the Box Ltd,ChIJo0QK7kK1cm0RHq2KrP0gVvg
奥克兰莲花堂,ChIJmxqfTcJLDW0Rhwse4sM31Zs
Yes! New Zealand,ChIJEbyZzJyvLqgRlwR8rgbWuAk
Verifly Limited,ChIJV1L3X6JJDW0RY2bj-zG3iw4
Waiheke Island 1840,ChIJ69TiTOjLcm0RjKKYvn4CLyI
Gravel Road Farmyard,ChIJz7SqFB0zR20Rn-Nz4OWC-kY
The Gifting Tree NZ,ChIJT4jv4DVPDW0ReojTqnTJVuk
The Concrete Canvas,ChIJaze3pcC3C20R8D6XS4wvSK8
Acumen Online,ChIJq64wf4NJDW0Rd1k__Zhzn_M
CreativeCo Turangi,ChIJy5U9Qau9a20RqM_tuiwUwqw
KGW Consulting Engineers Ltd,ChIJP1Ns0Mldcm0RIN2ZQBIWyvE
Liberty Marketing,ChIJ0Xh_msgjbW0Rme5TTVvprGM
Thames Movers LTD,ChIJ7xuzaqWBcm0RQo99niDC0CU
MrBeast Burger NZ,ChIJu0IK3cNHDW0RcVlNJG28bIE
Curtains Blinds & Design Whangarei,ChIJl4TfCRkM9GgRm_MYU0faaSs
MegTech,ChIJb-Ub579_C20RNyJf1RoPCtc
Kamo Grocery Store,ChIJKa-toLF_C20RkUjx4zz2YoA
Dtel Net Gaming Centre,ChIJtV3zviLKaW0RQH-zfC8eh2s
Lead Generation NZ,ChIJC6YaNdGLMW0RR2w7MDF_Yrk
VVV Property Management,ChIJDRc2OT6JMW0RatUOB4bv7EY
The Vip Collections,ChIJySxEwYOLMW0RYkeUpV0lYPI
Countdown market,ChIJy3aFIAD1MW0RydzWE85JwNc
Shirley Fish Market (KOSCO=,ChIJU34rcQCJMW0RJREtfEGn-nw
Sunshine Corner Market,ChIJ9bnPv8GJMW0RPbkjogQvMhs
dotcomseekr,ChIJd-4qD6RHDW0RNp0Bvq47RGA
Leo Scales,ChIJcdt7tGdJDW0R3lJHJNJtG_c
arteria,ChIJLVQC-eJIDW0R7ms--jEwT4Q
Chemist Warehouse Kelston,ChIJyfqRLgBBDW0RF1qthOtOU8Y
"BNP Associates, Inc.",ChIJ8UxqLkdJDW0RtKsQDvL77zk
Content Depot,ChIJPbYPGR9JDW0R0j8tIYChq2g
Milk and Honey Collective,ChIJFZ8lL-e3C20RZJDLmxetKJc
BeX Marketing,ChIJXb3M5PkbLagRA4kx-bYbemo
Point Zero,ChIJ4QP2bv9HDW0RMF0CTHl8uME
Wave Design & Marketing,ChIJzb8oOsJHDW0R1ggF9lxCvZA
Farm to Table Steakhouse & Cantina,ChIJg8mxkL9_C20RdO-SJxM8awg
Stanley Marketing,ChIJpY2wqYFMDW0Rl_dZDO1cVyM
The Secret Bookshop,ChIJg1DePQCjQW0RQg8CANhPTsY
Previously Powered On,ChIJXYaT0jylQW0RvWSG0ZuMHVQ
Psychedelic Store,ChIJHRbgTtmhQW0R4fLoPcG3bzY
Animates Upper Hutt,ChIJnxYG5JKtQG0RGJLhoiKMaYk
Bargain Chemist Petone,ChIJgT73T82rOG0Rh2nom1Dn2p8
Resin Replicators,ChIJBZ8sybsyOS0RJ5E-F5cqWmY
Sing Out Loud - Vocal Coaching,ChIJL0FxMNSTO20RhrT8vTDC0m8
Roseglowco.online,ChIJXcYDiHtBDW0RYuVX6TaenEc
Marty's Meats Smash Burgers,ChIJC80tV1rtO20R9JV7g2QUm0c
Campus & Co.,ChIJc4WVW6PLaW0R9MGBaXbVn9w
Pop Stop (Richmond),ChIJnTphzR2VO20RjgFy4AmyhL8
Eldea Internet Cafe,ChIJfem03cdMaG0RYlcmwnX4sz0
PedalFit,ChIJPRDIIltT1akRrU5J2rrXE6E
Agribotix Ltd,ChIJiba8AX65aW0RJGG5rZB3mu4
Willowbrook Retreat,ChIJiXW9bpgnK6gR_ypmbvBoYYA
The Computer Professors - Tauranga,ChIJm59lvgnbbW0Rn8bpStMhFM4
Internet Cafe,ChIJC5wXi9vbbW0RAgNFrAsJi2c
Results Group Limited,ChIJr6fUIEg8bSUReJurDnKEaZI
The Geek Repair - Glenfield Mall,ChIJNwV1KzE5DW0RWc-7h1HxBKg
Access Edge Solutions NZ,ChIJxUZtwOEFMm0RhRByTMKVdkA
BedsRus Ravenswood,ChIJfWv-zAGXMW0RrkAPWowR2i0
Tommy's Web Development,ChIJX2jYaUA6DW0R2Pzw9ZQYNLw
On The Spot Dunsandel,ChIJdbVsEQD5LW0RhOXUzMXXMhc
The Country House Greengrocer,ChIJB6B3ZQCXMW0RCSXw3HIHTOM
"Debbie Shaw Celebrant, Cromwell - Central Otago",ChIJPU_b3mfVKqgROXkZlYTS1ww
Big Save Alexandra,ChIJiWTaLS8jK6gRiHUL0rJb2Ys
diehard4education,ChIJVVUqqPZXbW0RMg8_U15NgvI
Yuneika Online,ChIJ_R3Gtc95Zm0RYhC6y0vGtbw
W3.KakahuOnDemand,ChIJ_QuBjRm3cm0Rj-am7vne3_I
Vigilante Security Systems Limited,ChIJE2a5UkVTDW0R4IYBDiZe864
North Events New Zealand,ChIJR_0uca2lC20RvpAPoCcaANc
AirrackClipsCo,ChIJ_Yz_zcqrEm0RYTVxpt96GVY
Adrian Owen Personal Trainer,ChIJOReK8FmvOG0RZn0qMIx1eHI
Christchurch IT Solutions,ChIJQ43-UJ2LYq0RTgC5O7D1Lko
MonevoCo,ChIJsRMea3Q7DW0R7U3Vbfvnj9I
Ecommerce Pick Up Zone @ NW Birkenhead,ChIJa8ZROAA5DW0Roae90AVwTiY
MARKET,ChIJ1yVQSbZJDW0RSN0nrcn65KI
Claimed Apparel,ChIJkVrpdhJPDW0RL1RRd8a029U
Kontent & Co,ChIJEX_VuhdHDW0R_AVHZKDEhic
Kewso Marketing,ChIJ_7B2coxHDW0RLXJ98WX_7TE
SoldOnJude &Bill,ChIJ-_VQLwAhQW0Roh8OFKWTY_c
NGO Recruitment,ChIJiW6GTR75YoYRVTnufmyBuSI
Kohatu Pounamu and Art,ChIJnTFjWa9nJW0RfwtSYn9zMMA
Fishermans Hub,ChIJZRcOLALBLG0RIir4bjJwSyY
Roadside Egg Stand,ChIJp_zUaADBLG0RmZX9oWYpM4o
This Weeks Veggies,ChIJzyHZdyHJLG0RzggjGHm-3ZQ
Peaks Studios Nz,ChIJD_7Gglvh6o8RBuyjlQvw9c8
AD Agworx Ltd,ChIJh_7lWABNbG0RjqdGW7FVQV0
Stillpoint Retreat,ChIJ-ypLqwonMm0RsODmhkDVntw
Time Capsule Gallery,ChIJRQmB7Zk3DW0RMu3Fi7fwcdc
Tech Workshop (Glenfield),ChIJ32AkQxs5DW0RHnmmtPxI2gY
STIHL SHOP Glenfield,ChIJZ9Ls8ak5DW0RJtlarouXzEs
VAPO Blenheim - Vape Shop & E-Cigarettes,ChIJrXARBFgVOW0RFUiCU0qg1bM
Stirling Sports Blenheim,ChIJ7x1AdMgVOW0RAwlaP3_TNKk
James and James Fulfilment,ChIJCTij9RxNDW0RH19y_lukUzU
Further Link Ltd,ChIJu1KmQ7RPDW0RRRVSnsbwsi8
Saturday Market,ChIJecOYHgCBCW0R2It0Q1GGtbY
Telegraph Market,ChIJz9AT3CClQW0R3GPZk6qvHH4
Braided Point,ChIJk3ItYwB9Lm0RMAWJ-XzusQs
Pantther,ChIJZ-pBDdpHDW0RFGN6eU7Gc7c
LJTRADES,ChIJhRhLZtPRM20RQymI7gXzSbY
The Creative Emporium,ChIJvaLMIsxJDW0RitIaPQQ-8Nw
VAPX - Specialist Vape Shop Hamilton Central,ChIJb6-DlNIZbW0RmOkrnPsyur8
Phone Zone The Base Shopping Centre Hamilton - Mobile Repairs & Computer Solutions,ChIJnwfVtK0jbW0RfUfaKZQlrUQ
BedsRus Gore,ChIJk31DUjnPLKgRHz_-DM3BvzE
Think Eco Ltd,ChIJQwUdXIyDbW0RgaaUtKTPCAw
Classic Casting Limited,ChIJDzyoMmhTP20R7oWEq08-528
Nonna Resi by Giovi,ChIJzyUuKggP1KkR2V8nwQBj5mM
Wild Meadows Ltd,ChIJ5_6RixJtDG0Rp1EH5xjkOSM
The Mann Homestay,ChIJywilbQCRbW0RtA5H24TkXHQ
374 Arapohue Road,IjESLwoUChIJdfp0v8sSDG0RDViPs3nWT9AQ9gIqFAoSCfsRCsjWEgxtEQu2gW_pxTqj
Anywhere autocare and tyres limited,ChIJEYTP7rJXR20RpqD4pYbRsGM
International Sales And Marketing,ChIJ0_HOnimqOG0RIR1TtrIO16Y
SBD New Zealand,ChIJjyO941qvLqgRUAzzo1HUggw
Custodi NZ Data & EMF Shielding Solutions,ChIJacDLvhpDK6gRmONFtuYqV60
Mobifix Mosgiel,ChIJzapy--kBLKgRnJVLJtUhPQQ
Burgess Matting & Surfacing Ltd,ChIJX-rJIjoDQG0R4ow_i5TZNKk
Er-Creative Artworks,ChIJnUP1aSN_Zm0R1rWaM6TG8Rc
Vendor Camp wifi,ChIJ51xJs5S3C20RNMDr7061EGk
VEE4CLEAN,ChIJX7r8eNJhQG0RtGteF834c6U
Lamina Limited,ChIJSTqYGawvDW0Rt__5hJY8ME8
Ark Creative,ChIJYUxro_0lDW0RrGA_xlisw9c
Elmwood Tree Services Limited,ChIJMV_yXUT1F0sRmfx0HzkUbBw
Pocket Studio,ChIJHSaraS2Pbi0Rvf-D3GSf8hE
Ogizmo,ChIJk2dTbLBJDW0RznS4e4kyVRY
NZ Professional Graphic Design,ChIJy49BJzFHDW0RQcPN-9ZWx6o
Plux Stays Lindsay,ChIJ_Zg8_IcfMm0R4poqfCnqc_A
Double Oaks Properties Limited,ChIJNdcGdRCDbW0R2zl4YJRRUbs
Awanui Labs - Rolleston,ChIJTcEdHisDMm0RumgMdD_q3Lg
Te Aukaha,ChIJzf2QJJQZbW0R0wjCxvaMi5g
Leathermania NZ,ChIJPeweOe3xFG0R5a7xjfHE98I
Tainui Nursery,ChIJCQokR9q9FG0REJuXKO99PYs
workshl,ChIJaRbp0nI7DW0RP4oGEbcFAK0
Monte Christo Winery - Gibbston Cellar Door,ChIJ-Uv_ctgn1akRTUaiwxrr8a8
Winesolutions Bespoke Limited,ChIJA4n99yQlK6gR546jgmovjuA
Amy Westland Virtual Business Support,ChIJlWoBVrV_K20RBF65jr8FOFI
Petone lower hutt,ChIJjezdCwCrOG0RNT4PvaC4jkA
Online Learning Systems,ChIJEWQwiH1UP20RSxylce2s77A
SGNZ Web Site,ChIJFxlOaUOqOG0RqeFjZS1yCHc
iPOS,ChIJJXRLdyewOG0R4mKKEj_gURE
Boon Collective,ChIJh72JT9EHb20RTfyZvY7kzxc
The Everyday Capsule,ChIJWYliZhhPFG0R4i8-LUZSEog
Coastal Fever,ChIJUdWEgBnxFG0RZXobOzalJYE
Blaikie Recruitment,ChIJp2McZJvVKqgR4MY6wmDPnhk
Arrowtown Post Office & Gift Store,ChIJUyWgicIZ1akRNFLDuChlvxg
Local Markets NZ,ChIJawcvuxsdQG0R8QMVtB6kMRo
Bespoke Stays,ChIJffhCDIg3DW0RI2b80Alzs1Q
That Tamil Girl Bakes,ChIJ_WRUuwYfbW0RiPmK12fGmjA
Community Online,ChIJP3JsaEXzQG0R7KWBmmNMWtk
Solitaire Marketing,ChIJbciFBfYhbW0RiPCBBLXhEvU
IT FOX The Base - TECH TUNNEL,ChIJh2--H-MjbW0RS0E0_fbwksQ
Yuccan Technologies,ChIJNY7GYTNNDW0R6TZlHePKuGg
Manuka Starlight,ChIJJ_rg9S7nKm0RmVGqgY1exY8
No3onFraser,ChIJq-Hj2FPhKm0RxETBkSCZOz4
Absolut Legal - Selwyn,ChIJHezUJt3_MW0RQkP16iNOCtU
Quattro Consulting Limited,ChIJ4e6z3vr5MW0RzlZd0T7zYTQ
Dunfield,ChIJP3OCNiHdLW0R_LFihfNbboQ
P.K. Global,ChIJGVKb0YAUDW0Rd8VerBEiq3w
Matatiki Auahatanga Creative Spaces,ChIJr17GZAD1MW0RTkrR2yTk2_E
PMD Online,ChIJoZfPe6QYbW0RSqJzbu19DCQ
Babaji foodmart,ChIJl-HknxcZbW0ReT7wvsW-l7I
InfinitX Academy Hamilton East Campus,ChIJDwRbk18ZbW0RqfW8rB4YU2E
NZ Sari-Sari Store - Your Online Filipino Store,ChIJt_DBclDBLG0RnDPiGeNA4yw
Dawn's Atelier,ChIJk6DPsU2tQG0RiEojegKdOTc
Stick It Studio,ChIJMZHPRSojbW0ROjZGTknjRJo
Claudelands Events Centre Gate,ChIJHWQOHQAZbW0RtZ6s5KDlrvo
St David's Opp Shop,ChIJXSNbIgD_bm0RmO0PON2HV4k
Hamilton Hotel Public Bar & Bistro,ChIJPynbOwAZbW0Rl3a7aRqL6u4
The Ninja Run | Hamilton,ChIJGTf0mCwZbW0RGpEQCqtq19Q
Rollickin Gelato (Riccarton),ChIJrwuQXgCLMW0R7KYV-zwQGXw
Bonnie Day Brewery and Taproom,ChIJRZlV37T1LG0RoszpnxIMv6Q
Cycled Design Raglan,ChIJyYXUer_VEm0R3zQGK26HVLs
Coromandel Online,ChIJMTpE_X1ucm0R0sQHCKbAJYc
Whisk & Brew NZ,ChIJHfmyNMFHDW0Rp-eylAgoTec
Doctor Doering Online Store,ChIJq0QYhNRJDW0RxILt_ohqwrw
Evelirne Culture Limited,ChIJVf21sHtJDW0RkXAJhuXByYk
DHF Gifts & Designs - Online Shop,ChIJm7xW2EBJDW0R2CWVT_CtiUY
Vito's Gelato,ChIJb8BtuYxJDW0RlVK8BPY_diE
kaurinest,ChIJQTKU6LhJDW0RAdDDq6ayr0o
Aquair Engineering,ChIJI865I2GzaW0RwlacxF_JGvE
Domu Retreat,ChIJR6zdLhh5PG0RSA3RtLhgiXg
The Cheeky Chic Rental Dresses,ChIJ9wp4QjMDQG0RkCndIM8ysIg
WOTSO Whangārei,ChIJoZwQW5d_C20R5kM2kZC0lrQ
930 Whangaparaoa Road,ChIJe_YogXolDW0RRnxJhw9OZv8
Ballu Phone Repair (Northland mall),ChIJd2GxbyeLMW0RTyShy_i2NZY
Falcons Barbershop - Rangiora,ChIJ8RQpu8WVMW0R_r0yVdyr8Yo
Team Direction,ChIJd6ZJ_5O0oU8R0-vFAw4tHIA
Aaron Uings Contracting,ChIJl7jcJgArQG0RpFI6WdAJrj8
Alpha Concrete,ChIJxcGs2ND1QG0RcX2E375qJCM
J Harty Mechanical,ChIJBX6H0sJVbW0RouHF3ExcA2g
Waikato Construction & Hire Ltd – Digger & Excavator Hire,ChIJxXBuT7izbW0RlrGHKizvoaQ
We Can Do It - Home renovations,ChIJF451-eVinYwRPm_bMKhGbAE
Shelby and sons earthworks limited,ChIJ32a4O6StQG0RfFnInAD6Evo
Waikārapi,ChIJz90FhiITOW0R9Hj-YGTdPq4
Wordperfect Ltd,ChIJ_bSLzvt-C20RSzzdlZXnPkY
BlueCrest,ChIJq-U_8n5TDW0RBa5BEqBHDow
Looks Men's Salon Kaiapoi,ChIJiVhT-xeRMW0RXmI9meAsVeA
Tamahere Lions Artisan Market,ChIJn1wjRwAfbW0Rt2HXk6ct6YU
Creative Options,ChIJo8Qp4yEiDW0RYGccIv6A-dk
Delio,ChIJU8aNij4lDW0R_Azz0TMBJkQ
I Love Gadgets - Queenstown Store,ChIJnWmGFiEd1akRCeIboPvYxwQ
Midnorth hydraulics & engineering,ChIJycYgRpzpC20RmqlUpjGjjv8
Ruteros | Mercadito Latino,ChIJhRjmGhR3bm0RhjPVS16MqXM
North City Market Limited,ChIJnZeZv9SvOG0RniF79GxRqVY
Webbiz NZ,ChIJJ-VKCSnCLG0RN_ptnZlXICs
Helensville 0840,ChIJESeWED0QDW0R8cIX3xBRbcU
The Jewel Company,ChIJJyULmM3bbW0R4YY84vMVdbo
Golden Thai Massage Therapy,ChIJh37G1SStOG0R1ndRKyoP0ms
soil-eng Ltd,ChIJW4pPbaehQG0RTqK-Glq_pVo
Style By Ruby,ChIJb7ndKrAbMm0R0rsCLrBl098
TKF Solutions,ChIJaUGAuxdHDW0ROveUDFcrJxU
Occasus Limited,ChIJC8YhAPA7DW0REriQ7dR2yVI
Zettagrid - Cloud Hosting,ChIJs4WcPI9HDW0Ru-My3re79qU
Inova Group,ChIJi8INEYbxO20RPUOGE_cGvRM
Radio Solutions Ltd,ChIJpb8KLAFdcm0RaEuiJ2Dx3Z4
Ricoh New Zealand,ChIJKdJ6xHW7LW0Rus86fgzpxe8
ArtTel Web Design,ChIJs79gZ4xKDW0R3RVa04UJbT4
Digital Zen,ChIJ3_yQ0INLDW0RGmZabHadNdw
One Degree,ChIJlbcB9XZIDW0R912Bga_2lv8
Storage Care Hub,ChIJp2x3TVJVbW0R4bWnCcDOAec
Five Mountain,ChIJQwDC0nZHDW0R7mA9J9bVloA
Square Pizza Takanini,ChIJ_1tHKW5TDW0RP4jV07WsPyM
Vape Base Takanini,ChIJb2QvgXNTDW0R3BQRBVCcv6c
opshop.kiwi,ChIJw21NDornbG0RujQltnAUhlY
Omokoroa western bay,ChIJaxCxHQDDbW0RFi1T650RSFk
Team Circle,ChIJmQGWoftHDW0RHciXaQ0fmQ4
Florad Underfloor Heating,ChIJSVhRnIVPDW0RiUyARFsacS8
Ahi Mahi Sauna Nelson,ChIJV9Zr9lbtO20RPoa1ngiv9Ng
"Tech Arena - Mobile Phone Repairs, Laptop Repair & Electronic Solutions Motueka",ChIJL_fPBWmHO20RV5VpV_ndgEw
Hitched by Gem,ChIJKRRwDDZjfIkR4Tb-dY_TTy0
Barnacle Busters,ChIJe1lS8uQ5OW0Rq6Io0QUb8YM
Employers' Chamber of Commerce Central,ChIJ6bLLPdtMaG0Rv2GHV5PRSGA
PlanFirst Invercargill,ChIJr8gXOhPF0qkRoe6idtRv9rY
G and A Accounting,ChIJS_urwNVHDW0RM0BVXsUX4BY
Kelly Broerse Ray White,ChIJ24im5nNrDW0RgYTtoCgIaBs
Bites & Beats NZ,ChIJIVQMZQixOG0RUqBgaTMszxM
With Love Bean,ChIJdbhcmcJ5P44RPDYIF2cfufY
B&B Web,ChIJOTswpaKpOG0Ro_lP7URpcaM
Memyselfi,ChIJr2vqjFPtMW0R4Jq_mrY1eIU
Hidden Gem,ChIJ8z5akeCrQG0RpohGWigyzYY
Ridge Retreat,ChIJtf2TfwB1b20RMm3bkczrZU8
Market Street,ChIJ5ZPh2peuLqgRcIvFOWXJXzs
What is social networking I Social Media For Profits,ChIJYYaHY6ogMm0R7VM5_u8HafY
TheWeb,ChIJ1T9M9IyUMW0RWYgK-hJnrho
fruit brothers epsom(铭记水果哥哥）,ChIJ3xAtbDlJDW0RrnsVO-Vu2VQ
online game New Zealand,ChIJqWymyONHDW0Ry9bkioA4x9U
Springfree Trampoline Auckland,ChIJE6wbU-BBDW0RrlMGnrIpVJE
Cafe XOX,ChIJGbDbxOUHFW0RpJ3_w_4gOi0
Elevate AV,ChIJK8HMI9KTO20R7L216qHKB5k
Living and Party,ChIJawMpMAAlDW0RJgTkK2wHR8s
Digitalmax Online,ChIJ64mis0FJDW0Rvh7LvGSI2Ks
SubsQS Ltd,ChIJ1WOi-LAnbG0RI68wwstgzoE
Sugar Bae,ChIJiXAqqDNJDW0RjgKRc8qYNr0
ESRNZ Limited,ChIJJVd3g-3DLG0ROfLvYWj5ydQ
Te Aroha Distilling Co,ChIJARhhvOaZbW0Rzdw5aEAg7DA
INKPOWER,ChIJCU1EVpQ7DW0RDnlV-6JVYdQ
ITNavigator,ChIJbzPG4LEjDW0RPEkQGLGXwp4
Don’t Worry LTD,ChIJa_2Mc5EaLAIRwYdGLUKW7j0
Hullaballoo Design,ChIJEW6rlgEhMm0R0vat6I8n_8A
The Bottle-O Kilbirnie,ChIJs-ITXtKvOG0R35tjC2nGzC4
Anetot digital online business,ChIJowtcj4MjbW0RQJUu-la16B8
Parts R Us Partsworld,ChIJN43C3CZHbW0RELgez6fg3EY
Daily Meals Today,ChIJV_hOX2W_lG4R7_sapLfHiKU
Mega Choice Kelston Mall,ChIJ02i9DxpBDW0R4MRqITnMZd4
Magick Potions,ChIJYe5yGp5BDW0RaQnvFDwu0QQ
5.1 TAT,ChIJQymzYwCtOG0R-jIpxGbInQs
4.1 TAT,ChIJc7uHWwCtOG0R-QL1m_DEq3U
Collab Engineers Ltd,ChIJzcDdr4yrOG0RU5FaaK9PhkY
Fastform Earthworks Limited,ChIJjx72nurZbW0R2gTmi_E68y4
Hpworksltd,ChIJ3dm8_OW7C20RpeBJn2jNQpk
Kaitaia Night Markets,ChIJ79uSLgB1CW0R8fZOjQOBKR4
Zoomigo Rentals,ChIJs3toBbaJMW0R_aDdUtcXJOM
Tech4NZ Solutions - Phone & Computer Repairs,ChIJuSU-gSGDbW0REVvvEtjtxNc
Peips' Building & Repair,ChIJN2HUDAPvam0Rvaq5qbq1A4w
Design Ahead,ChIJj1r2xXZIDW0RjhpalIzJeo8
Cicala Design,ChIJk_kDDCewOG0RTpJO1-Lav2A
Transam Logistics,ChIJQSQZSMhaj2gRAu2e0D32DYw
MG Marketing - Tauranga,ChIJtaT_4mXRbW0ReZO7JbSdZxY
New Myanmar NZ Trading Limited,ChIJ91qkfa85DW0RFRlOp3ZNfbU
Mecca Halal Limited,ChIJpdHjBABTDW0R0HDAT5uAV0w
THE REPAIR LAB,ChIJ60IxnmxHDW0R8dLllM99IjM
Green Shed TAT,ChIJM2jLJgCtOG0R800NKgzQvxA
dreamsoceania,ChIJl6LYyflNDW0RYFREEgqe4uM
Known For,ChIJJb51HIOJMW0R73_mfXTliGY
Sixty Seven & Co Limited,ChIJ_5kXi_JJDW0RhY2cZb_XzbE
Kaipara Kress,ChIJY6sbuehbDG0RZq227zFyK18
MidnightLounge,ChIJ-1l5UUWvOG0R8pxGOMIQrh4
Creating Opportunities for Marketing Success. Richard Gee. Geewiz,ChIJhW0Eaq5JDW0R1ozfKdKd8ag
Spotyaa,ChIJa0lltV2vQG0ROPydTTM2KVk
SecondBite Nz,ChIJu0GOmnFHDW0RLNDCWlRNVsM
Waikato Books and Beyond Limited,ChIJhST7Z7AZbW0RdlKoP6JYtJQ
The Good Grain Wholefoods,ChIJSZOD9BojDW0RN-M0DIhZyFw
The Mall Massage Center,ChIJKzhaP-GtQG0RticfnvfdIzY
Leading Edge Communications,ChIJV1eACvuxbW0RYf6xKTVr0QA
"Ballance Agri-Nutrients, Feilding",ChIJ8RzBXABLQG0R8U_fnhMBu7M
Indepth Diving Limited,ChIJ3U3fNoPnbG0RbuI09M8KlR0
The Appliance Network Society,ChIJP45pcOZIDW0RMxE3mg1ja0c
Kiwi Flight Centre Limited,ChIJ2_KQI3dGDW0Rl5gpRxIsnyk
Johnston Locksmiths 2024 Ltd,ChIJzwPFTPNNaG0RVodHmKJa_dQ
Terrace Marketing,ChIJnffBefmJMW0RYdwJQkn7tOI
Cmp Kokiri Limited,ChIJV194Vsb0MW0RykGaTH-zF_U
Foxbyte,ChIJS2K5pltHDW0R3Gu65d95-Kg
The Friendly Computer Company,ChIJMewgokezaW0RU-N8JdQYn5Y
Rai River Falls,ChIJ00QsQgDjO20Rk4pOtRgfnlM
International Sales & Marketing,ChIJpSdUvIurOG0RJWym0Ww9-9A
Wolfe & Diego Gifts,ChIJZ1iKMQCXMW0Rrhqa0GlOTlA
Narcos coffee,ChIJwY9SSKtHDW0Rpmnpuce0jeQ
Destination Cafe,ChIJ1yHsJudJDW0RI0MYqV-ax5E
Esquires,ChIJ-ZEbsIxIDW0RalIk2nofgEo
Shake n smash burgers,ChIJ3UrIhwtJDW0RY8v4JwRjQzY
Vittoria Coffee,ChIJv2QsOfNIDW0RZTS7rH1OlKY
Onae,ChIJI25IFgBJDW0R1tZHRrHEQKk
Takehome Pizza & Wings,ChIJvf7PQgBLDW0RB-D8KnSR-rM
"519 Ellerslie Panmure Highway, Mount Wellington, Auckland 1060",ChIJvTay6xRJDW0RSLI7lW6UoEk
Roco Papaz,ChIJea_WRhRJDW0Rn4aCWttw2-w
ZANA CAFE Highland Park,ChIJfzf9gChLDW0RyQjeQZvFYro
Soho Wines,ChIJb2ZQYwDJcm0Rqg7l7I6cYyQ
The Bomb,ChIJo2woFqtNDW0RNqkAn8q3UBA
Magical Finding Limited,ChIJIe4WEGBLDW0RHTPhSGxJ6E0
On Fire Waiheke,ChIJNbTa6BHJcm0RZP-pyk_fA5o
Pahadi Kitchen NZ Indian Takeaway,ChIJoWWsGJlPDW0R7lhPpud8FHI
CHA KUB,ChIJA-ziUABTDW0R1g282oPNYcg
Pizza club glouster rd,ChIJF7AObABNDW0RT57sDY_8rcw
Amber Roast Papakura,ChIJeyeEm_itcm0RK70ot2spP0w
Fast food Bbq & Chinese,ChIJkZNAZABTDW0RDlR3T-O80vs
BB Foods,ChIJQVh6AwRTDW0RInqHbqCNYDc
Pro-fields,ChIJB3RqAABVDW0RPWhjCXAljlQ
RE Burger Takanini,ChIJCU57SyVTDW0RcUNRRhRdGCE
Club Cafe at Awhitu Golf Club,ChIJi7qpAwBfDW0Rfioyfz7QQVs
Paddock to Pantry,ChIJH92uMDFZDW0RjO4lSQv2Jik
Sweet Somethings,ChIJ7QjjTgBZbW0RK2j__njY6aw
Ora Cafe,ChIJ7zlTvNlHDW0RHyNigRBmiOw
Bagel District,ChIJEXvTV95BDW0Ra6EdO54EfuI
Aliza gurunglhawas,ChIJnZvTPQBBDW0R5M2nWhaHSY8
Crafty Baker Oratia,ChIJsb-PWu9BDW0R5Nf9cKSM2jw
star tail studios,ChIJUx22_q5HDW0RhfRs5fOBPX4
Beacon Coffee Cafe,ChIJuaolxRBHDW0R6zh3qaR78N8
Sergeant coffee bar,ChIJ1dWuEQBHDW0RZ7MMB1kyd70
"IcyBean (Rolled Icecream, Iced coffee, thickshakes,matcha and waffles)",ChIJEVWyt5JHDW0Rv--Z98PLALE
Bubble Tea Factory,ChIJcW7GRwBHDW0R6Pu0WtAuvYE
6A McHardy Pl,ChIJBULqKgA5DW0RY0CGdHVtR2w
Akoranga Eatery,ChIJB0jgQgA5DW0RUZniZZ-pwBI
Riley,ChIJfyBXE5hHDW0Ry_FMgSRHML0
Fantail Cafe,ChIJC2lOIV45DW0RubwP_4E8VCI
Thai Browns Bay Cafe and Restaurant,ChIJA-voFZE7DW0Rip6sid3K9SA
北岸店,ChIJs4WZOAA7DW0RWDMi2WtaA-Y
Loco Chicken,ChIJf97rYgBJDW0R_4ZS0RNm5qM
Mermaid sushi cafe,ChIJH3w1M2ZHDW0RwQflprNk0L0
Goku Remuera,ChIJw-a3KwBJDW0RX0s-JBJC_GM
Grill'd Burger - Onehunga,ChIJ_0sqNxBJDW0Rwkza_rgdLag
Fashion world,ChIJgUvNbExJDW0Rpga3JXxgP4U
Mamamex,ChIJs8l87HxJDW0RLN35Y2iNk3c
Springcombe Sunset,ChIJD0Bhi1BLDW0RbFuAAC75aqg
Kebab Bites,ChIJ3cxqXOtLDW0R5OWWFCV-AWg
Craig Empire,ChIJIaABJABJDW0RjmmczpRaLuk
Eden Noodles Bar Mission Bay,ChIJX8oD3jJJDW0RBrZLbm75-2I
Island Foods,ChIJ65ODpq9NDW0R98V4ILwP0I8
DilPanjab,ChIJy4bvMwBNDW0RyWbHyuu58JY
汤火功夫麻辣烫Tanghuo Kungfu Malatang Meadowland,ChIJGW0_CxVLDW0RWb3Wi02zbFM
Downlow Burgers - Papatoetoe,ChIJnyg5iIZNDW0Rjdj82oVez9U
Meharbaan Indian Cuisine | Indian Restaurant,ChIJOR-YlthPDW0RyIVjDLYhXgQ
J Hou's Chicken,ChIJcQBFzLJTDW0R4QsR83bEQFw
Snack Jacks,ChIJJxoId_VNDW0RoLs7Xk_W_1c
Karma Sweets,ChIJB6U0F1RNDW0RtJgtMSKBQlM
BP Hot Food & Lunch Bar,ChIJcTS8eYpNDW0R8notxDPIa3A
Kinn Aroi Thai Botany,ChIJq0Vzp09NDW0RK-zIsKQU5bI
Jin House Chinese Takeaway,ChIJSyB63gBTDW0RpGLYXe6qoDM
Kungfu Chicken Howick,ChIJO4ZOnvhLDW0RFQmJRASaQhI
Pub,ChIJRWS2WwCpEm0Rmykg3oWYA-E
Diamond Wok,ChIJy1eFrIBHDW0RfMryavJQ7BU
The Grey Lynn Firehouse,ChIJZayJUwBHDW0RimRVZWmrd4M
Jaan,ChIJ9_CuGx5HDW0RVOGdZiFhvFg
Focca,ChIJc3iixlRHDW0Rh2pu2zHxAeQ
sodam,ChIJxdQrZNVHDW0RvtrzDCqtRWU
Just falafel,ChIJ47OCTgBHDW0RfR6YH0HFWfI
周记饺子馆 Mt Eden,ChIJ4VWtagBHDW0RC2JHgEuNaws
Kiwi Dose,ChIJAYmsUjVHDW0RSMgom0DG8k0
ADDA,ChIJk6l17StHDW0RBGsAiH8NdI4
Tandoori Hutt,ChIJPWuGf-JHDW0RvR23Pdk0ahQ
Eden Noodles Bar Morningside,ChIJv1hrRLpHDW0RUwXrmy1sNK0
四川担担面,ChIJNd-EbgBPDW0RBZz8NouTInI
Yum Town,ChIJfaq6xwpPDW0RO2G9ws9YpRk
Mobile kebab,ChIJm906SgBPDW0RcWJOkUmCvh4
Acai&smoothie mafia,ChIJHX-rpBg5DW0RdJa_n2eS4Ew
Persian Pot,ChIJIdsS5oBHDW0RUYmYp28NSP4
Panda Roll Running Pot,ChIJUXMHL-NHDW0RzJlANAL5eiE
Dosa Vilas,ChIJYR-PMbdHDW0RYVZfa4Rs-F8
NEEDO Mt Eden | PASTA & PIZZA,ChIJ3Y8aqHhHDW0RDLZtUx6G5oA
Bombay Saga,ChIJIxbCvW5HDW0RbsY_SPaERCM
Kiwi Micromarts,ChIJjyX2qJslDW0RVqCbWs3hc9E
Jaxon Coffee,ChIJF5kwK4UlDW0R6swgjqIGVCY
Sergeant Formery,ChIJRd0B1kBHDW0RKXGy_QclUuQ
Remote Control Cafe,ChIJR5jXV9ZHDW0Rfvg-5i0WZCg
披萨店1店,ChIJoXc3OgAjDW0RcF6sUULM1FY
Janata Bar Lounge,ChIJR6IiZb9HDW0R_PjWtAtAd9w
Roti Bros Remuera,ChIJTQcOaNVJDW0RT9Dwx4dErtw
Starbecks,ChIJ37s2JwBHDW0RzJ0SSdEmhTc
Coffix Beach Road,ChIJpYQIsKZHDW0RLlKMdIympTo
Soul Origin Newmarket Westfield,ChIJf468WO5JDW0RkcLz_LEUO48
Avodi Vegetarian & Cafe,ChIJPybxBhpHDW0RwMpjNac2MfY
Le Macaron and Desserts,ChIJQb_mRABJDW0RSOejWH2CQLw
The Holy Trio,ChIJ7d_pcHM5DW0RORgAM-qe2L4
Paunt,ChIJNVhVsXVBDW0R-EM73IeSYq8
Azit,ChIJvSZ6EwA7DW0RaD2dAV5l__s
Oriental West Banquet,ChIJPRxTmRoVDW0RUW0zksz0DTA
Apple U,ChIJOa4tWI85DW0RnF2w0DQHNAM
Go Food Takeaway,ChIJEzbqXABBDW0R3rkF_R4YNcM
PHỞ BÁT ĐÁ - Little Hanoi NZ,ChIJmbvdnrVBDW0RsG_f-MsF1rk
마장동 1946 Butchery,ChIJNax_eZA5DW0RkK1vYf8vE2c
ROSROS,ChIJzaFKr8s5DW0RmORHYwgUpcc
Big Bite Kitchen,ChIJuca5Ric7DW0RsKuCu-0R-Aw
Rubina's kitchen,ChIJ30DgyWBBDW0Rt-aCKER3guo
Sunnynook Salt & Batter Fish n Chips,ChIJdYrnYQA5DW0RAPc2nDpHcLk
海风居 Bay Breeze,ChIJ1efWb1c7DW0RSq2xpXbsgtg
煎饼季 Crepe Time Takapuna,ChIJVcJgawA5DW0R4uNtjbshqEI
Spice & Sea,ChIJ5XgXdgBrDW0R-15D3JJM1gI
Cafe Sagban,ChIJnQT-u4s7DW0RxaBE64CkvD8
Country Fried Chicken,ChIJbbmiNQBBDW0RqCFTgSx3fAM
KATSU-TEI Japanese Katsu Restaurant かつ亭 Takapuna,ChIJzVY4lGk5DW0RiJ4Owtqyj4w
megges bunker,ChIJk2AFEgA7DW0RksyR5PSGn24
Golden Castle Northshore 황금성 노스쇼어,ChIJXQvU1jE7DW0RPeT2Mgwojb4
Fusion7 - Multi Cuisine Restaurant & Bar,ChIJX-wI1f4PDW0R_p4bxxn11O0
TWIST & TONIC BAR,ChIJ724JuVM7DW0RW7mA4DmLZq4
16a valley roand,ChIJ5y11x8M9DW0RfvZcyWPi5pk
The Chill Lab - gelato and açai desserts,ChIJWw0yNZQ7DW0RKAgEqN0dCz0
Piha Beach,ChIJk78ESgBvDW0RdN0csc9KJMg
Sizzle & Slice,ChIJibsN3CwRDW0R0TNzWwtAuJo
Orakei Home Bakery,ChIJ2yPgMABJDW0RtCp5Ec7rykk
Lotto mt Wellington,ChIJzSDbqotJDW0RAnhKljdoedQ
Boba Tea Bar,ChIJBQVmt9dHDW0RhhyBUz8RyKI
Sunshine Gelato,ChIJ2RWZTQA_DW0RhlSYkd3OiJY
Oven Spring Ellerslie,ChIJjxetApNJDW0Rbjp0rMhn9RQ
Boost Cafe,ChIJOTKx27VHDW0RrPbJJzPzj2I
Tyler Bakery,ChIJw3tKVQBLDW0RGcRYIMgVFMo
53 Açai Manurewa,ChIJh8qNoHf_cmwREI60M7R2shE
The Gelato Workshop Papakura,ChIJnwnMdHutcm0RWVlvOFb6KSQ
Auckland Bagel Club and Desserts - Howick,ChIJ_-qawU5LDW0RPOi6j62Csdg
Taning Lemon Tea 挞柠柠檬茶 (Queen St),ChIJNWDKj25HDW0RwFadOYUvRwU
Goldcinnamonrolls,ChIJ-zCiLvtTDW0RrTTQgt_f9d8
DOTORI DESSERTS,ChIJmTZ-Ih1LDW0Ro6jLHczcPw0
R & M fresh farm picked fruit & veggies,ChIJTa1a7XdTDW0RWtbRUu5Q6YI
mallpuria_x1,ChIJESR3YQCtcm0RpADrcg09DjQ
Musab Super Value Papakura,ChIJnTRY012tcm0R8WXYFfozP9Q
Fimur Inn,ChIJk7JirucFDW0R_RJ3PnMEwFc
Nashanty,ChIJMUlLlptTDW0R3xA6b8nlZ5w
Flavours Of Fiji,ChIJMayGOBdTDW0RGyn2Ai5NK7o
Strawberry Hills Bombay,ChIJZ4kkWg9XbW0R73cdH-E5x40
McDonald’s Dairy Flat MSA,ChIJJUftdQAjDW0RDovCQtG509E
Sfera,ChIJV84shew5DW0RBoYKg9IN6Hw
烈火吊炉烤羊排BBQ,ChIJJ2j8-2U7DW0RosyMiSqi3vo
The Wave - Kitchen & Bar,ChIJjShokX67C20R2yRDRg3DMww
Garfield Takeaways Waimauku,ChIJCayhH-ETDW0RBgMdY2hj_A4
McDonalds Dairy Flat,ChIJcUlmNeMjDW0Rk5Q_em8Ighs
Stanmore Bay Takeaways,ChIJT_fA9UYlDW0Rw2SlDzPzQr4
Perfectly Imperfect,ChIJIUOCqu_bDG0R1weYiTw207c
Gojo Ethiopian Eatery,ChIJAWfOcgBHDW0Rnaa_DCegSAo
manor cafe,ChIJuzhbEABHDW0RSZLSRb7pEu0
Dave Webster's Evil Compound,ChIJJRFLf177DG0RXQxlMcg9qUY
Oneroa,ChIJ96I1KQDLcm0RNIJU6LYvHvE
Creating Opportunities for Marketing Success. Richard Gee. Geewiz,ChIJS4kub7UgMm0RoTtaPZXrwqQ
Heathvale Orchards,ChIJBSGvMsQnMm0RFqfxsc1PJ7c
Spencer Barr,ChIJTQ4eY9CLMW0R5brF1tpkd2o
Asianfoodnz,ChIJK12nWWw5DW0RVJot7QfFPwA
Applause Online,ChIJZek1D75HDW0RlH3eiNJN5ow
Frankton fresh,ChIJ_WyleAAjbW0R4vs4HvDKCzU
Elemental Print,ChIJ58uEFqihQG0RTgqXJSXENcY
Kiwipainter NZ Limited,ChIJ0QpsA9BXP20R7mb3dJvuOao
RS Eng Ltd Mangawhai,ChIJcYh7O7qVDG0RMobRC5_cQR8
Signature Marketing,ChIJ0RWK_08UDW0RomJ_APCganc
Good Value,ChIJ9y6-dmwLQm0RJ3lgabKDSFs
Dark humour designs,ChIJ7WiDIBWRMW0R47HSOR65LO8
Little Bush Reserve,ChIJ8eobDgCfaW0RMSNvq6GT3FQ
Home Furniture Kerikeri,ChIJ304qidPJC20Ram05IqoLpGI
Mid North Towing - Kerikeri,ChIJ8cOiKJi1fUgRmdoafBLjSXg
Campervan Hire Picton,ChIJi5h7IgA5OW0Rp7QuOkHVhN0
TechTui Limited,ChIJZ-n4Q1CLMW0RnahHFFvDa2o
Auckland 0652,ChIJGbLSLvZADW0R-MFqLVDOsyk
twentysixty.net,ChIJlRsmRrY5DW0Ru3DgApPcbyA
Richard Wood Photography - Taupo,ChIJ9eEcAN-7a20Rckq0e3Nmhfw
CowManager NZ,ChIJO6LlTY0fbW0RrgHJOe1916s
Alana Shinn Photography,ChIJJR-K7IZX2qoR_2DveresKrY
backroomCO,ChIJUYtN53lJDW0R4NZtkQNtYpw
Loan Market Jemma Scott-Davidson,ChIJCbI3pO5_C20RmLpoQMLFIYU
Mindsight New Zealand,ChIJ55CU1PNxbW0REYIyMuFCoOc
Bizness Connect,ChIJR3_jD0jKaW0RqvwGbIJJfvo
Bovella,ChIJR9tAjik3DW0Rbvd-_TZXg9w
Pacific Link Global,ChIJ43_zoKmvOG0RzQaTDQkSw-w
Monopoly Property Management Christchurch,ChIJcR3FYrpXCYMRapgtN273ROs
Think Water Kaikōura,ChIJ_yfb48BXN20ReWOL59a4qYs
Studio Danha,ChIJBy-hipxHDW0RybqKYRahyfY
Matrix Marketing,ChIJdcd2PaMjDW0RI91q-WfdKX4
Ugro Digital,ChIJD8qoFXJHDW0RkMnlrKkonqI
Toriona Marketing,ChIJ3f7PonBIDW0Rlib6Nv3Lm3g
RAYT,ChIJId6wFGdNDW0R6U-yJPKQEOI
Hamills Online Limited,ChIJ2bIaTW-rQG0RF6cWS4zZVf0
The Bach in Mangawhai,ChIJFcyrA-6VDG0REynX53hi4ag
Invercargill 9871,ChIJQTvsWuzT0qkRuPrFxM6jWFY
Quest Snow Centre Ski & Snowboard Rental,ChIJq2GNRjYd1akRhQnzw0idIDk
Summit Architects,ChIJ7bljhqMHFW0Ry1_bEoPhI80
NZMS (New Zealand Micrographic Services),ChIJkTI3_6NJDW0RMq1Wjbula0M
Yamu Travels,ChIJSwKPcAA9DW0RRQxaEsUHokM
Personal Business Services Limited,ChIJK5Ebf-UibW0R7QRJiNHsBRs
CCH | Web Manager,ChIJ__9PTdY5DW0RpCblepzWVsY
Paterson Marketing,ChIJDXUPQk86DW0RFezyrs0r2Os
Codigo Level,ChIJ4ZqmsTfKaW0R2bF9XGdkK2k
Hawke's Bay Markets,ChIJxTvxMgCzaW0Rkz5uV8yuW9Y
Pukekohe 2340,ChIJITEBTI-qEm0R2ouBEgPl8UQ
@Ctiveweb,ChIJTYvGa6-lC20RtRHQJxO3ZbY
Cash For Car NZ,ChIJF60Fs-wydQ4RnB4_QfmlpfM
Digital Platforms Stories,ChIJXxbiOkBVP20RtBILlTCSoBk
Epic Health Ltd,ChIJUeaQgCXbbW0R9hz_UTL_2y4
Fiji Business Network,ChIJfSGZfDJHDW0RFeoaszm5Xd4
Hillary Dairy,ChIJ2RiEYOFGDW0RuRy6VtknFv8
Elegance Clive,ChIJud8u5B1LaG0Rr-aKlo9Q1a4
Ace Machine Hire,ChIJdaV_4mJ3Zm0Rn4f0gjUjBrg
Cloud Zero Transport Ltd,ChIJM_yYz4bDC20R4yCXmefLVCI
Vivace Espresso Akaroa,ChIJWwNjflPLM20RHVBG27BP-Cc
@535,ChIJucFFWEO3aW0RoJA4LW65TEU
Clevertronics,ChIJwR7BqxyKMW0RW9sF_qgAoAQ
Kai Co,ChIJO7obt-aNMW0Rps6jXfLhreQ
Haven Hills Retreat,ChIJjaW4LgBBa20RFa29alb-7mk
Helensville Citizens Advice Bureau,ChIJE7MP7DwQDW0R66d44d4-64c
Tatu,ChIJeRIF4dM0a20RsJpsaPnNXKY
Roz McIntosh Photography & Styling,ChIJoaPRBQU3DW0RqEl5BBlaFn8
Ecast,ChIJyy8J3bKtOG0RxD_KV_k-tFk
Auckland 1740,ChIJ9YbvQgJKDW0R87TgVvj__ng
Euphoria Adult Toys,ChIJaZbhkYY5DW0RzlIwgP0eQ6U
Urban Lush NZ - Indoor Plants Specialists (Westfield St Lukes),ChIJaV6EdblHDW0RypjEHO1QOk4
Jobpedia,ChIJw2hOhf0kDW0R9mFEvJIDdAg
Yeah Nah Maps,ChIJvYtLZm-vOG0RZGoifXKvrbw
Memories Eventz NZ,ChIJ_ad2HgBNDW0R-lSge4izAS0
4 Dsiplays Online Store,ChIJC9NuXudHDW0RJVu5AdXCXBQ
Caffeine Daily,ChIJb9QjI1xHDW0RD7H1CU4uf38
Welly Night Market,ChIJx6XbDUCvOG0RIMIALp61ki4
Robert's Machinery Services Ltd,ChIJhXz3fQDxbm0RD-MOJkJYiEU
CFE Organics Pirongia,ChIJMX_0dtndbG0Rx3Grf2Honlw
DrApac,ChIJP9OYSP8nbG0RcoQHjiSVUtc
Safe and save,ChIJNZ_iqTE0GyMRqPhpVh6KZ08
Dan Waite - Marriage Celebrant,ChIJdSlpSEi1aW0RNWt8zVS6ikQ
FIN Fish Butchery and Seafood,ChIJ2e9PmOIlDW0R3uYKJkneD6E
3D Print N Play,ChIJZa9wLuU3DW0RLURcL_vmX0I
Pepeha Journeys,ChIJ1UPwEJ6Fbm0RJ7U6a9PFlMU
Manaaki Matakana - Menswear,ChIJF9eUtBXbDG0RCCVbwUBn3TA
Wellnescessity,ChIJZQ3jeJEfMm0Ra3XU9CwRo3Y
PM-Online,ChIJs7my0pGzaW0Roy9ZOF74rzU
Petdirect Mt Wellington,ChIJyZibFYVJDW0R9LfA8fXTcE4
petsbreedinghome,ChIJvcylvehLDW0Rz-LPC1S_S_w
Gritty Group Ltd,ChIJ_0RnIF4jbW0Rd71n7XKgPhw
Tarewa,ChIJj2bBuf5-C20ROdtnJ-N1oK4
Custom Strength Co.,ChIJpdKNMHOtLqgRf0dRWzY7ZfE
South Pacific Berries Limited,ChIJ36h9vlhzCW0RymPbaRtCECE
Cellwatch Communications,ChIJf3z0XmhADW0RtqIgbJ2aDD0
Maungaturoto 0547,ChIJpYtZjF-LDG0RKHF6TTJrLJg
Underground Marketing,ChIJ_ya_Pc-vOG0Rh865VWcwKvs
Bold Creative,ChIJW1L_3J1HDW0Rhp36iKhuRw8
Natural Beauty Apparel,ChIJBb9Tx_7ZbW0RkWGzdp1-l2I
ThinkLab Internet Services,ChIJIeeVwdw7DW0RB5VMpQJy_hk
Author-it | The Authoring Software Company,ChIJR_GdHi6vOG0RDg3Rot9Sp3A
None,ChIJsRHSQRs5DW0RPFrAYkr5xGg
Eco Saver Foods,ChIJeU1OJbRHDW0RrTWbAl7Ke5o
The Butler's Quarters,ChIJtfXqcwA5Qm0RkYHtW0g6Wn4
Totally Digital,ChIJtYZGLQDLaW0R7PfRCT9WsyM
Tech2U NZ Limited,ChIJ4-N2BsEizWQRc0TBAIBZl3M
Sentio Lab,ChIJU3HvdcQZbW0RkA-1r2WqOSs
FlexiBox - Portable Self-Storage,ChIJGVvu-8g9bW0Rf-hjy5onOqo
Jim's Fruit + vege,ChIJmbWhDACtcm0R9qniZr0RGKM
Home Inspo and Design Centre,ChIJU2w-z_arEm0RlTIri513Mh0
Vimdin,ChIJDw_oBctHDW0RhwtpzVze4-g
Energy and Instrumentation Services (E&I) - Taupo,ChIJUdaoD9v7a20RTIcg_ldFY8s
Bombay Bistro Taupo,ChIJB3b0lcvxa20R_u2PGKvEX3s
Pimentos Restaurant,ChIJUSC-J8fwa20R8mlxNuKtobc
Sniffs&Snuggles,ChIJf46nvdx4DScRlrBJ9E1GLss
Langdons Dental,ChIJa3K1EeOLMW0RCad3F0aQqTU
Designer Denture Clinic,ChIJY0giQL31MW0RD6E-mfKvS9A
Discount Heat Pumps,ChIJJSx3ovpHDW0RMu0FDmrCdQw
NEXX Design Solutions,ChIJnX4Rd7wZbW0RvmHsGv_94AY
Cake & Donut Co.,ChIJR-_CL7V5Zm0RyZtSrwWgk4M
Rebelle Studios,ChIJRSBrnLlTDW0RV_ZJFJMumwU
Smartmortgages.co.nz Limited,ChIJR-Iho5BrDW0RWwLhXkXeT3I
Tikipunga Community Market,ChIJk38MA9d-C20Rj6n4eGUdEDI
Chuck,ChIJM8o85F85DW0R2PR-4tqtEio
Omnibrand Ltd,ChIJx9Hot5CvOG0Rzk_n0OrlD3I
Grumpy Old Man Games,ChIJJ_NqQtjF0qkR8wMGlNaFvjo
ELLIN trading,ChIJy0X-BvhHDW0RHXBviItPPqg
Payphone,ChIJ0Qqx4Q_tO20RXBC2J2md7KE
Pizza e basta,ChIJeagty_OVDG0RIWfuc0vNUI0
Wellness Wave Marketing,ChIJsfUnZH2LMW0R0acvxkQc-FU
HostDady,ChIJxcznYZSrOG0RF51p5I6mMMk
Auckland 0874,ChIJK2ZR4C0HDW0RdWDMFBxwyR4
Dating Hot Girls Flirt Online,ChIJKf9c9W8Bb20RFabmYdHiYVg
THE BARBERS,ChIJxYRgqhp5C20R7aT82grvGDs
Kiwi Mortgage Market,ChIJlTCGoNmvOG0RzD6j88I-9w0
Donnithorne Fordyce Vintiner Birss & Young,ChIJJSZE9iyuOG0RJkss7D_yccY
Haircare NZ,ChIJEyO5SSquOG0Ri_FIVA7UNLk
kings corner,ChIJMTYYfbdIDW0RiyTj8UYuP5I
The Fisherman's Daughter,ChIJ0QF_37ulC20RhWmbJoy0q9A
Paihia Lodge,ChIJuaBCSAC7C20RDW7lDnRnnR8
LGBTQ Safe Housee,ChIJSWdET4k7DW0R_HYxeJxH1Yo
Williamson Consulting Limited,ChIJzXYsrFyVMW0R02woXd7gugE
NanoByte Solutions (NZ),ChIJhcp_a6lHDW0RLPeC7goP_XI
KO'S PRINT AND STITCH LIMITED,ChIJ7Z6IdBNBDW0RhTwNer3vqDE
NextWave Imports Ltd,ChIJe-cI7XVLDW0R_11Dd-Y-DII
Nielsoln | Personal/Business Software Troubleshooting,ChIJIxsVuutLDW0RkzVmLUA5uUU
Big Barrel Ferrymead,ChIJsd7baF2JMW0R50BigpWqTWI
Wheki Valley,ChIJAab6AE54DG0REL6iQ2HvAAU
Bed Bath N' Table Milford Centre,ChIJ-8eS1Yw5DW0R0m3EES6A-rM
The Iron Girl (Was Dry Iron) - Milford,ChIJtdFuk_lCfYoRPUTKBKlQhBM
The Groomers Shop,ChIJ-65o7Ejkh6ERfmXKaMC-RbU
MY Grooming Room,ChIJ1QtAGyUjbW0R51foCNcAO34
Tiger Glow Mobile Detailing,ChIJh-PMvmg7DW0Rar418xE7NI4
Subwoofer dog nz,ChIJP0bZLwBHDW0Ry8tno5MCq8o
the beach pet studio,ChIJm8jhQYdLDW0R1A-uFFhq3v0
Paws&Play,ChIJX5JjmhxDDW0RqiGOfOyKllA
Toi's Mobile Dog Grooming,ChIJ5x2j-v-vbG0RVqklw-Fgn-4
Posh Dogs,ChIJGdirA3c7DW0RxE6XHc-O-mw
BD PET SALON,ChIJVR4_apFBDW0RCZ7FGJf8OyY
Dogzilla Grooming Studio,ChIJOc_7mKJLDW0RiOdzdLAGY1s
Jim's Dog Wash Western Heights,ChIJ87WPszprDW0RNuA-CPJyTdQ
Pawdora Pet Studio,ChIJo-t7_HE7DW0REYmmOMN1wCY
Petorydesign,ChIJ1zfQ1tpHDW0RYblwMXKP3Cc
Ruff Play,ChIJQboy-D4VDW0RSUR-pyoD9Hg
Happy Paw,ChIJmf5GVjxHDW0RS0ggK8n0f4s
South Waikato Pet Lodge,ChIJYdGkYgBDbG0RgfTrdMV3lrs
Furtastic pet salon,ChIJTzV4v81vL20RrMM8HfYk31E
Bush to Bowl,ChIJ1S1HNKDdDG0Rb9j2o1RJ5ks
Gisborne,ChIJt-kvPwB5Zm0Rz_CiH50w0Dw
BSK Consultants.,ChIJkVGnSgDbbW0RNado2nIuqjU
Handful,ChIJp7dXF9AfMm0REw1372S6Og8
Dh maintainance,ChIJySl4VUnJQW0R7ubpRoSfczU
4 Mooi Limited,ChIJLV2RwyNJDW0RDyFiec4DiBg
Cloud 9 Digital,ChIJ605o6_NNDW0R9thd54blydg
Xtreme Motors – Premium Used Trucks NZ,ChIJxT7FhAlLDW0RWCyvOY-mLp8
Car Thieves,ChIJ6bqKJ6qtQG0RYnA2rPSHXWM
Capital Autos Taita,ChIJn03Wts1VR20R1tHjxjNVIHE
Le Autos Group Limited,ChIJ_8fChuhHDW0RxZ_r2Abv7Rw
AANH Auto Group - Drove Deals NZ,ChIJZwtMD4dJDW0RpiIiCRNplgU
TEMARED New Zealand,ChIJBT3kru4jDW0RxsPrsQ_lwVg
RideWeGo food trailers,ChIJVzaNaPVLDW0RuUJXe6RtW3I
Ashlee Autos,ChIJ75gObgCrOG0R9_Wjvmr6dU0
Value Motors Alicetown,ChIJ55ioKwCrOG0RfPbKMXjcPec
DC airbnb,ChIJCa8-SR1NDW0RsXJq6fs09uQ
Boray Garage,ChIJdWM1SI1JDW0R5nhU462vJFs
Ven trailors solution limited,ChIJPd-eDUlPDW0RScD5jejtiQo
Dolphin Trailer Boats Ltd,ChIJkY-yQrhrDW0RCWl62XNmm-Q
GoFoodTrailer,ChIJRTVhKehLDW0RjC7DWGj7fS8
Getaway Motorhome Sales,ChIJnczh2W5PDW0RLX3imBX4SGs
Gazley Polestar & Lotus,ChIJ64p63_SvOG0RnDt7mUxhjWc
Giltrap,ChIJcxeOXQBHDW0RMof4JiYtdgM
Giltrap Zeekr Auckland,ChIJkWAtawBHDW0RWxeJDpO5Uko
BA Autoworks,ChIJZbV1QsmrOG0R9pP94fEJY3o
MD Motors,ChIJI8aUik1BDW0RbWn7yNfiLz4
WillRaceForFood,ChIJ3QEwZNU7DW0R0dXSARDNI_Q
Heritide Marine,ChIJ9YaE6BwjDW0RCmEn3OWfWu4
Armstrong's Dongfeng Lower Hutt,ChIJDwyue12rOG0RO_6ljnQdYKo
Hauraki Motor Group (Mount Wellington),ChIJYdy7WT1JDW0RDtGmpFNo43E
Prime Motors Limited,ChIJUwISKF1JDW0RtBKkmBWt44A
SCX Trading,ChIJG8g_lmBJDW0RwdT3XO9JJWM
Coventry Cars,ChIJ-cRjys6rOG0RWQRqilVYxRc
Tristram MG West Auckland,ChIJYxgdfpZBDW0Rbz_nlKn1jdA
Kingsland Motorcycles,ChIJSwnRq7BHDW0RkhWnGKD59rw
Tūtus Trailers & Floats (Hoof Haven Trailers Ltd),ChIJE42ZqYk5DW0R2NGlKOJG5fA
GAC East Auckland,ChIJy4dyT6hNDW0Rz2CjUNKBNgU
Car Deal Nz,ChIJlf-6QaFTDW0Rn0_i9KwwS7s
LDV Pukekohe,ChIJSQhZ0qirEm0RyUKZggXzf6E
Jimmy Buffit Yacht Management,ChIJ5WKuqYxHDW0RQbw6mde8oRw
KN Motors,ChIJP-s8vfZTDW0RGEJ91cJlFy8
Armstrong's Newmarket,ChIJyzaB8nlJDW0Rb_qslgxvmVw
Johndaddycarrera,ChIJ-ekZvpdNDW0RbeOIOG8y4U0
Waikato Hospital Motel,ChIJWcfMEJgfbW0RIdHkLVZrHz0
Dave Rowe Painting Ltd,ChIJXThMVwDBbG0RuhgfmqQi99M
Profinish painters Ltd,ChIJ8RV3qKYHog0RSFsBCKQLbWM
delish trish make up artist,ChIJ_4CzYADnbG0Rkge9gRViqO8
Felipe Rapucci,ChIJyZrhpJ4ZbW0R9QaaXdel1nw
Adrian Worsley Race Horse Sculpture,ChIJVyk2tOKxbW0RCTzMApxDJTk
Aimee Smith,ChIJre0MW6GBcm0Ry2dpfKI-0QY
健身房,ChIJ_6GlPgBZbW0RDMUAYAfklYI
Taupō Lookout Scenery,ChIJR8RrdQDxa20RiUvgoS3hQ4A
Physiotherapy Solutions,ChIJB0QkTwBNQG0Rhj6e2OrsMm4
Relic Builders,ChIJn63qhzaVMW0RaRootrPBDd0
Local Physio,ChIJmwOvsMxHDW0Rm81xBVZclSk
Oraia Physio,ChIJIYSWEXlJDW0RMTU7asT7_jc
Shiny & Tidy Expert Cleaning Services,ChIJ0WVCZ0CZtqsRZzWZl9DgaiU
Sculptured NZ,ChIJNRNnXSircm0RVYb2UtO4BCs
Alchemy Bespoke Hair,ChIJcYa50DhTDW0RSEPUjqPinRs
The Glam Loft,ChIJB5kwp5Otcm0RWlA_D3DUDbQ
Whakatāne Chiropractic - Kawerau,ChIJHyCLbVTxbm0RsWqHIazNNcY
Remarkable Painters PN Limited,ChIJYzkQURWzQW0RLWBxB3Wq8Y4
All Pro's Barbershop,ChIJhZ4nT2eLMW0R9sdzZHIC5IE
Falcons Barbershop - Christchurch CBD,ChIJD-lQ_HKLMW0RkFgeLaHH-Nw
DeeLashious,ChIJfRX9I3CtLqgRCH7hBV51GWs
"G.J. Gardner Homes Thames/Coromandel Showhome, Matarangi, (Matarangi Breeze)",ChIJkbgn8kZZcm0RYWr758ZnXcI
Mark Street Brick & Blocklaying Ltd,ChIJ1Y1K70AmNIsRjaSXXA5pTRg
Ashburton Massage Therapy by Vera,ChIJdVCHC2S7LW0Rwdk2noEw_-8
Crwn barbers,ChIJg0dTtF1NDW0RSMbQue2L0Hs
Bay Plumbing Services,ChIJE0MMermFuokREnkRNNQvBk0
Garry H Grant Art Studio,ChIJuyCAzqaXMW0ReVDv2FYtkpo
Haypex - Storage & Shed Solutions,ChIJ9TW7YpoDQG0R4-6v1RxDFLI
Canterbury Gutter Cleaning,ChIJVQUNCFHtMW0Re1AogbU1KMo
Cleanaticks,ChIJo7naOtAbMm0RLt4418KARHI
Robocure Hamilton,ChIJxXar3QYjbW0RuvEXsNfWVmM
Taipa Beauty,ChIJu3ADJkiDCW0REx-FybzdFi4
Good Massage The Base Store (Hamilton),ChIJuQTFa2gjbW0RIu--WFwvoHk
The Fade Room,ChIJWfJQ_bKtLqgRRZ4dqo5uWxQ
"Alpine Chiropractic - Rolleston, Selwyn",ChIJn0M_bd0DMm0Rm4Kq8XXKWoM
Revive - Performance & Recovery Hub,ChIJ5d_LQYPrLG0R39ojj8SztvQ
Let’s Nail Riverton,ChIJLyBxCwDx0qkRAM7RNabsIXk
Mr. Ray Builder's,ChIJH9gXgYmTPYYRk0uXK0YhIAA
Alternative Re-Roofing and waterproofing solutions nz Ltd,ChIJ39-BbF9VDW0RJoDARN9qc30
Habit Health Lower Hutt,ChIJHyehWS-rOG0RIOEY-6NTjFE
Splatter Ceramic Painting Pottery Workshops,ChIJJfZ_n9uyQW0RZ8I0T-1zSAg
Avisha Therapeutic Massage & Skin,ChIJyVaeGvcZbW0RlReSlI839no
Dynasty Remedial Massage,ChIJUVg1OgAZbW0RNRG8Fh40XDY
Tui Allied Health Pukete,ChIJY2E1VkUjbW0RjZ81JpqAF4s
Naturopath Consultant Massage Therapy,ChIJ99AzaN39bG0REEa8UBVwMig
"G.J. Gardner Homes Wanaka Showhome, Cromwell",ChIJ2zHhzZfVKqgRMeTcRwuVkIQ
Kalika Cleaning Limited,ChIJgwPUMbZP1akRjVOAY9tSs78
Green Spark Wanaka,ChIJGbxU9XhP1akRJZTRDUWuF3I
Miss Fuxalot Massage + More,ChIJJR7sOzQDQG0R1IH4sSgEAkA
Tauranga Gutter Replacement,ChIJAdR2dADbbW0R02CJGWHt66Y
That Farming Physio,ChIJJb1Sr4LdZW0R_zoaZDOCVm0
Mr Cylinder,ChIJJ4VG8XGJMW0RoJR0g-0p3SE
Face Painting by Julia,ChIJNWbkn9DZZW0RlQzTe09W2_M
Coromandel Window Cleaning,ChIJ6_bk5VNtcm0RFTVfbgvTk7k
West Coast Wellness Centre,ChIJSamGugpnJW0Rly1tp2qsMS8
Aroma Thai Massage,ChIJYbUkWwBNDW0R6pvU55XHp_Y
Superior Home Services – Handyman for Seniors,ChIJtZnomRutQG0RSbAyXnfcd6o
Energy Flow Massage with Lisa,ChIJoblNgO-_FW0R5Iyi12_cj-M
Christchurch Gardeners,ChIJ--3-ShaLMW0RcOg82Z3Pfdw
Meredith Painting,ChIJRVKFrp5ODW0RXN3NFpd-8Qg
The Lash Btch,ChIJg5SAQCUnbG0RurJflpD29kU
Natee Tara Thai Massage,ChIJvTDX6t7LaW0RMOoeaL0qDIw
Bonita Lash & Brow,ChIJM_7sWnsnbG0RULHYACxdh4Y
Green Shield Limited,ChIJG_CpnDVHDW0Rj5qXpV-t0nA
Aotearoa Clean Master,ChIJCZJbunCdbm0RMtMpm_2Pbp0
Orbit Beauty By Becca,ChIJlcNfHw79bG0R5d1EiifnB0U
Maximum Tiling,ChIJP5N8viFHDW0RKY5Y6TRYaDI
Amora hair and beauty nz ltd,ChIJhd_9A3lTDW0RlO8c2GH7T8s
Straight Up Chiropractic - Gisborne,ChIJaSBQPOV5Zm0RsxZBHHHS-1I
Acupulse Wellness Clinic,ChIJv-pz6XxBDW0R4avsp_Biln4
Movement Matters Physiotherapy,ChIJsdYa9Jk7DW0R1AAFzrLRyqU
Inspire Health Clinical Massage Therapy Centre,ChIJ67NCmvT1MW0RrkP0Z_ZQhTg
Richmond Physiotherapy,ChIJk-DZZPSVO20R7B1eFUp1ItY
Legacy Barbers EDK,ChIJN0TNnUH_bm0RoFyP66rcUKQ
Rejoyce Construction Ltd,ChIJIfk3ko4_DW0R0NeC54hs3Uk
Hot Chilli's Nail Salon,ChIJH6hJecapLqgRYG7zVfoLZLM
The Face Era,ChIJGfOacWCXMW0RzHcyFf_b-4A
Expert Cleaning Services,ChIJkYqeGOUZbW0RCMn_1IEHBhw
Kimy Acupuncture,ChIJC509ZcdNDW0RcVJO89BtwmA
Ormiston Acupuncture,ChIJscrRA39NDW0R30uwJEf302c
SMARTSCAPES | Manawatu Landscaping,ChIJw8ntBwCzQW0RYSa5G8h-ezI
Specialist Decorators Ltd.,ChIJLaLb8QhXP20R5u4Jq7INDpw
Dex Carpet Care,ChIJ2ebnkoezmgkRwtOr1Fs4A7o
Hairway Barbers @Savanna Hair Solutions- Northlink,ChIJLdg9VOaLMW0Rhum447C8jmk
Saab Lashes Wellington,ChIJH8CiN-GvOG0RgBUUc5C3aCE
JETS Barbershop,ChIJO-yuYt1VFG0RkoZ95pvSkV4
Body in Motion Morrinsville,ChIJVZj-SuYJbW0RJZjhnak7L4s
Tui Allied Health,ChIJ3276roUZbW0RqXAmkONMJaU
天蓝中医 中区 Epsom,ChIJe55novxJDW0RvlXoyAHXy7U
Liquid Laundromat Bulls,ChIJvX5f20g5QG0RincXjMHwmTE
Kelsey Honeyfield Massage Therapy,ChIJaZ1LezOJMW0REf6yODX7-5g
City Nails & Beauty,ChIJczkxQBOLMW0RCSjS63Jem8A
Phimon Manchester Street,ChIJRU5NK5KLMW0Rc9daIP3esdY
Physio Reform Flat Bush,ChIJIUiT4PpNDW0Rc4VhIq3ssbQ
Nelson Relax Thai Massage (Richmond Branch),ChIJW_w2IwCVO20R56ME__udtck
Studio 5_10,ChIJ3Rzspz1HDW0ROabPJHUg8fE
LA RADA Wellness Massage Therapy.,ChIJfbsWiu5FDW0RCMUPr_-0G6c
Tok Chiropractic - Te Kūiti Chiropractor,ChIJUUhNctC7bG0RdQTL9osDaG0
Oncore Christchurch- Glen Christini,ChIJO12hMkSVMW0R5ffZBOmgx4g
Sage Hair By Alyssia,ChIJOwpuLOJrDW0RYvJfys42Axs
EMR Wellbeing Sports Massage Wellington,ChIJi3hZvravOG0R_o2mxN72CEQ
IM A BARBER,ChIJ04DnbgBrDW0R6KOJBC84ndA
Kiwi Cutz Barbers,ChIJB7DxojwJbW0RViwKvutFvJk
Joyful Hair Beauty Barber Salon,ChIJHwtduJ9JDW0RZgHa2gRL8oc
The Rustic Feather,ChIJP_lscl4JbW0R3MjPL37bWgQ
Super Barber,ChIJ7-wlo6sJbW0RS4ZGe06Ko6c
Triple Clean Cleaning Services,ChIJ3-COkCuzQW0RKADz8jaaMH0
The Little Beauty Studio,ChIJ-VhC1QfbbW0R8l33RdU8gDg
Citycare Property,ChIJGRrpPv3RQG0RilB13o8HbH8
Hynson Roofing Services Limited,ChIJmfh_jYKEWGURTxKA82Tb2rs
Body in Motion St Pauls Collegiate,ChIJnVS-gmIZbW0REP83J1YFBHk
20 square decks ltd,ChIJ9-i0ibZHDW0R5tIdKZHUXkc
A1 Panel Installers Ltd,ChIJ6ZZUG4Q9L6cRDykS6EvWaDk
AB Massage Therapy,ChIJx1YtNh2NMW0RvaPyzy3hfVQ
Avonhead Relaxation Massage,ChIJm-YqgBb1MW0RcMvkAP3Ex2Y
Waikawa Bay Spa Escape - Waikawa Bay Holiday Home,ChIJfxD-SpQwOW0RFxkVCAZrOwg
Bach on Waikawa 2 bedroom home,ChIJhbe2774wOW0RGbZTOCLxLJU
Picton Waikawa Apartment 8,ChIJtyhcZJUwOW0RJZu55ILlqlw
Waikawa Marina,ChIJcelPXZUwOW0RdWU51HuKE0Y
Waikawa Hideaway Cottage,ChIJzcjNcJUwOW0RaN1U0A_6GPY
"Waikawa Hideaway, Waikawa",ChIJxUTL77wwOW0RzrzwGD_qMo8
Picton's Waikawa Bay Holiday Park - Standard Double Cabin with External Shared Bathroom and Kitchen,ChIJVWg5TZQwOW0RFlRgmGgiznQ
Picton Paradise in Waikawa,ChIJKcX1iaswOW0R_X0XVy2isJ8
Bay View Bach - Holiday Home in Waikawa,ChIJ27gh_bwwOW0RfzhkzOkXX2c
Waikawa Mountain View - Waikawa Holiday Home,ChIJ2xcNCLswOW0RGC0znHIGeAI
Picton's Waikawa Bay Holiday Park - Standard Twin Cabin with External Shared Bathroom and Kitchen,ChIJVWg5TZQwOW0R8WkxdaQckek
Picton's Waikawa Bay Holiday Park - Kitchenette Cabin with External Shared Bathroom,ChIJVWg5TZQwOW0RwCkgpteldbM
Super Plumbing,ChIJGRGF9RsWbgARUrTBD2R_X1I
Olga Fleming • Lash Artistry,ChIJjQ65HMOLMW0Rfr0o6qM0fUU
Organic Hairdressing,ChIJt3qITRyLMW0Rk3sL5qBDsR8
Hong Healthcare Clinic,ChIJ_fn_ESs5DW0RUoQO__Yi-Ts
rental,ChIJjSllGVERLKgR37lXjAZbiBA
Lowen Physiotherapy & Performance,ChIJtckIlGA7DW0ReDOV_ZUBWvs
DQ Therapeutic and Sports Massage,ChIJQZl3BQjF0qkRn6YrtU9sv0Q
Lvcutzz Barbershop,ChIJ0RZNlvzBLG0RjX5p2yaLhUc
Pure Massage - Greytown,ChIJK5AkVz_RQG0RAgT9wHgxlvI
Fresh Look Barber Shop,ChIJKV7pRvMhQW0RPf9eQs6tHYY
The Valley Sauna & Plunge,ChIJQ4z-yiGBC20RGCqocIQzYKo
Transformation Decorating,ChIJOQ0Dk5uzaW0RxV_II3BlWfs
Aesthetic Beauty studio,ChIJ8Xts2mn9bG0R-lL7Ovurgj8
Aman’s Beauty Lounge,ChIJwU-RzYX9bG0RMxPdzoTe6DA
Pretty Savage Beauty Studio,ChIJkeWIuAFVbW0RvGvQZL9HHtk
Event Medical Services,ChIJuUtCOgBRbW0RJKHWOLhAH_w
Cameron's Outdoor Solutions,ChIJ2xi7avqTLG0RPALqmAPPOOw
UnityCare Acupuncture,ChIJ5yzeAhRJDW0Rm-t1AqsUfHI
Arise & Shine Health - Acupuncture & Rehab Care (Panmure),ChIJHZoLNW9JDW0RbQVMK01Nqv0
Nine Life Land Acupuncture & Physiotherapy - Greenlane Branch,ChIJvwymuTVJDW0RIK7eALYVXrU
Miracle TCM Clinic Limited,ChIJmwvKMqhJDW0R8VKWBo5MHoA
Flex & Restore,ChIJ_UUpfbAjbW0RDYeISfjVwbA
Beyond Hills Beauty,ChIJNYmklP67LW0Ry4W-DPSJd84
Bua Tong Thai Massage,ChIJkZEtN1aLMW0RNw3gRGYBf-I
Simply Therapeutic,ChIJ1wRgGg6LMW0R55t7HnR7TtY
Wash N Dry Xpress,ChIJx9Nasj-XMW0Rr382KnWRuEI
Blueskin mobile massage,ChIJ44e0QABTKagR8b5-Dsep_0Q
Pop nails,ChIJ5-F1JG07DW0RA6rMPYhtpVU
Catalyst Massage,ChIJx30NyC-tLqgRWxscON4A12I
Flaunt and Bloom Salon,ChIJT6hlgpk7DW0RY8ha4Do9pFM
Pixie-T Nail Studio,ChIJiSpO_Ks7DW0RDT1d3kBkTAU
FUTURE TECH（Nail Tech Beauty）,ChIJT3DuaPw7DW0R4T4WbbQs3O4
Luxe Skin Lab,ChIJw06q9Xw7DW0RM4rTqntJiCo
Frizzmasta,ChIJebVPFf07DW0RxPZA072r9CA
The Glow,ChIJF6dvp8gDQG0Ru0MXMKfV4Co
TRUETONE PAINTWORKS,ChIJL-9Z6tGtQG0R-bcYIgXlxuE
Happy Massage,ChIJiUI2SAD1MW0RzCSMFoxvF0s
Taumarunui barber shop,ChIJP6ivaABBa20R7ItAOaCgLk4
Elegance Beauty Salon,ChIJbRbehUKrEm0RBlcnFmCkoak
Bloom Lash Studio,ChIJz4JH6zyLMW0Rc_W4-wBqy3I
Beauté by Sabrina,ChIJ5xcDl1JHDW0RtfieRocwtQ4
Yuu Lash,ChIJY8xmsP1JDW0RvW654x2IB3Y
Hello Glow NZ,ChIJW4QFtOJLDW0RsC7mna1nD7w
Luize Beauty,ChIJZ5OjJeJJDW0RDxGKBkuV3rk
Spinfresh Laundromat UPPER HUTT,ChIJEdHscHCtQG0R2HQl0VfZJzs
The Hub Laundromat Totra Park,ChIJ20WowFOtQG0R1_Fu-Slpkzg
Thai Treat massage & Reflexology,ChIJV8v79lSBcm0RDH3rgKcchC0
Cut&Colour,ChIJ1-GWxQn1MW0Rts7f_cpH2Cs
Thai treat mobile massage Pauanui,ChIJJT451JBtcm0RNVjwTlvfH58
The Ritual Room,ChIJY2syn0KwfYYRJXyulPbhR4c
Changbin salon,ChIJp8Awm_X1MW0R-jYgw7Y1rk0
Liquid Laundromats Otaki - Main Highway,ChIJZyGyCP2RQG0Ri0s_QPIM5EU
Fuchi Massage Southmall Manurewa,ChIJ86EVmvhTDW0RJlxwKKnUzDE
M2 Massage,ChIJqxIW7Fk5DW0RKJSITwOp7Co
Travelling Scissors,ChIJV1F76EVLDW0RATVTDfHqLoM
Serene Thai Massage&Spa,ChIJS5zPjSw7DW0RRE1uHWd9iPc
Barefoot Bliss Reflexology,ChIJs9-wUX85DW0R6s2UZ7q_PLo
Skywards Cleaning,ChIJeXLfckCVjkQRPZBqoMtfx1E
Safehands Clinic - Acupuncture,ChIJ8dzQm-RLDW0Rbwit8gVleJY
Temptation Beauty Corner,ChIJU58TJwVTDW0R4tSMr1TJmxc
TT Mangawhai Thai massage,ChIJgQXpOwCVDG0RlCgtNgPdRWc
MYP Electrical Solutions,ChIJ0WxD54FBDW0Rkv1cvIFa62s
Auckland garages & gates remotes services,ChIJO8JzPz1JDW0RL7lqr1XRo5o
9T3 BARBER STUDIO,ChIJDT-xf_RHDW0RCiB4bmlc3Jw
KINGZ BARBER SHOP LIMITED,ChIJN5PeYM1TDW0R4Nr-pRSY2nU
Soloar Ink & Aesthetics,ChIJ45pTM-U5DW0RwYhW0AN_0hE
Jim’s cleaning Hillsborough,ChIJd2vo22ZHDW0RgS2L6uuWL0E
Bev’s Body Waxing,ChIJrznnQnRNDW0RCs2fL2b7iDQ
SanjanasClawtique,ChIJPbml9d0hDW0RUCwZf8XItsY
Wolf Barbers,ChIJP5C1FABPDW0Ri0kU4zDBCUQ
Axis Sports Medicine Specialists,ChIJUWNFTl85DW0RYaXlj08lknw
GuYun Massage Garden,ChIJC2UZEe9LDW0RDbU28HRLRVA
Kabayan nails,ChIJfe1d27dTDW0R5uxRkcdKfaI
Sunny Land Acupuncture & Massage (Botany),ChIJXb2FuABNDW0RoPC-JbFy2Hs
South Mount Hairdressers,ChIJA5BAf7tODW0Rhufz8WFiL6s
Guchi massage,ChIJe2XL9JFLDW0Rb7wXW8F6jl8
TidyPro Cleaning Service,ChIJ29ow0Ut84owRrrSSjO6uTOs
Michelle Nails,ChIJqaFHBotJDW0R2rpUrVjFssI
K Body Science,ChIJhb6ryebmGAkREdinNg9X7VU
Loco Barber,ChIJNws8J-5PDW0RSQNAoaM6txc
Self Care Status,ChIJddfwICQjDW0RmeE5PQAkZ6A
Tokoya Barber & Salon,ChIJi8vTpu9JDW0RAWF9F1AqN7k
Pelvic Physio Clinic,ChIJ-Yg3whyxcm0RyZoOzEuocvc
Emphasis Exteriors,ChIJz0-dEdqrEm0R_po_ekIFEiY
Camila Haraguchi,ChIJa2JzQKJJDW0RAWuyhr6wBmo
Timeless barbers,ChIJ9zXiIslTDW0R4zciewBaaW8
Ethereal Essence Beauty & Wellness,ChIJRcPsQbJTDW0R8YBoMhlKnzE
Fade N’ Blade Barbershop,ChIJqxNDPJk7DW0RaUrfu5xUIRE
De Kopf Hair Salon,ChIJs5I5-o5JDW0RDDOwNZOCkJc
York hair studio,ChIJLzbrNzc7DW0RIu-XS7PGhys
Nuarosa´s Laei Samda & Island Styles,ChIJ0S14WhdSDW0R3mfbi4IG-Gw
Sanctuary Kumeu,ChIJ69CxQn4VDW0RZsVJ6eTMKBs
KingdomBraidsNZ,ChIJeeOgPD9TDW0RHS_lBd4FNjg
Beauty Salon,ChIJ9aR8VgBTDW0Rm0XUldXrJHc
Oh so Beautiful - Aue ta Ataahua,ChIJ_-eCZHERDW0RO1hdyvs0rTQ
UR Hair Master,ChIJ54kDzkdNDW0RrLDb32zFCX0
Florence Therapies Massage,ChIJGT0qJ2MNc20RZasp6ouwgNE
Weka Nurseries,ChIJV6Q9ySeG90gR_xtO1qs1mVA
Energetic Kinesiology Auckland,ChIJa_NUO8r1MW0RW01u92birVk
I AM A BARBER,ChIJ1dQpdexHDW0R_hzHWg4Q4vE
Sunnydoescutz,ChIJqREufwBTDW0RxFQn-z_IXcw
Chiropractic Boutique,ChIJeVFHCRFIDW0R3GV-uVop2uk
Shape Up Barber Spot @ Fitness+ Manukau,ChIJfw_GY1lNDW0R9qTzk2uA85A
Roof Works,ChIJV2s1EHVHDW0RZmfTP9NxTvE
Sp cleaning solutions,ChIJzyqBtxhHDW0RRYNeUVlr0vk
Beauty by Kymm,ChIJPdbn5oFNDW0RgCt2McgA614
Sam's Barber,ChIJX0abDQBHDW0RlKvk08EEwxw
Ziel Acupuncture,ChIJvQBKskU7DW0RMBdbF1TuYNs
按摩,ChIJAWI0ZABHDW0R-Oev4FqeINw
Dimeo Facility Services Ltd,ChIJQ1zRKABNDW0R_lkEuLieguU
YvonneClinic 泽安中医,ChIJAe3Eu2I5DW0RwGWPsKoKdhk
Drury Acupuncture ( No surcharge for ACC patients ),ChIJDXMwH-Ctcm0RjiFXj_HKov8
White Spot Group NZ,ChIJ5W6s-dpHDW0RNSp6eSDUFyI
Zenzy Beauty,ChIJR47fAQBFDW0Rwxb0CWDUg3g
Spinelab limited,ChIJtRvCwXVHDW0RBnikWt3Y-KQ
A plus blaster,ChIJn4bNWE05DW0Rjmod3oJd9rA
Pristine Office,ChIJbxPa2spBDW0RVHxG5Dnpojk
Citrus Living,ChIJRRfMI7tHDW0Rz4Mproe35tI
Tua Painting Services Limited,ChIJA9nsQrg7DW0RyZ2sZHsTviY
Helping Hands property service,ChIJxdsDoJhBDW0RYmkIefeN2LE
"Star Spark Acupuncture, Physio & Herbs",ChIJcTZ4in87DW0RDKBEhQPDv0U
Panwa Spa - Massage & Therapies Wairau,ChIJJYhv01k5DW0RCjlR3ClZDzs
Arrow Sweep N Scrub,ChIJwXU7r-5NDW0RpkO3PS0jtWI
Fresh Space Cleaning Solutions,ChIJW3ptuXVHDW0Rs-gDG3Ibq4U
Resolve Build,ChIJkeAciqYwTy4RzDcHGboAgz4
FengNian Hair Salon,ChIJUd3lWwBNDW0Ra3h1eK-UBa8
Lani Beauty,ChIJyWSOOwBNDW0RScEu7ZxkhyQ
mrs.petlover,ChIJy3izG0lrDW0Rz5vNrGJYeMU
Yunfan Chinese Acupuncture,ChIJrQ-iFqnvnQQRw8ye2Xigeqc
LD PAINTERS LTD,ChIJ2TVMf5dTDW0RTFuL_KS4WnM
Bunny Studio,ChIJi87TYGBTDW0RCs7TfPaMW1w
Release Reset Massage,ChIJDaw3oO9rDW0R49nSk1a7tHY
Glorious Beauty & Nails Studio,ChIJsREvaQBHDW0RzzfOofF3Src
Painting Company - Dream Wall Decor Limited,ChIJmThswRFHDW0RcM6M1zfnJqE
House Howe Renovation and Decking,ChIJTzOlakJIWAYRdwm1ROXJ_WE
done by Doni - Nail Studio,ChIJ-1kCosNDDW0R02felKfmm38
Colours everywhere,ChIJ7_3fbHRBDW0RMupoBxpPZQ4
Massey Community Men's Shed,ChIJc16iu-I_DW0Rk-d39yZJpo4
The Acupuncture Room,ChIJA6rNF-hHDW0RzxWiH5FUZK8
iRest Massage Chair Westfield Newmarket,ChIJOyT6IRFJDW0RmtrWnyFP8QE
C&I Insulation,ChIJQbJpIE31MW0RHqwmo5Mcm8U
The Insulation Panel & Door Co Ltd,ChIJTX3hzET1MW0RgqbsnhcBphE
Cosy insulated Cabin 30 km from Christchurch Airport. 2 nights minimum stay,ChIJRyaiC6MXMm0RTj5_G0ZIQaE
Cosy insulated Cabin 30 km from Christchurch Airport. 3 nights minimum stay $300,ChIJTYYmXbsXMm0Ry4r7izLtf78
J-Fix Installation,ChIJ363c6Vv1MW0Rs4JFljt1p5o
Numberly Accounting Services,ChIJ-cPkWyJBDW0RKuw6QtxQ2ew
Simply Tax,ChIJuxPjbr1HDW0R-ivWgQtUYfI
YJ Consulting,ChIJjQlS0mVHDW0RZgW62qmBocw
Softmachine,ChIJtWrEVepHDW0RexW5dVsnDq0
Taxel Limited,ChIJL2iSkXlPDW0R8JIa36iCUFU
DP Consulting NZ Limited,ChIJt4-sOdRJDW0RJkV_OzFSCyk
Zato,ChIJh93gqJpHDW0Rl07u7Urt5ao
Andersen New Zealand Limited,ChIJ6VGMqmM3DW0RFvOLuisH6xY
Sanjay Accounting Tution Centre,ChIJhTQj4ZRJDW0RRlWiECl4rlQ
Sam and Brett Ray White,ChIJG5u2CrRTDW0R5lK9kIjJ3X0
Enterprise DNA,ChIJVUG3XVpHDW0RtHZwKu23AZ8
Binary Systems,ChIJBRr9iH1SDW0RW_dX7ueHNu0
EasyLedger Solutions,ChIJawNmrJE5DW0RDe8anfoFhCo
Promote U Limited,ChIJI76hk9RNDW0RpJQSRoJqsIU
PROWAY ACCOUNTING LIMITED,ChIJzTt3EQBJDW0RMlT-JCUEZ6c
Johnson Paul Lawyers,ChIJwxqEdRNGDW0RgPYKNFVIYys
Bruce Clarke Photographer,ChIJu5zjbohNDW0Rs1H_dATFtUE
Fold Pilates by Paris,ChIJr193ZnxHDW0RbOC6GzJfn5M
"Sam Devane: Professional Fitness Trainer | Auckland, NZ",ChIJCYd0A0NHDW0RCeN_yEzZw5c
DRILL Bootcamp Hobsonville/West Harbour,ChIJV0yqa4Q_DW0RCWrD6fxbw-U
AF Dance NZ,ChIJXc-tVJpU4osR7WhFT3AOXUc
SES,ChIJK3ITld1PDW0RJAlLqO5DL6E
HC Golf Pro Shop,ChIJFVrp1RhVDW0R8LcVfMy53Xs
Spartan Combat Pukekohe,ChIJleO8JUZVDW0RB6SBCtS7Zgg
Move Personal Training,ChIJtwb6cBdJDW0RoNIQZu9kRN8
Nexus Fitness,ChIJR8OPp6hTDW0R03rkli4TOmE
The Fitness Collective (NZ),ChIJZ_X1bu85DW0R1qEO2itXE2U
TandTwithKarma,ChIJD8H2SdRNDW0Ru26DrnmP9VA
Self-Defense West Auckland | Krav Maga for kids,ChIJH1h2FM1rDW0RwnJS-LQO1pk
Hardisty Health and Fitness,ChIJcwBeAhFLDW0RmbDnSQVjkqk
Vista Drinks Ltd.,ChIJ9XJFGwBNDW0RLXHoUebb7WE
The Better Drinks Company Ltd,ChIJwcawrsdBDW0R_v-6J_SjYY0
Aerial,ChIJTQjooNI7DW0RavzkIGlCoj8
Prana Pilates and Wellness,ChIJe-rzBWW1cm0RFZoNCMb9HnI
Peak Personal Training,ChIJ3zkMSkVNDW0Rs2lnt4h24h8
AVS Golf,ChIJu2QQNuhNDW0RQSwdIkQZO0o
Salus Strength,ChIJBf4ghQ9HDW0RQZCy0im3lU4
Yee Ga Fitness,ChIJV_KWVEVNDW0RRH6VDI3VTyE
EisenProject,ChIJgx8cK_xHDW0RrBRL5sVFhuw
Scottylifts,ChIJx9qZTipHDW0RNh_KmQHirNI
Move with Goh,ChIJwxTwf_9JDW0R8CA8V_JfEWk
Aravindh Clicks,ChIJ5d_gPn05DW0RfcSK48NqZd4
The Spudwala,ChIJEVGy609BDW0RDE-BjBYU38A
Tita Unlimited Fitness,ChIJsT2_jXpHDW0RMFE1rTCYcoI
Reform Birkenhead,ChIJ81AG6j85DW0R8uTFHC_Pxhk
"LIGHTS OFF, SWEAT ON",ChIJx9qn6hI7DW0Rr_2TBiVKacI
Ally's Gym,ChIJ1aob469HDW0Rae_quVbL3R8
Fit Flow by Belu,ChIJVUsmNgA7DW0RbZ2CeMVBNpE
"Roaming Pilates, Milford",ChIJi8VX9sY5DW0RF3Qlw8Up2u8
JD Studios,ChIJk8oQ5G9LDW0R75YiIvj6RIo
Titirangi Personalised Fitness,ChIJy7KZ7TJDDW0R8HM3KPaZDJ4
CityFitness Westfield Albany,ChIJmVove9Q7DW0RASmhi73XGy4
Express Mart Otara,ChIJT1jd4D1NDW0RcsQiv3Zg5HA
D'S BAKE STUDIO LIMITED,ChIJ20fYdmxBDW0Rkhi8GukfX2o
Chinook Gym - MMA,ChIJ7V-uKEY7DW0RT1tU3KLxKkk
Flex Fitness Manukau - 24hr / 7day Gym,ChIJPdWpBEZNDW0RTRvMkbStMEE
Move with Lindsay (Yoga),ChIJnYLjbjRJDW0RYYO30k5YdfI
Arc Dance,ChIJTZ91SwBHDW0RAHH4mryW59c
Personal Trainer Junior Lins,ChIJ_zeG2hxHDW0RFI64ejLp3zQ
babyballet® Epsom,ChIJM0LGKQdHDW0RShmrypqhBhY
SACA - South Auckland Combat Academy,ChIJiVfNepxTDW0RaZLjpJepaPA
Gym,ChIJn0fYZgBNDW0R6EcWDle9ZlM
"City Hideaway 1 BR Apt with Air-con, Pool and Gym",ChIJ4UQ1-_pHDW0RsSK5hlsZM8o
"Premium Central Apartment with Free Parking, Gym and Air-conditioning",ChIJm6SwpeVHDW0RVHyeioWjP2w
Rooh Punjab Di NZ,ChIJe8XZuyBTDW0RFw-fE1lLRiM
"Highrise studio apartment w/ AC, Pool & Gym in Auckland CBD",ChIJKWPX-vpHDW0RUWHHPBO2Le8
Parkside Air-con Studio on Queen St - Pool & Gym,ChIJxYtPTe9HDW0RXFRuP2pozMQ
ChangeFit,ChIJZ9YRCgA5DW0RS7Xm5J0bg1o
Drone pro photography,ChIJA3-lRZ86UowR3vc1X46Tqhc
Avatar Jiujitsu,ChIJ-8lY90U5DW0RPHbr_QfEsaY
Artiscura,ChIJwcv9JkVHDW0RgvtkbzweDbs
Muriwai Health & Fitness,ChIJmfziYKhzDW0RxS4GKxX8LEk
Zumba with Hanna,ChIJsW1pE0QQDW0R3Mt6_jZA_SM
Fowler Fitness LTD,ChIJO_QheQB1FW0RjMplTlAOHXU
Dre Gyms,ChIJGQsHbmRHDW0Rq2yP4kHuDVk
The Fajardo Fitness,ChIJd2BLkjVHDW0RL4C1OxkhyzI
Coast Acupuncture,ChIJVWsADw0lDW0RygH9VwPq030
Lyx acupuncture & massage therapy,ChIJscQgQwAjDW0RNpwsOMFBy8I
Healing on the go,ChIJdVw8AeBLDW0RXUJmwLTIRu4
NZAW Health,ChIJNY2V0zZHDW0RAu19fUFrRYY
Awakened Being Clinic,ChIJlYyYObBHDW0R9sQ4JPeBSCY
duplex acupuncture,ChIJm1XOuZFLDW0Rg_j1pUr2MvY
Z Performance - Remuera - Physio & Acupuncture Clinic,ChIJi3seNMtJDW0RwAIo8rEFxBg
Naturally Eastern,ChIJNwYCUSBHDW0Rye5F8q1Irdk
vg'acupuncture clinic,ChIJX7cRopZHDW0RLB0i_AvG3yg
2/252 Oteha Valley Road,ChIJXxTgYCc7DW0RfytVEUpVCeY
Ora Acupuncture,ChIJj0SMbvlDDW0RJq-lgTFkpEs
Railside NZ,ChIJQdczOghJDW0RirqZPp-dGBI
DermaGlowLab,ChIJbZmIPx6pcm0Ru95OlSmvhDA
Inspired Beauty Studio,ChIJYREoYbI9DW0RXG8cpip7d6I
Giti Hair and Beauty,ChIJ6weTSJZHDW0RU8l-YXsIrME
Yordana Aesthetics,ChIJv1KJvfpHDW0RVs79mqThtEw
Who’s up next barber,ChIJyZmbdgBFDW0Rq98yilUuguw
Yenny Treatments,ChIJo7p2TvZDb0oRxuYl25hVpj0
The Nail Nook,ChIJgeBzAjc5DW0R-gz0Jys1bpU
Meadowbank Station,ChIJFYSEDwBJDW0R98fzgBrmWEY
VELVE BEAUTY,ChIJEdu0NfZNDW0RO9fHurxJcsc
Orakei Meadowbank,ChIJg3C1RadJDW0RdEIQsz_2sMU
Seed Church,ChIJC-A-M59JDW0RrxDahPUrlXY
KKMLSFI Auckland - Keys of the Kingdom Ministries Life in the Spirit Fellowship,ChIJAze4cABPDW0RyS2NO2NGGW8
Ebenezer Victory Ministry,ChIJUxEK3lFTDW0Rgn9L-0qHHgs
Weymouth,ChIJP0ghDwBTDW0RPnIIfmWEqmQ
BOUNDLESS CHURCH,ChIJVUEtefBNDW0RKIWUXm5E3kE
Light of All Nations West Auckland,ChIJB7-qlWVBDW0RqMg_J_q5RWU
The Potters House Christian Church Albany,ChIJgaaT5yA7DW0RkVq-_2VGozU
Coast Community Church,ChIJh6pkiFUlDW0R4Mrs-mWad80
Au Uso Kerisiano Henderson,ChIJQ2z6bZpBDW0RQtYAQYcqtKY
Old Paths Bible Baptist Church - Warkworth,ChIJ93U9NRTdDG0RZKUGFlNZ0Qw
Mangoes Church,ChIJeWVWeQAjDW0R9YTwDen011Y
The Church in Auckland - Hall 6,ChIJK5w5GABNDW0ReYJl2YO5c4A
BOUNDLESS CHURCH,ChIJywcGa6RNDW0RxXG6TVispe0
UEC Telugu Church,ChIJTW-v_IxHDW0RBxxp2nAspdw
Lifechurch Tauranga,ChIJF-_DKk5MDW0RP76kmu7rQNE
Mss Hard Services Nz Limited,ChIJGfDjT8VIDW0R0BcRNkW_V4A
9/50,ChIJdVPJGABPDW0Rzidhx3yTbKE
Amits House,ChIJPzD-EgBPDW0RhtOJfPI2ids
32 Nugget Avenue,ChIJQ8j6ZAA_DW0R42sNiFWdF70
17 Ringa Matau Road Hobsonville,ChIJ-wIENAA_DW0RcMfXF8xzzvA
Versatile Buildings,ChIJgdnO025ADW0R1xP3CKjpeZM
Tiny Home Base,ChIJBWcjx8Wrcm0RxfwK-MFPZnM
STRATUM Architecture Ltd,ChIJEz62NLyrcm0RlT6oinHLAt0
Hynds Drury,ChIJQ-5NI1Wrcm0RuTiNxyB-6Ic
Global Building Systems,ChIJU3_KATw9DW0RTgvvdcnwDUc
RHS (NZ) Ltd. T/A Putz Technik,ChIJv0FHe51NDW0RobxIVhwsnZs
Bricks & Bars Limited,ChIJ75ozsooXDW0R5tpMDjyzyZU
Tack Strap NZ,ChIJSZhUd4BNDW0RI-CZO09Wbn8
WRC building contractors Limited,ChIJkySy749BDW0R3SlRcp-jm_k
WOTACONA LIMITED,ChIJgZ8tF4RBDW0R4USjg14iPC8
Extol Construction,ChIJJV7zgylBDW0RkX8t2AveZ64
Anita's,ChIJLaKAHQBBDW0RbKUpRCZWrQE
Continual Design Ltd,ChIJ2x8fbcRBDW0RzMnCu3uPIOA
Whetū Apartments,ChIJh5duBABHDW0RUuYzvjQSdig
Sajika,ChIJhw3BZwA_DW0R0EsLlVunt-I
Apartment,ChIJlyUbAwBBDW0RcJILtpNuG2I
Environmental Aggregates and Concrete Limited,ChIJQRf0FWJiNqIRRGggkdoqqJI
Townhouse in New Lynn - Two-Bedroom Townhouse,ChIJpebjX2BBDW0Rdf8zrnPrY94
Toi Apartments,ChIJ51i1ZwBHDW0RY78We7p0Eqc
Jo de Beer - Ray White Point Chevalier,ChIJGbCg0HhHDW0REpy8DSbIXjg
Yorder Space Architects Ltd,ChIJAaq9gMY_DW0R0FWBknRIpN8
SilentKiwi,ChIJsxf8LSFJDW0RjKfQdz9ZRI8
Simone Keven Harcourts Pukekohe,ChIJifGE0_mrEm0RbAMGd_wS5ho
"Greenlane Clinical Centre, Building 7",ChIJc39DbgBJDW0RuBDF5F8rU7U
Owairaka Connecting Communities Hub,ChIJz16yPABHDW0Re6DQWZ9pCr4
Rust Architects,ChIJ07qumVRHDW0R2LxRONzewSk
NZTA Waterview tunnel Building,ChIJg1sDawBHDW0Rd3V2_xxl-KE
"100-year-old building at the foot of Mount Eden Park,5 minutes to City, bus at the door, - Two-Bedroom Villa",ChIJdQt2i8hHDW0RqgvgMOLr7Cg
Te Ora Puāwai,ChIJ16MDIRR5PyERL6kkyULhBWY
Building Elements Ltd,ChIJ6z8jjIRJDW0RecNT8PyCVA0
Cherry Blossoms,ChIJKXugSwBLDW0RWb6hfpUW_5w
Nana & Papa's,ChIJ0V-WXQBLDW0Ry_I4mtKYojg
Morning Sun building,ChIJB-IMxF1BDW0RN3NO7YJRiMA
13/340 mount Eden road,ChIJtT8JLwBHDW0RzLqG91j3aZg
max cabin mount mount eden,ChIJfamtOFpHDW0RP_suEoNJJNA
1/25 A Brixton Road,ChIJKUDXewBHDW0Rd5bGL-_UWCA
Eden view apartments,ChIJOchBLABHDW0RVw5BPVwyFB0
AQUOSYNC LIMITED,ChIJMVi8e2VBDW0R1TaFTc0a2gs
Group Building Solutions,ChIJe_NUa_k7DW0RemmgQ5OtRzI
Peer Assess Pro,ChIJEzDtdN9GDW0RzhZvZknoaV4
Liza,ChIJCZsHCQBJDW0RkoMYd1tcWoM
IDB,ChIJW4p4mK9DDW0RRXPxzMPS8Uw
Create Yourself Coaching,ChIJW7RqlRtBDW0RImtUoooiFDE
Smith & Caughey Building,ChIJ4dYvOQBHDW0RnjcrwGK6KQ8
Ateria,ChIJp0jz85NHDW0RDHSYrUbJH9k
World Flooring,ChIJhxCUVgBJDW0RQmiF6bTwwc8
Luke McCaw - Bayleys Real Estate,ChIJFdCoV9BHDW0R0KrboL-xNNE
3/68 Great south road manurewa 2102,ChIJdfX6dwBNDW0RKP3gO38gPEQ
UNIT M,ChIJF9TMCgBTDW0RIMzbTv6ZOMg
Stay Devonport,ChIJL_x0NcM3DW0Ry0FCWCiIAJc
Carol Hall Mum's Apartment Home,ChIJ7bbwVQBTDW0RV9bhcjmAQww
DeepaBazid wala,ChIJy3I2OQBTDW0RYA93OhkQQ14
"2B Hollinbrigg place, Manurewa",ChIJ6bLAVwBTDW0Rz276iZPZZaY
The Pah - Stay Waiheke,ChIJNUSM6unIcm0RTcUYGDxTi7g
AQUALINE Trading Ltd,ChIJeeGgiCQK4wcRyXvzP5zYphU
Dr Guy Fisher – Specialist Gynaecologist,ChIJsQc1rlRJDW0RYbjIU0_E6ro
Auckland Gynaecology Specialists,ChIJT3XLkclHDW0ROV3gD3yEmTg
TMS Auckland,ChIJ_XIQIXpHDW0RrUHQCaM3hMA
levaudi,ChIJV0U1bhxHDW0RxTHRx-9Bb6s
Kotare Residences,ChIJHUtGmdlPDW0RtvVkvhoTwfg
Aadil Waja - Real Estate - Harcourts Papakura,ChIJ32Uq3Tatcm0R33GPkRvyabo
Michael Gee AREINZ - West Auckland Real Estate Specialist,ChIJJW1RbKVBDW0R0qb-wQHhI1c
Wallace Real Estate - Browns Bay,ChIJR3lH6wg7DW0RwvtcLeEgkwg
Clinton Bowker Real Estate,ChIJDeelmpM7DW0RloVmbb6xGrI
Olivia Lloyd - Real Estate,ChIJlbIXbnhJDW0RE4FMkAHX3Tk
Jamie and Simon Waiheke Property,ChIJa-DAFALLcm0Rs5-d2pODfMM
Tony Shi Real Estate,ChIJa2q2GRytcm0RXz0CqwrFBds
Onetangi Retreat,ChIJu8q2penIcm0RmD56w2H2EDU
Aaron Davis,ChIJ55_mI-84DW0RDU-YLDPVUz4
Wayne Scurrah Real Estate,ChIJ57otKUBHDW0RwcFMe8s4jac
Peter Tanner,ChIJR-UnNn9HDW0RQqEBLflf16M
Joe Telford - Real Estate,ChIJk6pY_VZHDW0R0moArl-aRa0
Megan Taylor Real Estate,ChIJ4ddP-WUxDkIRMdaaFVnJ2vk
Zammil Hussain | Real Estate Agent | AT Realty,ChIJUeGuID9NDW0RxodwKzTe2Og
Cushman & Wakefield - Commercial Real Estate Services,ChIJAbwbPwtHDW0RjdILZypJIWY
Team Mike Robson,ChIJ58VMOD1HDW0Rzlsqa8UThfk
Finn Taylor - Real Estate,ChIJv3KvUMVLDW0RPY0HytQjZWo
Christian Newman Real Estate,ChIJX0K82jPbDG0Ru19_B8a9Bn4
Cloud Studios,ChIJ5-zcQxZJDW0Rg-FxiSvi2cY
Olive Homes,ChIJHwHALd8lDW0RjUNYoSpOcGQ
Chanelle Mansell Real Estate,ChIJ-7Ei0R9LDW0R63j30Ab3KqA
Mohe Abdo - Real Estate Agent,ChIJnSkK2SNLDW0RdzdNc0ZrN7M
Edeson flyer distribution,ChIJ52Nh5E1LDW0Rvhe-alAO9es
Harcourts - Jim Young,ChIJo64b2lxHDW0RgHn2Q0lKXEw
Kelly Davison - Barfoot & Thompson Kumeu,ChIJ8W49GmQVDW0RCgo207BikP4
Lou Birtwistle Real Estate,ChIJre9KTPs5DW0RHeyVH0V-ewg
Jo Johnstone Bayleys Remuera,ChIJXd6H_-hJDW0Ruiw1LxvSl4c
Vipul Thakral,ChIJo1zFf5RNDW0RqlWbBIo0UP0
Hailey Larkins - Ray White Point Chevalier,ChIJu-p5WWEP-YgRIVO0ebLryj8
Hannah Wright Bayleys Auckland Central,ChIJ9_FO6qhHDW0R8AaV03PGR2w
Silo Real Estate,ChIJOWjP2145DW0RztLVTvvOD5Q
Leo Ramirez-NZRealtor,ChIJt8EIGuxNDW0Rxynd73gTis0
Belmont Property,ChIJi2yQ1LVJDW0RfL5avGHOB4w
Kiwi Haven on Sunset,ChIJVfCVvAs5DW0Ra_LRwuOC5cg
Kirwee Public Toilet,ChIJufIHRQABLm0ROECvnegMY7s
Public Toilets,ChIJl9wQWgDLM20RTr2fE1neTq0
Public toilet,ChIJP9ACAADJM20RNcWzh3J37II
6 Beds 2 Bathrooms Private Holiday Home - Three-Bedroom House,ChIJobjPFAvMM20RkrUzngbHfSo
Public Toilet,ChIJt43UYWDJM20Rxsu3i7Dp9qg
Tikao Bay toilets,ChIJpxOkBADNM20RPvuAnyuQoQo
"Chez Nous Holiday Home, Akaroa, NZ",ChIJ7-CUC6bNM20RHBRcFSCsu7I
Wainui public toilets,ChIJaQ9vPgA1Mm0R43HiuxnFaEA
Akaroa Top 10 Holiday Park - Standard Cabin with Shared Bathroom,ChIJny49LA3MM20RwFxj4O2bb7E
Public Toilet by the lake,ChIJs29TDgAxMm0ROQP0qYKoNpk
Public Toilets,ChIJj155RQD1LG0RqxPbAWE67Ts
Geraldine TOP 10 Holiday Park - Cottage with Shared Bathroom,ChIJheogBNH1LG0RJDd8p5c7pZ8
Bower Ave Public Toilet,ChIJkeywfwCPMW0RfBIM3Nx1Is8
Fairlie Holiday Park - Double Room with Shared Bathroom,ChIJ3yirVI2BLG0RKuwryK_v1pQ
Pretec Trade Ltd,ChIJWZCXmeLrEmARxtp75_f4aEo
Fairlie Holiday Park - Twin Room with Shared Bathroom,ChIJ3yirVI2BLG0RnuMz_MRXZmU
JMG Builders Christchurch,ChIJccVjD6yukaMRky_CV46vduc
Fairlie Holiday Park - Queen Room with Shared Bathroom,ChIJ3yirVI2BLG0RsE9oe7yH9pg
Bromley Park Toilets,ChIJfQFWBACJMW0ReIv_u66BjqE
Glentunnel Public Toilets,ChIJAe-PfgALLm0R1dGpGZqR6Xw
Public toilets,ChIJOQYnjAVpLm0Rl6DxZh3C8Ig
Public Toilet,ChIJhSfk7RQaLm0RVAUPN5MoUHw
Public toilet,ChIJCzFTTQBnMG0RWWehdJbJv0g
Forest Public Toilets,ChIJw5ey-_tjMG0Ry4VWW3UtsL8
French Bakery,ChIJSaTTMgD7a20RQcWemDW73t0
Wakei,ChIJdxo6AQD3a20RRO36SeO14m0
Lake Haven Suites,ChIJvSrHbMHwa20ROW9UMis9ckM
Max Facs David Chin-Shong - Allen St Wellington,ChIJt-fRJeuvOG0RK3w0jhjrL2w
Tiaki Family Law,ChIJWQ1sGRavOG0RnaJdrFXmk9A
Ryan T J MBE,ChIJP0UHY4KJMW0RgvldYeeR_0M
Cooney& Norris Ward McKinnon,ChIJoesuoTX9bG0RqNxLvYwE4Ic
Five Bays Lawyers,ChIJ3RwCWd1LDW0RWWl_KfniFx8
Cressida's Transformations,ChIJ0QtY1VggMm0RBlpT-oAlEQ0
Parliamentary Counsel Office,ChIJOVCqLwCvOG0RHKUB-sTXPXo
Mark Swan Barrister,ChIJ8xEkboJHDW0Rhrrv0MQn9tg
Fee Langstone Christchurch,ChIJ4eBBLwCLMW0RMd6pasjdogM
UVISA Immigration Auckland,ChIJv87tqURHDW0RvcHKBH2TPSE
TITANIC,ChIJk-08DgBHDW0RXfxbJczIAo8
James Doughty Commercial Lawyer,ChIJJSx3ovpHDW0REwVnqeIV3TE
Erica Burke Barrister,ChIJ6_EIfnBHDW0RpR99CrTgIZU
Fitzherbert Rowe Lawyers,ChIJOzEzvNXLaW0RjcpVM5w3piQ
Trusty Property Law,ChIJ_9crsIevOG0RCPXH7lUkOEo
Central Masterton Sleepout - Double Room with Garden View,ChIJsQrtOS8hQW0RdFNDwX69zx8
One Complete Solutions,ChIJWwQL_tlMQG0RfcErsX6q1YI
Rapid Roadfreighters,ChIJ-SxgBdFMQG0RrDNV79rrd7Q
Hydraulink,ChIJ60ZKYdBMQG0R1SvD0lud6gQ
"The Milk Barn, Palmy, NZ opening 2026",ChIJvy1HfnK1QW0RaP-XCjbGtK8
The Lakehouse Retreat,ChIJ4Qyfa2a3QW0R41Vm2b3kzxM
GraceWorks - Hanmer Springs,ChIJj7x6aoFkMG0Ro1oYK8ZrA4E
1 St James : Centrally located 3 bedroom holiday house in central Hanmer Springs,ChIJN4gxHHljMG0RX_56FbdML2g
Hanmer Garden Suites,ChIJG39gKnhjMG0RLbiZdGPToMc
Mountain Gem- Hanmer Springs Holiday Home,ChIJ9Y5OenBjMG0RZuMinzSqepc
Alpine Springs Motel | Hot Tub | Pool Table,ChIJQ05mhn9kMG0REyOHLKAlV2o
Alpine Springs Motel | Hot Tub | Unit 2,ChIJQ05mhn9kMG0RtkwRZfn_wKc
Lofty Quarters - Hamner Springs Holiday Home,ChIJDX7wV3pjMG0RiHRbZcEpxhA
METALmorphosis,ChIJlzeSd-7pFG0RrltHI4nvNfU
Waitoetoe rd,ChIJSeZ6UADxFG0RHVlKx-LH96A
Urenui Beach Camp - Family Room,ChIJ0zelKPfwFG0RlDJKQtNdx8k
ANCHORS AWAY - URENUI,ChIJm311U1rwFG0RRoIW7ECAHMI
Urenui Beach Camp - Economy Quadruple Room,ChIJ0zelKPfwFG0REwhfkswwdu8
Urenui Beach Camp,ChIJ0zelKPfwFG0RXvLCX3nMLYc
Urenui Beach Camp - Double Room,ChIJ0zelKPfwFG0RkLXKAKwTmr4
Maraekowhai Farm Homestead,ChIJvebqOPGjbG0RZJqUzH2JnGc
Opourapa Island,ChIJq4tHxJHsFG0RgA2cJGLvAA8
The Clevedon Aeroplane Company Limited,ChIJXUcmi_WpEm0R12wzajqPnU8
MW SERVICES,ChIJiU-brsypEm0RYM6NirZQqIA
KeraStraight NZ,ChIJTToVToGpEm0RTN-lTBmPodo
Corina Douglas,ChIJZz7MTBwhbW0RG6CdL7gG4vo
Time Out Tasman,ChIJZ2Xx-8eXO20R_IFEYvr2wp8
Port Chalmers,ChIJ8btLIgBNKagR4VHNS5Xaoc8
Brightwater Saleyard,ChIJq9Z8r-uXO20RkCglss7HEBc
Ravensbourne Wharf,ChIJletZcACtLqgRAhdAYTX4lK0
Gallagher Security - SMB,ChIJuxcgAAAZbW0R3fLNvVPbCi4
CKL NZ Ltd,ChIJsRSVSAAZbW0RSW4EIzj5Y5Y
Kiwibank Hamilton Business Hub,ChIJkYcjegAZbW0RRxbWBUgodmg
omarama police office,ChIJw8aXVQDTKm0Rut814obQJF0
The Whitehouse - Lepperton Holiday Home,ChIJuQ7WgNpWFG0R5RdMzXfSyZk
Ross Beach TOP10 Holiday Park - Superior Studio,ChIJR447IKgsKW0RP7L0juGyTts
Braeside Lodge,ChIJgVoM6XFRQG0Rmlx02FYIT-o
Koiterangi Lime Co,ChIJkeQBpvHZLm0RjNMZv0pNK3Q
Cruisy kayak hokitika,ChIJGSTAEgDZLm0RyUNx-jREzoQ
"Stylish Room with Private Patio in a Bed and Breakfast near Pukekohe, Auckland",ChIJI_qw6K6qcm0Rq2pmqITxAp4
Karaka Pines Papamoa Retirement Village,ChIJYdydPAB3bm0RuIJIJV3ux2g
Motutere Island,ChIJDYBNP_suE20R8G2cJGLvAA8
Te Papatapu Retreat,ChIJbyr6ivArE20RCqvw-pVEDvM
Public toilets,ChIJjXEzVvUrE20ROcstuflCfh0
Ken-Coll Equipment,ChIJXdUOIICzaW0R5qCjzc4nGus
Arup,ChIJPcKneQCvOG0RG3r2VRmSzfo
hollywoodskin,ChIJfwLD6NFNQG0Rb2JBW0wJOzQ
Remutaka Hill,ChIJ6y5SXIK2QG0R5HTwWGZgwwQ
Imperial Park,ChIJ15fWfACrOG0RW-rGVcdD1Ew
"Rustic Barn Apartment 5 minutes from Clyde, Central Otago",ChIJNbUQaowlK6gRdbwuMAXrWVI
Hidden Gem on the hill - Beautiful modern unit suitable for families. \n,ChIJ62iS-tJZFG0RBA-2P0_71XY
Hidden Gem on the hill - Beautiful modern unit suitable for families.,ChIJxYrAs9NZFG0RNhPIwoE591o
Nano Silver | Hand & Surface Disinfectant (NEXT GENERATION PROTECTION),ChIJof5xQi9PDW0R60xFMHLK6xQ
Kaitoke Entrance Carpark,ChIJw0TxKQC3QG0RUFbsTJnVGt0
CAD studio,ChIJs-5Huhc6DW0Rzo5PcG7RgtQ
Next Step Careers,ChIJjc4QNdL9bG0RxezDmMjpFK4
Sonny Enterprises Limited,ChIJpWj6OhY6DW0R9_pH-CCa81U
Kiwi Workplace Challenge,ChIJpWj6OhY6DW0RFyYz9YdaSkg
Hayley (Physio),ChIJ77VANAA7DW0R9Wl0zOL_KMI
Insight Consultancy,ChIJpWj6OhY6DW0ROm7gj5Z4Faw
61 Gibbston Valley,ChIJKwtsjNcn1akR3EWzfthCcv0
Arrowtown Taxis,ChIJqcCBhwon1akRW8CiNDZUuqA
Gibbston House Boutique BB - The Cardrona Suite,ChIJB-30G8Mn1akRb7J5CM2mHYU
The Vines - Gibbston,ChIJa-9Yy_4m1akRekR3V02TUnE
Idea IHC Thames Valley Branch,ChIJeamWXjiDbW0R4WwChThNyFg
Gibbston Valley Residence by Sotheby's Luxury Rental Homes,ChIJr0vGM8Yn1akR7hizMoBV40A
Gibbston House Boutique BB,ChIJB-30G8Mn1akRuGV83IVxJbE
Gibbston Valley Residence,ChIJr0vGM8Yn1akRFXvZgsaIvm0
Aurum International Company,ChIJgy8Ag59IDW0RKeG-4rott6A
"Planning Consultant, Chris Kitson",ChIJxYWNQnBHDW0R3Ch8JQaAAZ4
Gibbston Valley Back Track,ChIJKwtsjNcn1akR9bYvnNEUv0Y
PayItNZ,ChIJ4bgrDdxHDW0Rvi5Yr5mOYPc
Southland District Council,ChIJCSkwfX_w0qkRPiOJykzDqZc
Wishart Design Studio,ChIJlRckX-jx0qkRil6CnmHYHqI
Heartspace Expeditions,ChIJpQGkCLHx0qkRVh0Kr353yMY
Ranfurly Holiday Park & Motels,ChIJ6aXVrZ1NKqgRM_0PIaEsORs
Ranfurly Holiday Park Motels - Studio (4 Guests),ChIJ6aXVrZ1NKqgRck9dPBN_1ks
Okato Homestay,ChIJbXKf2BrLFW0RK_YhMyeBmLY
"Cozy Rental near the Stony River Walkway in Okato, Taranaki, New Zealand",ChIJ3UdonnLLFW0RAvhbJWKiMeg
Eastern Beach No Fireworks sign,ChIJsQMQOABLDW0Req5JAQU5e64
Colville Saleyard,ChIJ__-bmt_7cm0R7qeR15_4HFw
Aunew New Zealand limted,ChIJX1gubABNDW0R7B41BkEShjI
Waikato Countryside with lake view,ChIJHQqkoLFDbW0R0Ydn-NVsAfk
PURA WATER PRODUCTS by FORSI INNOVATIONS,ChIJRSPgg4uxbW0R_axBlPMWAoM
Kakepuku View and Spa Retreat - Te Awamutu,ChIJ8fVJ7s3pbG0RINwKfOqmCWE
Larnach Lodge Stable Stay - Double Room with Shared Bathroom,ChIJmQ4D8veyLqgR_fqzMiCcA5M
Larnach Lodge Stable Stay - Family Room with Shared Bathroom,ChIJmQ4D8veyLqgREEIVXn01T_0
Treetops,ChIJnQ7gV2U_OW0R3yGKMAYqD8E
Castlewood Cottage,ChIJq6jKYQCzLqgRoUhdEyadF-0
Racemark Corporation,ChIJn9WbVXnFLKgR6eTWcEVg8ZA
Larnach Lodge Stable Stay - Large Lodge - Queen Room,ChIJmQ4D8veyLqgRpMwPwmxldBk
Matawai Power Station,ChIJPRjeVQD3ZW0RRqofDc-Ta1o
"Charming Cottage on Farm Stay near Gisborne, New Zealand",ChIJOUJc5k34ZW0RZ38zVVMp0Yg
CastHAUS,ChIJBxClfgvhbG0RPcB68qSXkQs
Lake Thomas slipway gate,ChIJ-WCCkWdx1KkRPeUwxFQQEY8
Cheviot Downs Ltd.,ChIJ7-5Bb0WL06kRiwzxvtlNwTk
Hillside Zone Substation,ChIJu0NXRQAL1KkRY1dmF5-sBQ8
Tuatepere PDS,ChIJb3PGNwCz06kRF4bBGsed3gw
Underground Pump Station,ChIJM0pTbQCz06kRpdOaQmzu_Jg
Studio 84 84 Half Mile Road Tuatapere,ChIJS7SuBxKz06kR3zx9M9sBj-s
Jack and Mattie Bennett Memorial Park,ChIJO5BhEgCz06kRb0QJnjyDBj4
Neat Cut,ChIJu0oViZaz06kRYEuQRSId7to
Jonty’s house,ChIJRzA9pXWZQG0ROzgOfwTo95U
Marlborough Cans & Cardboard Limited,ChIJXwWHH_JrOW0Re4v6ExdrtFA
POLE STAR WELLBEING SERVICES,ChIJzWsBUnhrOW0RJNYhC0aZ1GY
Marlborough LandSAR base,ChIJ5TmGcABrOW0R3dFQMEEUGsY
The Hour Glass New Zealand Corporate Office,ChIJ31t3nt1HDW0RPemolxzl6fU
Tullycrine,ChIJoegyYUnebG0RzPeYebllyh4
Whare Awa - River House in the Rangitikei,ChIJOb8QE4_VQW0RfRX-97eeBh8
rose,ChIJbQe05qDfbG0R4YD1okX5PwE
R R Fisher & Co,ChIJN-8rUm1PDW0RxvesAi_ro4Q
Propartganda,ChIJxTze9ntKaG0RYz3wSVIBQt8
Staveley Heights BB - King Room with Mountain View,ChIJ41xzpfYxLG0RihGTjj2KACo
"Cozy Cottage with Amazing Mountain Views in Staveley, New Zealand",ChIJm78MNEEyLG0R4_2MWcYXOgg
Staveley Heights BB,ChIJ41xzpfYxLG0RSTNQ2PadvUU
Red Cottages Staveley - One-Bedroom Chalet,ChIJ2WZJNEEyLG0RFoFhAz2jdxs
Wallingford Homestead - Deluxe King Room,ChIJlzWUzC9rQm0RYc0EANOns1M
Wallingford Homestead - Two-Bedroom Suite,ChIJlzWUzC9rQm0RmwqpCLSfEAA
Urban Rest - Auckland Head Office,ChIJj1uPX4FHDW0RiwHhD_19RB4
"Comfortable cottage annex, Staveley.",ChIJE3jpeiQyLG0RRS5suhYT83s
Authentic knife limited,ChIJybzKYABHDW0RUMNlPCOUqQI
Orchard Views Villa Riwaka,ChIJGVnOFUuHO20RcHQUK9Yvz3s
Central Carterton Walk to it all - Three-Bedroom House,ChIJx9pWu-_ZQG0RqIW05FLh7aA
Flow Coaching & Counselling,ChIJy9OaiISrOG0REoCfI3LcDSU
The Little Red Cottage,ChIJNTWy3lurOG0R4pko18jDV6g
Foundations Counselling,ChIJiwny7DIHb20RtRBgJ_tvdtY
The Massage Room,ChIJbzl_nfYf1akR88PkjTpCA3w
Nurture Resilience,ChIJYd9IzTod1akRiWI85JPQzWg
Attuned Counselling,ChIJX96kG_7VKqgRPrTtQf47cR4
Karey Meisner Counselling,ChIJLYn-wyUhMm0RNyu8gpJFGkI
Suzzane Daly Counsellor,ChIJwaWZgpWVbW0R75eOJfIbS44
Grow Your Biz,ChIJX4diHlSHO20RzZwRzqpmo6k
Pre martial couples counselling,ChIJ8eMMPvUZbW0RrLb1zSr6z94
TL Counselling,ChIJz-vcenKtLqgRrLAvsGzAF68
Community Counselling,ChIJexNGBnXPbW0RKFenI5J9Q4U
Emna Holistic Journey,ChIJS5d1x8PZbW0RdrSPRq6uUkw
Simply Nourish,ChIJofOS8ldcd68RPWSrxnqkjeg
KW injectables,ChIJX3tVSCOLMW0RrTP-OtF0ZSo
Rebekah Gale - Counsellor,ChIJqyr1xHqJMW0RvX69spH5r0E
joseph Davies relationship consultant,ChIJyX9HIACRMW0RdACFyMuG_pA
I See You - Counselling and Play Therapy,ChIJySz_QjsDQG0RmPoLwSfM8ZY
Driftwood Therapy,ChIJSR6JNSztO20Rjw6coEFRE9g
LicenceWise Aotearoa,ChIJ3Qz7-wh3FW0R2CpbF6vc-E0
Play Therapy Works,ChIJP1V_crgVOW0RU4xXjb-0EDw
Afflunce Global NZ,ChIJT0Tt8dqzQW0RtFk2WBOoeYw
Te Wheke Educational Psychology,ChIJSwLgY06vOG0RvyGXVNn1P_A
Grounded Grace Counselling,ChIJjbVQUpCvOG0RaQcmPXM9B9Q
Sheree Fletcher Counselling,ChIJdR-CgVivOG0RQzc6YjM5UuQ
Beam Clear Thinking,ChIJZ5wbGOBGDW0RHJtsfUk9i2A
George Johnston Counselling,ChIJv6PWa_WvOG0Rw92uJC7gTmI
Kingfisher Educational Consultancy NZ,ChIJoxAP7BtHDW0RtyzivsVR25c
"MENO Clinic NZ, Ashburton",ChIJeWgxama7LW0Ry9vllwm5buI
Correlate,ChIJx4cnUsJ3UgsR3r8v6j5gidc
Flowstudy,ChIJ4-QkTPwZbW0Rdoo6WOzReTc
Hidden Income Secrets,ChIJ1_OGl80lDW0RJ_yF5nJeYWg
Alexandra Counselling,ChIJG71mTcwjK6gR060-lJq5u2E
K Body Science,ChIJgaN6FNc_DW0Rbrh1AL4LTEc
Delightful Spirit Ltd,ChIJ94K38TYlDW0Rr_sdpcbPHMA
SnapJobs,ChIJC2F6SNp9bW0RpWidEiVBOyA
SciCORE Industries,ChIJgxK-2r0_DW0RV8v5R8OzdBo
Nyree Andrews Counsellor,ChIJGdtTMrftO20RrpCXoEPv3l8
Pā Wai Harakeke Services,ChIJu950_pntO20Rbv3JHOTt2CI
Isabel Law Counselling Nelson,ChIJw-oRLQqTO20Ry_zo1psc_Ak
Calm Waters Counselling,ChIJwzZgF3iPbW0RN_b09TDhR5M
Araxi Mavridis Counselling,ChIJOdMbsTAf1akRHB80Nn1yiOo
Maternal Wellness,ChIJa-IQi-8f1akR__E23sxDrME
Copeland McAllister - Workplace Lawyers (Queenstown),ChIJ95jA5Skd1akR109Mnv6Xg2c
CardioScan Aotearoa Palmerston North,ChIJzbdpnW-zQW0R5lrQDUAy2fU
MPK Ultrasound,ChIJXflV_NSzQW0R7KbH5xRo_No
Ambulance station,ChIJOa6EEQA7QG0RweVdl45VVNk
45 RESET Ltd,ChIJ494M9DWdKagRJ-xIaaX2dmY
Skin Institute Cromwell,ChIJf3nrj8bVKqgR3cCSBR1P7kc
Connected Wellness & Chiropractic Morrinsville,ChIJtS5TvbMJbW0RjQaH6I2FWp8
Carefirst BellBlock,ChIJiT95EgBRFG0RucXurbtIJbg
Marvel Health Clinic,ChIJZ-V5JgBBDW0R7aGVKlWB3LM
Meremere,ChIJnR7uRwA5DW0RLbnJF-Ey2ww
GotMonkeysOffOurBacks,ChIJj0flYsY5DW0RpNkHlDpYqAI
Aesthetics by Eve,ChIJ41fjbGg5DW0REn3YyAihu80
HRS Occupational Health and Wellness,ChIJ4QdTxX11FW0RO5E8Tjy97ps
bslrepair,ChIJecbfFIYfbW0RcTLDBudEF1o
Integral Aesthetics,ChIJw4DWIDcZbW0R8I348J48Wh4
Peke Waihanga,ChIJ6SthFy8ZbW0Rif_5qyBu7Aw
Canopy Imaging Ahuriri,ChIJX7BFVyOzaW0RKqYdfGwodXs
Pallas Psychology,ChIJXeH7OgDxa20RRPIWSvS8CXQ
Horizon Health,ChIJJyLzTgB_C20R5R8dKbXtwMY
Sono Suite,ChIJ4164r4SrEm0RbYwwsbX4OYI
Midwife by chartwell,ChIJ_QEWGgAZbW0RwuxZDrSZvfY
HANNA CONTACT CARE,ChIJj316B_53bm0RE_KqRgq5PmY
Kaiatarau Collective,ChIJc0b0nNkZbW0RSk9avvsk-w4
"StepUp Physio - Best Physiotherapist in Papamoa | ACC Approved | Dry Needling, Sports Massage, Pain Relief Massage",ChIJ1apNju53bm0R88mSsBh5rJg
Evulv Women's Health Hauora Wāhine,ChIJUTCGHGV3bm0RSkdSfChFUrc
Palm Springs Medical Centre Papamoa,ChIJw3MbA_F3bm0R8NdE3Z2BzoM
Bay Skin Cancer Clinic,ChIJX-VdIAV3bm0RiZBVpM_7U6o
Invercargill After Hours Service,ChIJFZ75cADF0qkRENItb9msNUA
Taumarunui community Kokiri trust,ChIJ3R9COQBBbG0RyvHDtSMw98c
Uness Health,ChIJvc3Nb-yLMW0R5DweCNrVGls
The Invercargill Skin Centre,ChIJ3fHHD-LtySIRhi0O5XMBKp8
"Success Health Centre Moxibustion - Moxibustion 艾灸, BianStone Steam Spa, Acupressure Massage",ChIJrfT3DwCvOG0RFcS_-M_92ek
CB Aesthetics NZ,ChIJi8L2xCnF0qkRjK1nHbH-hKk
Dalton Clinic,ChIJKzQ8s75NaG0RuO7ZMoy1R4w
Emma Wellwood Midwife,ChIJzV6zGSdNaG0RZ8sjDfkUInU
Roscommon Road Medical Centre,ChIJZcfOskBTDW0RlbpOCnE9I1w
MacMurray Centre Queenstown,ChIJLQZtvDsf1akRExI9K0GB5ok
native diva,ChIJw4oQ-o1TDW0RZqULxmA0Vjw
Sam Mitchell - Integrative EMDR Psychotherapist and Entrepreneur,ChIJlaMmAUTJcm0RyQPpDdW7MBc
Lumira,ChIJR3Xb8nlDDW0RYOJ34FOvoys
IFS Therapy - Aakriti Malik - Auckland,ChIJPUmF9JdTDW0RyJcI_cIgegg
Tu parto estrategico,ChIJx8uI_15HDW0R68Ix88yYkto
Embodied Mothering Clinic,ChIJOwQWU6TVEm0R3q_lqK_9U-k
Living Waters Medical Roslyn,ChIJLyXdp1izQW0RTLdZJngG8ws
SkinScreen West Coast,ChIJl15OwHlrL20RV3qk0oEMZjo
Te Putahi Ora,ChIJ_-8AHgDzQG0Rjh6Xu57ixp4
Waka Doctors,ChIJj0QzhjO9C20RcOoCQ0da998
Dr Tint & Wrap Whanganui,ChIJPaIgd4EDQG0R10xMeaO-WGM
Parkplatz Atene Skyline Track,ChIJb_6CUwClam0RY4koYQT1oJU
Tread Smart Tyres Online,ChIJ3Voh58gfMm0R47IA4rFE3XQ
Volvo Trucks & Mack Trucks - Christchurch,ChIJwZY79JwfMm0RWC6K2Y15DgM
DM Motors,ChIJ0YUlLChKDW0RcGZPC_yJi-U
Waitomo Otorohanga,ChIJN9uVTwDBbG0R9K3jddXMPjc
Spannerman Limited,ChIJO17iNQC_bG0RaLsueC6bqww
Automotive Direct,ChIJ53I3Dh_MQW0Rm8PFuzy3Kqg
Zero Charging Station,ChIJG62bUzz1LG0RNkXQlm1rHgY
Bastion Point,ChIJZ-tCoNdJDW0R3uf-kFAQFBw
Greymouth Campervan Rentals,ChIJEYN-SQBrL20ROvsYxJ-d8SE
Drivesonic Audio,ChIJA5nOjpFTDW0Rz-C07uY3cOc
NZ Diesel Ltd,ChIJoekDpidVbW0RXughtGajo_s
Z Charging Station,ChIJtVxVoznKaW0Rlec0ywvhPSo
Rn Auto Fix LTD,ChIJd5P3435TP20Rn7Kfpm9MjSQ
Custom Towing & Transport,ChIJYyISB44V1WARHbP-kzM8-no
TRIP Rental Cars - Christchurch Airport,ChIJr0F2_Cr1MW0RiGSvb-S22Y8
Akazo Novel Car Finishes,ChIJPytgeJarOG0RXd4tFB34-UI
Hop Card Total Mobility,ChIJO_h3EQBHDW0RqUk17NF8YJ4
Hippie Camper Christchurch,ChIJsSw3kWz1MW0Rc9P2RCF6IbI
Phillips Vehicle Valuations (LMVD),ChIJ90R8Te9GDW0R4fZGKaZPqgk
Green Motion Car Rental Christchurch Airport,ChIJyULSfJyNMW0RK5wO8F-RY8g
Apartment with Sweeping City Views with Aircon and Car Park,ChIJiSUxHY1HDW0RH8GsNaC5bVc
Auto Clearances Ltd,ChIJ6XXJuo5HDW0RfAvTCyDfNDM
Independent Ford Automobile Limited,ChIJg8uJ9yhHDW0R_BB4QBLRWxc
Zero Charging Station,ChIJUU0KNySPPG0Rx4O9LFaZ1UM
Can-am Wanganui,ChIJG5sZTZMBQG0RvDsbkfNUOQw
Zero Charging Station,ChIJA3MmaKLROm0R1Zgx8jYOluc
Swtch Charging Station,ChIJndrB3PGXFW0Rx6s3SRfnqi4
Advance diesel auto services,ChIJqVbLo6VVP20RAdtOcVVo3-k
Fair Automotive LTD,ChIJLVkIB-l_C20RkQnBi7wOBh8
Zero Charging Station,ChIJ3XBZw7_ROm0Rt-CVJYpNXX4
stratagearnz,ChIJZT6h4m5LDW0RJi-8o5m_qmU
Gr8 Expectations Enterprise Ltd,ChIJ7Y3ADl2jQG0Ribg7MZSIBuY
Go Bus Transport Ltd - Coromandel Depot,ChIJ1UFELvqBcm0ROKZr_2YIT6U
Vasko Upholstery,ChIJsyAoPwDjbG0RtAAWF_II0Ik
2TYREU,ChIJ34jgwpuVDG0R47ErQU6nvE4
Z Charging Station,ChIJ9wb-o-J1FW0RH5J2KS6Oxt8
Detailing Experts Richmond Tasman,ChIJX0xffEGVO20RM278HXRmyMs
Meno,ChIJPxcaEQCVO20RpI2g1vY75KE
Nelson cars (Stratford Street),ChIJd9IF_NSVO20RCouqiVYecrk
KiwiGoTravel,ChIJ-7u2cdhHDW0RsV98sXOIETI
Cartwright Automotive,ChIJXTnqXDhBDW0Rv8hi9xuCOCE
Drivesure Compliance - Henderson,ChIJBesNWIhBDW0Rnsr8R8Z2k5U
Drift&Swift Mobile Car Detailing Auckland,ChIJrcb2stZBDW0RRTZvQ957R3s
Palmerston North Rod & Custom Club,ChIJrYNUGwBNQG0RJLl6Ci-R_hk
Auto International LMVD,ChIJgx-DWtKyQW0RYV5uQfUT7A0
ChargeNet Charging Station,ChIJF96ArOQ5OW0RRLSfy3EmiP8
Lake Brunner Engineering,ChIJ5UpGSAALL20Rux4KFAK-AG0
Auto tow Taupo,ChIJbXAYe-nxa20RN_h6hafaYiE
Rust Doctor,ChIJmenI-LbF0qkRPBVxyDnA3fE
TRIP Rental Cars - Silverdale,ChIJRf1q0G4jDW0RuvC6SDpNglQ
Learn2Drive,ChIJ2UIhUesjDW0RPrT_fg_VbZ4
Tinaweb,ChIJ8T7ybpstR20RuwDSbIn8lMw
janine's panel,ChIJoToePgCxQG0Ruto12aN4Tk0
Work yard,ChIJMwZtZQDpC20RknWKzaJAi_E
RTC - Road Transport Compliance - Hinuera,ChIJ5aCHLwGtbW0Rvs-Ve22cPs8
NOVUS Glass Whakatane,ChIJzUw_ouYHb20RVrPnWwh2arc
Family Finance,ChIJ8wnoXJfJC20Rah2xW78yCME
Tesla Supercharger,ChIJd8z6gjvIC20RICbaIDs6DyM
Waipapa Landing Car Park,ChIJYfVnNwC3C20RRe8FpmLzJtc
Perry's Automotive Group Limited,ChIJRxsmvN5IDW0R5lxKiJFvJkM
Acceler8 Automotive Solutions,ChIJSRLGDPiXMW0RW_B9w-DnBdU
Huy Premium Detailing,ChIJTSSm1L1TP20RL1GFf-INktk
autoUnion Car Rentals,ChIJ4QdvpGof1akRGRZFUW8B7xM
Ezi Car Rental - Operations,ChIJnXIEGwAf1akRsnl3aynaeMM
The second hand mechanic,ChIJPRY3c7YZbW0RAG_sMjAKhqY
Kosco Riccarton Parking Lot,ChIJAc71IACLMW0Rqj3fFQteRrY
Reliable Auto Services,ChIJn3yCDrAZbW0Rky20KfAjg-g
Dave's Car Care,ChIJ52NaM4NKQG0Rlye8JY9JLW8
J & R Autos,ChIJkwdUJvvbbW0RNR7IAl8V_zg
Mount Shop Ltd Tauranga,ChIJW80Fy6TbbW0RjgTNheTx8js
tranzfoamya,ChIJg8OCsMi50qkRh-3EYB_YH9A
Go Petrolium Fuel Bowser (DIESEL),ChIJfz7kVQC50qkR6qaOC0O_6fA
Family Cars,ChIJ_U2Z-TuTO20RqR7A3etULNM
A look Mc as asleep gf im nccc;,ChIJjUhIWwB5Zm0RRh6wYlNFEgs
Bernie Vette Lookout Car Park,ChIJzwl8IwB5Zm0RBo4VGHSDl5Y
Adam Tulloch Electrical Limited,ChIJ2cdSWaGTQG0RcDF1FhvuxzY
Eq Auto Limited,ChIJxdMtv8cibW0Rh3HPmCsUfgM
DriveLogic New Zealand,ChIJ3xaOId-DbW0RF6UuO7ZLcig
Eastern suburbs towing and recovery,ChIJI7jtXQBLDW0Rn4t30fko_1M
Paint Defence,ChIJHf42wLVLDW0Ri_csYL8dRkE
Daisy Campervan's,ChIJNVu8Zp21cm0RfFuqCICtnF8
Apex Auto Detailing East Tamaki,ChIJCRjecd1d_WgRPESnJ3S2_VU
NZ Fast Cars Euros,ChIJw6QLaYBLDW0Ropkfrfedt7A
Energy Air Conditioning Limited NZ,ChIJaQ0RmXdPFG0RFvU6-brukbo
Duncan Park Car Park,ChIJX9RLRAAnMm0RYLGgyWYAUCg
Chris’s laboratory,ChIJI1RAPwCJMW0R9oP8sYJmO34
Len Shailer Limited,ChIJc1U1XpmzQW0RTuYCv9gK14k
Armstrong's Dongfeng Christchurch,ChIJH57l9o-LMW0RXhT-od2ySGM
Phonezone Kaiapoi,ChIJXzevZjyRMW0RpB9LHug7fCQ
Verrans Motors,ChIJF7G2dNU-DW0RsPcuXO9wmss
Stanley Street car park,ChIJxf8kRQAd1akR8wSwR0WDTg4
Nova Charge Hub Charging Station,ChIJXWgRab_wa20RlugG44EROVo
Kopu Self Service Truck Wash,ChIJYSzX4tCBcm0R9iQo1A5r7I8
Get Self Contained,ChIJNaqSurRP1akRvCIhcTtBhOM
Hammer Hardware Dargaville,ChIJ-aOETAQTDG0RzrLG68RmvEY
Aca-Automotive Computers Nz,ChIJ1ZFWPYBLDW0R5_CjBOvRZ1Q
AA Driver & Vehicle Licensing Agent - Morrinsville,ChIJmUo-MXEJbW0ROarsGsVPWOo
Sortimo Solutions New Zealand Ltd,ChIJbVAxcgBNDW0RlBAsQx51XuM
KNS Automotive,ChIJIc-b7cJNDW0RVYZiwFyaGJE
Goodwin and Son NZ Auto Interiors,ChIJ59iKH7FBDW0Rp6x6lsOsP6I
Super shine Car Detailing,ChIJnQHqt1RP1akRJjNs1Cl0_FU
Arrowtown Auto Show,ChIJDXTlJgAj1akRSWvx_YYW3vY
E-Motors,ChIJPRfHZnuKMW0RCtJ5soIDM0Y
Waitomo Wainuiomata,ChIJd7qYeQCpOG0R-kM1enmGkjQ
otagocaravancare,ChIJ29ipExUj1akRVpGL_NshlRU
Hireace - Hamilton Airport,ChIJzc2NWlQfbW0R6kvGZt0CM_w
One off customs,ChIJXwfgVmnPbW0R7YSDBlI_UHA
Cheap Car Parts,ChIJXbvtQRJ1CW0RGAtdFNM1tI4
Southland Caravans Ltd,ChIJ4Z-Lu20pLagRU2bCREVNonA
Liftrucks New Zealand Hastings,ChIJa9fohlzJaW0Rw0ZgX115D60
Jamieson Customs and Resto's - t/a J.C.R Ltd,ChIJ1RLDRommEm0RdXAgm_mAJxI
Mountain Road Outdoors,ChIJ-_aNyMIxMm0RDCgcbhyHoPM
Automotive Supercenter NZ Limited,ChIJf7MNDxKtcm0RtM4QjNM6kLg
Waterfront 2-bedroom apartment with car park - Two-Bedroom Apartment,ChIJRXnMZY_LM20RHM9SoAQY52Y
Les Hunter Automotive,ChIJUeobtwKJMW0RAnDkjBwpyYE
Carlito’s Contracting Co.,ChIJ6zkNh2GJMW0RG6za2W3vrG8
The Foundry 3,ChIJ74vHQgA_DW0Ry_icx66HSfs
Kuya Cars Ltd,ChIJPUn-TY9TDW0RJmf2zGty9I4
Shore Vehicle Solutions,ChIJpXA1lCo4DW0Rfky9WjxiI1Q
Crockett Motors,ChIJuZAJJvmIMW0RA94D9Kx8PLM
JT Auto Diagnostics,ChIJebW3srFBDW0R59Qzpxwhnmk
Auto Logistics Ltd - Christchurch,ChIJXQIM5JeFnCsRmrTRwOx30l0
Avago Customs,ChIJiy70JQCZKagRL92QAhoI8kM
Bridesdale Farm Car Park,ChIJERsccwAf1akRtaA0CAuuFuc
SPCA Op Shop Havelock North,ChIJNdT9bILLaW0RPKQduOJCziQ
Lady Knox Geyser Carpark,ChIJb5K8JwClbm0RITzaMZ3A8DI
Green Motion Car Rental Wellington Airport,ChIJN1uDWLe1cm0RRyB0EZXTqyg
Savvy Chauffeur’s Limited,ChIJfZmTtm4_DW0R_xGZCqrpiiQ
Portview Autos,ChIJm0maN2lMFG0RD7lPwLcmQAo
Taranaki Trailers,ChIJ-Q6J3YtPFG0Rh-KRpWf5c9c
Altezza World,ChIJ3_OpQHlBDW0RAmH7zqjWpbk
FRAM Filters,ChIJg45ttqmscm0RYuAuiscjSxI
Mannies Meeting Spot,ChIJIX7NEQBBDW0RVDWIhxcDRRc
Dr. Tint & Wrap Palmerston north,ChIJFbwbnNBNQG0Rkx4_DzBRJxc
Lock Fiordland,ChIJGSLXnegP1KkRqiexhKXPl90
Tyre Link Turangi Ltd,ChIJAw9mZaG7a20RYat82Yi1FGM
Petrol station,ChIJ-eoXBwCpOW0Rg42NXclJ6KM
LifeSafer Alcohol Interlock,ChIJ_bysWmGzaW0RMZ7fBpzMbN4
Little Bay Beach,ChIJXYOGfQD_cm0RkAlgavl_t-w
Camperland - Campervan Rental Queenstown,ChIJV5Obgwwf1akRJnvtBqKkpGo
Arrojo Garage,ChIJGcYAD2jh1KkR1tdRroZtvag
bp charge Charging Station,ChIJue7scWge1akR5br1axoNJCE
APEX RC NZ,ChIJJZC3bwE7DW0RhYOV-Q0FwXk
DentLabNZ,ChIJQUfmfl53bm0RpXh1ynXz6N0
Zero Charging Station,ChIJu3IGh2cZMm0RKSJ0l8Uxxtg
Lumicar Care,ChIJRQANRrQ6KYQRMijvfrvbuF8
Custom Trucks,ChIJ4Vi1YRD1MW0RIt5HIne5P-o
Zero Charging Station,ChIJdeJ5CWcZMm0RNhKKJ8c5BC4
NatureSpark Auto Clean,ChIJKcL8x7dHDW0RY6iZ1hj1Ins
DENZA Auckland City,ChIJmW7K3ZdJDW0R9YdX5866R78
Jade Automotive Limited,ChIJufScg_aJMW0RGb4NvowwFQo
Osaka Cars,ChIJ-QsHDfKJMW0RLpjXbralXsM
AUCKLAND CAR PARTS LTD,ChIJIwYURgBTDW0RDT6Golpg53c
Te Puke WOF & Tyre Limited,ChIJT2YOhcR5bm0R-kusL-gmVlc
Wholesale Cars,ChIJ1ZczgZNPDW0Ri0iBqzV3NYQ
Stallion Motors,ChIJuamvNcg5DW0RPijsttoryvs
Summit Diesel Services,ChIJFeg1FwBVDW0RfQzfCSTTOdo
AA Driver & Vehicle Licensing Agent - Kaitaia,ChIJ-dtWh6B1CW0RkJxcXsQ2gxA
Scorpion panel & paint,ChIJRad6ZzIjbW0R8EFwVuY1css
Auckland Rover Car Club,ChIJ_W5fOU1PDW0Rmb-7wqgLW70
Sharks Auto Care & Transport,ChIJd1lSUW9Zbm0RvNrEMl29yYM
National Auto Wholesalers,ChIJHUoz3JSrOG0RvIwuhFSIOjo
Powertarps NZ,ChIJ50u5EwAnbG0R5Soyi7h5JRs
S.A.Automotive,ChIJ171lfbNIDW0RzW3xL40JOao
Blockhouse Bay Beach Reserve - Parking Lot,ChIJdc98fQBFDW0Rb9sj7d1GlDs
Easi Sell,ChIJ8Rdw0sCLMW0RLGaMGs_tiew
Truck Whisperer NZ,ChIJ1cXiyW8nbG0Rlvib4dTrYSU
#9 Car Detailing,ChIJjxSCdIeLMW0REdZi_CMlC8M
Car Park,ChIJ94czGwATLKgRAVERgfd1byE
Mamaku Annual CAR SHOW,ChIJKRIN9_07bG0R94zz3b1Ij1o
Cheap Tyres Rotorua,ChIJuSZhdr0nbG0RESUA39vK2RU
TT Panel and Paint,ChIJz-zYOvVfDW0RoQSf2qJ5XIc
XPENG North Shore,ChIJT9WzWQA5DW0RTNYlwUnA1N8
LifeSafer Alcohol Interlock,ChIJu4tA93YnbG0R95tZsql45Ro
GAC North Shore,ChIJmxIhAQA5DW0RskdqiBbynQA
Stunning Views Kitchen Gym Swimming Pool Car Park,ChIJk8R2c9Y5DW0Ry4KIj7J5KtY
Oli Campers,ChIJ4TrlSv6sI6sR19QZC_Ow9tI
Nova Charge Hub Charging Station,ChIJMTRPYw0SDG0RwzS0hFQMiDc
"Secure Parking - 56 Grafton Road, Grafton Auckland Car Park",ChIJN10-jbdHDW0R7maNir0UQn8
Mount Victoria Parking,ChIJfdr1KwA3DW0RGI_scjCO9Ys
Crown Lift Trucks - Cromwell,ChIJH8hU_HrVKqgRDOOQ-kEmp7w
Auto Super Shoppes Ns's Premium Automotive Centres,ChIJSQz5RynVKqgRUXtvJbC9wmU
AA Napier,ChIJd3FPKQBLaG0R4fFBKWZcx2I
Takanini Automotive,ChIJCTetCKNSDW0RDzmQEtcQDJE
Rnitro Ltd,ChIJF5VSIftPDW0R7-52jnGHAho
Forever2wheels,ChIJAW5edEHd0qkREUaTWQC06Rw
"TMC Hamilton - GWM, GAC, Honda & Mahindra",ChIJo2_UPp8jbW0RoXSeSUi5zYU
M garage,ChIJtwzBQaRLDW0RLlBoYZWEYxo
JCC campervans,ChIJDWmHittPDW0R-Tvb0m9LBfU
C4 Autos,ChIJD934YwBNQG0RPPsZ2rtK8-0
Lake Brunner Marine,ChIJt5DZJQALL20RZzBXeh0szTc
Team Hutchinson - All Makes,ChIJxbh4ZwCLMW0R6DRVvXkFIng
MAC Ute Accessories,ChIJEWms5tRMQG0RE3brm8G2Jto
Southpac Trucks Limited,ChIJp6T5mBCTO20R4k9QsmKLD2w
Supreme Caravans,ChIJp2gD8wxNQG0RL3y7xlPSs4w
Leader Caravans,ChIJ_4fZeMtNQG0RGoGaiFuy-6A
AZ TranzGroup LTD,ChIJt981D44aMGERez0usdkJdgg
Avon City Paint and Panel,ChIJZY4KhMP1MW0RfhdDsSmX638
Smithys Modified Certifications,ChIJJ9Hd7r71MW0R1TNeXI-KROY
Relevé Dance,ChIJx8YMM1FBDW0RzBSmZDI4b68
Kowhai Kids Club Riverhills,ChIJVQZdxWJLDW0RMNRuaKbFKqY
SIP Abacus Epsom & Remuera,ChIJnbxBF9ZJDW0RdPfHYnlNc-Y
Ecole Francaise Internationale Auckland,ChIJKxWt0rZJDW0Rns0LGOLhcQc
Foto Factory by DP,ChIJsWJBOgBHDW0RjvqzZqb3T6o
Academia de Español,ChIJh2ynI5hJDW0Rjq7eOsjfw6g
Takaanini Playcentre,ChIJlWDNs95TDW0R12175dncz6c
Target IELTS AND PTE Training(Target Language Academy),ChIJR4qwU2Wtcm0RXDUb5KZpCbA
Jade Stack Design Office,ChIJWeKaTQAVDW0Ro9bccUxMdZY
V&M NZ Limited,ChIJ3Wkkiw9NDW0RKQCSZMfon0c
Xokleng Flooring,ChIJuwmOVwBTDW0Rxv9D95WpMyg
Quality Construction Clean Ltd,ChIJcQgbrN71HyQRT7ZWMDS-nIc
W Construction Limited,ChIJ_2jMsHlJDW0RJ8ffjgu271s
Latitude Homes - Clevedon Showhome (COMING SOON),ChIJnUAd4v6xcm0R8jK3PtwMUnk
Onetangi Haven - Onetangi Holiday Home,ChIJvdYmKebIcm0RJDrV4btX3e8
Dudleys Nail Bar,ChIJ9cPw0R5JDW0Rm96ktN703YE
Taylored Group,ChIJS6vtD2kez6gRuQF9jGdCRCU
F W Contracting Ltd,ChIJrXm_mGMbDW0RK3VqvUSfAcY
Trusted Insulation | Rehmat Project Builders Limited,ChIJIx6fjqxTDW0RJW1MqX6rSSs
Forest Products Exchange,ChIJC6tPWmVDDW0RuNRRlZvNqek
WePro HVAC and AC solutions,ChIJTwSNSwA7DW0R2NtZEdZqaYU
Cabin King Builders,ChIJ307BMgBNDW0RqJe8cMt3hBE
Destiny Homes,ChIJY5t7m8RHDW0RjI2AIG_rifA
NAL Civil & Structural Engineers Limited,ChIJ5RrhPQBHDW0R5-mWUaUL-hQ
Dixon Projects Limited,ChIJEZmW2pdNDW0RgGl_IA9v96k
Kate Pilot Design,ChIJmVw0_kHwNYMRyv0LJ4Dj4bo
Mkt mechanical and engineering ltd,ChIJz3nHi9kBbW0Rw3nsP4ouO9E
Harbottle electrical,ChIJ7REqaKlhOgoRG9uvYyUNBPA
Engineered,ChIJdySjjDhNDW0RW_LmmSpBlso
Cyrus Electrical Engineering Ltd,ChIJfQ9cvWJZDW0RtH_oOl7maR8
CYBERAGE LIMITED,ChIJ72sPauxLDW0RImNDG26--p8
VMLogics,ChIJ4R9YHxlNDW0RgW_vTMYsPd8
Captain Leo Maps,ChIJE_QMPvs9DW0Rr20UI4TOnwI
LWD Porjects,ChIJMyKwxu0_DW0Rib75FGCPD3k
BMC Software (New Zealand),ChIJ164agvBHDW0RjIPOu3ViqTE
boostAI,ChIJqxCmlhdFDW0RF--wJqr-MB8
StaffCV,ChIJO8z3Cg9IDW0RYcJn78tSkQ0
Wootz Limited,ChIJq81HmS5HDW0RZRrOeVTP9yg
pacific Ict,ChIJb85ORWJMDW0RtGMUF15b57E
DIVINE LOGISTICS LTD,ChIJdZTcvmRMDW0RYIbVYoYNTBo
Longevity360 Osteopathy- North Shore Auckland,ChIJBwV3Y3Q7DW0RDlDJYVP15UU
Volt Convenience,ChIJc8XqGwBHDW0R-mJqPhkHvz8
ZAZA DESSERT JUNGLE - Sylvia Park,ChIJebhGJRpJDW0R96KtH2wf6ig
Helleby Meats,ChIJTfzLZgBPDW0RI1vL0-99kro
Tasman Mart,ChIJF1BbEdI5DW0R7bOf-WzbQNk
华洋保健品Glenfield店 HY Health Wairau Valley,ChIJIVqeU4I5DW0RweyaaG4imgU
Snellsbeach convenience store,ChIJlzPdaNHZDG0RDt3Op2q5U94
Raw Pet Food Express,ChIJbSK1O0hVbW0RLoArzWVF1ew
88 convenience store,ChIJkbgmyZ1HDW0RFeBpbWVv24I
Glen Eden Convenience Store,ChIJ9XRbQQBBDW0RZ7EXXhWLkwE
Cuppy-Cakes,ChIJdVT75ctBDW0RA1POtv14FDA
Roseland Woolworths,ChIJzzDdTwCtcm0RSWNZn4ltgDg
Belmont Superette and Lotto,ChIJAzQmGwA3DW0RmHZMfezaKU4
Sunnynook Dairy,ChIJAZ3qMQA7DW0RdWg2_4RES0g
Circle K Symonds Street,ChIJpb6rPgBHDW0RJn7M64EaBZg
Challen dairy 2 challen close takanini,ChIJ9997dgZTDW0RUeYUSJhyYzg
4 Point Convenience Store,ChIJNayDKMNHDW0Rss3h_xCJxwA
Island Basket,ChIJixK8qH7Jcm0RH4LLgrTq3NM
Park Green General Store,ChIJdQJoinxTDW0R-Ve7g85_TEI
Ningji 柠季手打柠檬茶,ChIJ-UWkVgBHDW0RdFVOH920Zw8
Localito,ChIJSdCFHABHDW0REmm13slg8Pg
Arya Group Limited,ChIJjaD3IGDpDG0R9T_3YW3OBZM
Top 1 Supermarket,ChIJhQrYUcdNDW0RowXSw5ICb8U
The Waiheke Butcher,ChIJqX0WV-DLcm0RiPe1j1IOFiA
Delights For All,ChIJ1U4EgT9TDW0RAZAEDpT1wgA
Sunshine Superette,ChIJKV2VBQBHDW0RMLu90MPPg-Y
Day & Night convenience OPEN 24/7 GULL,ChIJXb8LeQBPDW0Re4rMmjjUKYw
Sun Wing Tai Ltd,ChIJr9n314NLDW0RwQyH0kkqMNA
Simply sweet by Tayla,ChIJp1KUDmS1cm0R2XQvXqk25ds
Mangere Bakehouse,ChIJy35aAwBPDW0RxVwaDa4h5i0
Fluffy Monsta Cakery Albany,ChIJjdOu2uo7DW0R_-j8lzvnyaQ
Thirsty Liquor Ellerslie,ChIJsVHeYUpJDW0R3_s9u6n-eCw
甜蜜时光 sweet time,ChIJnfYlUXU7DW0R6f4YN5xaG8o
Kingford Bakery,ChIJuW88OgBPDW0RJv1DdmAQm9o
RSB,ChIJ2TzVPA87DW0RPvFf9YYl4t0
Muzza's Pies,ChIJU0IvCQA5DW0RrE87BWEc0uU
Moederland Auckland - Browns Bay,ChIJOQi7QSk7DW0ROb3Da7KiEGw
Allum Bakery,ChIJeVFDWABJDW0RBcwuJ2g9fCA
Eden Mart,ChIJUcVN8dpHDW0RNn8mOT8lGVg
鲜记肉品中区店Meat Masters,ChIJZ6-uZgBHDW0RhdXJ3-yRGGM
AO Superette,ChIJMeHwIwBHDW0R4Hs8ZiuEpnE
Flip,ChIJOzk30zNHDW0RzWYeYzFO-yQ
好乐购 Hello Buy Supermarket,ChIJT7K45JBHDW0Rrtvwwuc1jH0
The convenience store,ChIJ0eEaTwBBDW0RMlXZIdAi-fM
Grab Mart Convenience Store,ChIJ--X6KQBBDW0RKOsNdq2A4uU
Runciman bakery,ChIJ03pnWACrcm0RQ21iWrKkb5o
Baked with Love,ChIJk3OzXg1VbW0R7q4Y9om6fDE
ButcherCuts,ChIJaURbAPNHDW0RhtmCMNgeok8
Red Velvet Gelato,ChIJJy5DdnVHDW0RwVT72Z0UGi8
Manurewa Suprette,ChIJnRJWytFTDW0Rk448kbqxERQ
SUNRISE SUPERMART,ChIJ4TSyOwBTDW0RvE4hoS7KFSs
Honey Springs,ChIJYz4OIwBJDW0R_lRn08FsE3c
Berry Jam,ChIJZfufVAA7DW0RvbK4aYwsONY
Supa Supermarket,ChIJNb9_5ShNDW0RCDDKRngNxRI
"Bottle-O Mt. Albert , New north road",ChIJ3-8IGBtHDW0RBWytPKaqec0
Pasa dairy,ChIJx4Q0VOdHDW0RzES1pq0xpcE
Lakdiv New Lynn,ChIJq2hnVgBHDW0RiyGUMWk9OhM
Ellis Ave Superette,ChIJ7e98YABHDW0RW_4earaQ0ig
Ice cream house,ChIJfbMCcslNDW0RiXMWcLn3mOw
Mily’s bakery & take away,ChIJ3dEHMoDJcm0R04ZJqUTooOQ
One Stop Dairy,ChIJfc6T9yZHDW0RE6M3lkYbU0A
Vape World,ChIJ6TwKJftBDW0RDU5-4gKrFB4
The Cheese Board,ChIJq7AwkfhLDW0RsF3eQgpMxAc
Teamsports Building,ChIJ_3rVXQCtcm0Rlh9W351HMZw
ABC Manukau Office,ChIJXXm2bQBNDW0Rxce017loj1s
Te Piringa Āhuru Support Hub,ChIJJwBuXRxNDW0RoBqwsUPFTEI
Paws and Toes,ChIJrf_xC7JNDW0R-moszpHZ16U
Brasileirinhos Aotearoa New Zealand Charitable Trust,ChIJ01B70BNBDW0RxmI3APmeya8
He Whare Korowai,ChIJNfIdcwBBDW0R1h1dYb813Qk
忒博国王,ChIJI-bOIQBHDW0RteresJmP4LI
Failoa Famili Trust,ChIJmSlHQHRNDW0RiXM6pGbVg5s
Kahiau Wellbeing,ChIJ4SDAHZFBDW0RubxIa2_xDZc
clothing bin,ChIJhzu7FAA7DW0R4t9zz6ut1oY
Te Tupu o te Tōrea Early Learning Centre,ChIJy9xnHg1JDW0REklEZ8Bg_7M
The Hyphen Project,ChIJQyAZuKRJDW0RS_AF2hbszII
Almost Local Limited,ChIJUxwJDNVLDW0Rqcchkpl5SvE
Rural Mow Remote,ChIJcdsmrLIlDW0RSUt03hXFOMc
WAVES Trust,ChIJu0Ghx7VBDW0RWfZ9if0M_9g
261 Fearless Club New Zealand - Howick,ChIJW5ujDGdLDW0R88euWAiYLvg
TĪMATANGA AROHA LIMITED,ChIJu38m5sJBDW0R2_uRqSTq0TY
Tanekaha Road Book Shed,ChIJJ8fNMQBDDW0RFRqRzq3hjoM
Mingxing Mindful Peace Yard 明行静心小院,ChIJP4YdEwBLDW0RoS5wQ7OptpI
Laura Fergusson Trust - Auckland,ChIJb5u2-OtHDW0RVVjjsaSZ_ig
Wellness Hub Warkworth area,ChIJxwNvk1zdDG0RnSKkcWUCm-U
Mangere Enviro hub,ChIJm3XbkI9PDW0Ri9wiZ6WMvjk
Baskets Plus Community Hub,ChIJCe5ThCPdDG0RTq-WyfzovnE
Emergency social services,ChIJjSnn8YZNDW0R5rvbv5ndU-c
SthsdzEstate,ChIJSRccbalTbW0R_Gm7F1pw9G0
Summerset Residents Association - Finance,ChIJoaMx0iNJDW0R5iZ3vyc3URk
Global Women,ChIJqQoLV_xHDW0Rbh7XBSkxrPM
Waiheke Island Oneroa,ChIJ2UYvPN_Lcm0RM-sI6jCK0ls
3 Kakahi road,ChIJpROdOQC1cm0RXwMjJj9hj6U
NZ Powder Pros,ChIJoTTsMQBNDW0RykPluNgQ7U4
Aegis Products LTD,ChIJY281rYQ7DW0RNkNbTuxe6AM
JNE Innovations Ltd,ChIJocZTZwA7DW0RDN0Ni32xEMg
Elevate Aesthetics,ChIJ_8pNpcI7DW0RZPLoKO0hESs
"AirSpace Machinery Co., Ltd.",ChIJ-1MhwiVJDW0Rp9Md_UaW3ak
Tribal Guitars NZ,ChIJ5TLShEtTDW0RYq8T9MHzOto
Apexx Ltd,ChIJ9d6bozFTDW0RU23E_nAhHXw
SEA Containers NZ,ChIJqcYyS-JPDW0RsIn_ePWsCP4
Trane,ChIJWciFqSJPDW0RZOiOSucxkFM
Fab's Home,ChIJlzkfcgBHDW0R4LJ19O9jAiE
5/6 woodhouse place,ChIJN3uLPAA_DW0R3y79OdMsS2A
Impressive Prints Limited,ChIJYVKRd4trDW0Rj3Hu9BzXTuI
Big River Industries Ltd,ChIJNa5cstY_DW0RRp0PniAIFrU
金石门窗,ChIJy3AjMwA_DW0Rymu5aLDs2YQ
The Great Hiring Company,ChIJqdLSqb9HDW0RSd_uDH6lXQo
Floor Buddy,ChIJk8wYJV5HDW0RVqvjAZxLLp0
Stamps Plus,ChIJ_4ibHmI5DW0R9lIr7rCRnIM
Forest Hills north,ChIJ4WPkYwA5DW0RR9mUplWKGFs
The Rosey - Screen Production Base,ChIJVR-6Pr9BDW0RbVkvy6TUtyo
Skylines Downunder limited,ChIJk9ve2Sc5DW0R8QXjJJ15fhs
23 Cumberland Avenue,ChIJgUS36_FHDW0RXwMoVRmm834
"SunCraft NZ, Ltd",ChIJSVOalKNHDW0RJn0T_nwjYew
Oakridge Farm,ChIJu9XJEgAVDW0Rb4xxTuqu3fQ
Rock n Roll Food Trailers,ChIJoc2wfEZTDW0RsBSQUIIc-dY
Kucina ni Gracia,ChIJrUyOKXRTDW0RzP2X6N4VK-o
Cloud8 Glow,ChIJT8l60UhJDW0R6ZF5QawsF8w
458 Waymouth Road Manurewa,ChIJ6zPrLQBTDW0RNnqT49Vrs5U
Affordable Concrete Pumps Limited,ChIJiWg1qRBVJi0R_l-pb7tf5Ro
JOIN THE MOVMT,ChIJxQwNGMNHDW0REfzzH3OrpvE
Pelvic Care Physiotherapy,ChIJFwXPXYRLDW0Rp3lssWWLfbU
Pelvic Care Physiotherapy,ChIJ_7pGukxHDW0RBvrJ0ArD8yI
North Shore Hand Therapy - Northcote,ChIJ4Yo2qw85DW0RyHnuigYa6Kw
Kolmar Physiotherapy,ChIJVQoQyCpMDW0Rme2OS7p8XVc
Care Rehab Physio-Pakuranga & Howick Clinic,ChIJe9r7cApLDW0RdNsfGXz-A2Y
Habit Health St John's,ChIJQ3FXw39JDW0RrK4p1VUmdWs
Polio NZ,ChIJeZNiQcVHDW0RSGDV4aVRseE
Cosmetech Engineering,ChIJfUMkVJ9HDW0Rvk7PRiMhcy4
LIERON ENGINEERING LIMITED,ChIJk-g3sHtBDW0RYm5llT2XWnE
ION Automation,ChIJGZRShhjvqqsRHWLVOGChy2U
Instrutech Solutions ltd,ChIJjYa9xqV5pGMRZc8gyhox7Tk
Puniho engineering,ChIJycQbCQDNFW0R6VkasAITH0Y
MOAETEAU BROTHERS AUTO REPAIR LTD,ChIJNUqpepdPDW0R7DD98RXQdYY
HeliAg Ltd,ChIJ512ZjC7raW0RlLw52XnLMj8
Windsor Engineering,ChIJ739sOgCLMW0R0gsTtwfNr-o
David Ludemann Spraying,ChIJA4xYfmeXKagRbVmCLBqyHSo
SupplyMate Limited,ChIJuxoQCguJMW0Rn7fzTGYYvQ0
RBM engineering,ChIJmVF4SwDRbW0Ro3fWdOd-r2E
Equine Engineering,ChIJ5-ve6Cm3cm0RdvNUKoXjwRY
Ikon Engineering Development,ChIJ7zVEiZ1LDW0RXjN2zGyzSpI
Nathan Thwaites Engineering,ChIJpZwwPcDD0qkRr1HGhfU6jD8
Flexiseeder,ChIJ6WLGPjMeMm0RbszPnVNIlL4
Argus ManuTech,ChIJh5hU0ZonMm0RSQqIqz0vMR0
Boon Agriculture,ChIJT0p976MHLm0RtqvBMPZIzL4
Gisborne Engineering,ChIJF7UJLgB3Zm0Rq5-bs7ziUv8
Ag Hub Ltd,ChIJV7795IFKQG0RsjMjl0WUhI0
Hayley Bostock Hair,ChIJuw5XW7E7DW0R-qVZVrhVDOA
Jacqueline Joe Hair,ChIJLVTiBIxHDW0RWjdxD0W9flo
Barber Armani,ChIJVYulUjdHDW0RMYdfU32mnAc
Sunny Haircut,ChIJV8rWHghLDW0RLS-AOMVmbak
Caz Glow & Co.,ChIJybTxHodLDW0RWYLOQm4jOqU
Levelupcuts,ChIJ2QZJxC5LDW0RVSyYbcaDc0E
Park And Cut,ChIJVwY4sZ45DW0R7PLLZi-7Ghk
Nails Nest,ChIJH9UaELhFDW0RI77-5N00sIU
The Gel Nail Lab,ChIJkX4a6xk_DW0RWbE0xnujHPg
Cut Creation Barbers,ChIJmxv1DjI7DW0R6tlGYVIez9s
Fade&Chill,ChIJw5NZ3Lg7DW0RnTtR_U7emC4
Shanice Michaela Hair,ChIJ2fPFJAk7DW0RPaQFOHR1IKY
Overflow Lounge Northshore,ChIJnedK4UI5DW0ReLEyw3-VeCU
Karan Barber,ChIJwY6mi4yVumYRcfpuH7tj-Sc
Fernanda Santoro Makeup Artist & Hairdresser,ChIJBUmZcwA3DW0RVhTdP0QUHGE
EJN HAIR LIMITED,ChIJeezM7UBNDW0RpKewerZZvHI
ClipperKings Barbershop Hillcrest,ChIJLaEPy_A5DW0RpcT0YCqr-aE
SP Hair Therapy,ChIJ326XfADdDG0RKLBEO3i-QMs
ECM Sun Lounge,ChIJndXu243dDG0RjPK1WSK9-K4
S'line Luxe,ChIJzcAEP-JNDW0RnxY2nbneeKs
Zenova Massage,ChIJFYGnkN07DW0RuOzCcDa1Se8
Mondora Wellness,ChIJmUKPOXtJDW0RURikO_1EoYo
Harmony in Hand - Jason Jackson,ChIJs27ZKQ5JDW0RUNcI1LiFWVg
Essentia Integrative Therapies,ChIJp5RzQNU7DW0RHPDN15mEJq8
TAKE AI,ChIJIz5X7Fg_DW0RG-BbCD-NZu8
Greg Watt Consultants,ChIJ0ThDVKg_DW0RNuWvAr9wIJk
Chadha House Auckland,ChIJM9j-fvytcm0Rx60lC9NXAMs
District Health Nurse,ChIJjXRkbgBTDW0RuHmwShjKJIo
Bazaraa Consulting Engineers NZ,ChIJ92vG8T_Z7YMRT0DKznqMGp0
Linkstate Consulting,ChIJG_HZVUfJcm0RwYndR_SQP5A
NZ Southern Hemisphere International Education Limited,ChIJq9YOUkovDW0RFRiu8Ntb6uA
Botanical Naturopath,ChIJMRyMJwDbDG0Rs5I2k9RCHMo
Haskoning,ChIJ7R9njUJHDW0RGqgSRg_IP1A
T4U Gym,ChIJq4MpU9ZPDW0Reb6gpMmxn1U
AV Intelligence,ChIJUdqDqp0jDW0RNWSCZG0GLXQ
studyinkiwiland,ChIJM62vgsRBDW0RAnch5OyMFK0
makingingold2025,ChIJbYYKIY9BDW0RqET0-63tBDM
InstantFix.NZ,ChIJrzWfTARBDW0RCUIxZVkOszo
Su Ji Ping,ChIJVxPPVi5pDW0RL511cgRuq2A
FitCheck,ChIJ2feUy7Y5DW0RMSD0qpVg1mk
Habiba's Collection,ChIJaX_07BRPDW0R1A1z77IF7o0
Samoa's Designz,ChIJFS6CQNhPDW0R48bMNbfI1eM
cloths of punjab,ChIJ79Bl-lJBDW0Rgdyi1VSJB74
Necrix,ChIJkdO2rB8_DW0RcJgL276fR8A
Bargain Chemist WestCity,ChIJrYD6OGNBDW0RiCX2zrWMHHg
Dildream Garments,ChIJ0QiWGaWrEm0RkIWy95qPS6c
Postie,ChIJA5Vuz9c5DW0Ri6P3yafJWME
Cloakroom Treasures,ChIJ8Z7OY0Stcm0RRD7F7QCxC7g
yayang's closet,ChIJPwPLq01DDW0RDD0Gih7vqB8
Custom Jerseys NZ,ChIJ776thnw5DW0ReTj4nXooTds
YokerX,ChIJSy64T51BDW0RKEYIFK5QMO4
Rotorua,ChIJg5p0bQBTDW0RuRKoLMM7-A8
Divine Diva,ChIJbWEXTmZBDW0Rfg2pyDgfIuo
WOODS Onehunga,ChIJX7WIZwBJDW0R9ZPuk0-c1IE
The Aroha Edit,ChIJmeLDlHFHDW0RF3y4vq_Ed_U
Aura Fashion,ChIJXWatnIhBDW0RGiFcGNZXYAI
Haus of Luxe,ChIJuwKgwbZPDW0ReIWOix1QzFA
Threadz By Srishti,ChIJ2awiEOdBDW0Rzp_WqA6KVs8
Modest Closet,ChIJu-8SRNtBDW0R3488uPKjCyw
Delis boutique,ChIJc3OjFQBBDW0RmIvG9FLp9_0
Forever New Auckland Airport DFO,ChIJ4Zak0BhPDW0RP99W7TwRnPg
Jasmine Fashion,ChIJy07ifxdHDW0RWgUusgZW3N8
Vintage Sounds T-Shirts,ChIJf7VWiN5HDW0R8vNCrqL1uhU
Johnny Bahama,ChIJn0BvIwBPDW0RRy7dBPMkytU
Deep Valley,ChIJX0wPrqxJDW0RBDM_2r2uKmM
Magic Contracting NZ,ChIJ-cGvT6JLDW0Ri2EU11uUnaI
South Auckalnd Firewood,ChIJOY2XfCezcm0RsvDhCE1EWA0
Tom marine and civil construction contractor,ChIJo4HybNdHDW0RFbn8SMD5amU
Brother,ChIJN4HYBwBHDW0Reql1zcKeRDU
Arora house,ChIJx80vdQCtcm0RL38dZaRew58
LIN Roofing Limited,ChIJB0jXbl05DW0RakEZdsk8dPU
Ecoshifter Totara,ChIJuQzCx1Stcm0R75OPxxn4XJ8
YOUNG MASONRY,ChIJn9FGkXFNDW0RPNQjm5Qi68M
Lucy McBride Interiors,ChIJ01lIDENJDW0RKcUFSZJvT18
Tino Tech,ChIJfy1WOwBHDW0RHTZ3pYP-DOw
Fusion Signs & Design Limited,ChIJLXJ5ZyBEDW0RPgCyuBQEiuQ
Construction Pioneers,ChIJ0R9xCxBSDW0RYgNh-fVUn8s
Pastels NZ,ChIJdVIv74xBDW0RBLMdZiub4R0
Avondale Market parking,ChIJZ_VQVgBHDW0RsKoTQ21xlo0
SuperValue Hall Ave,ChIJsYmHcbxODW0RayolsGL6fVw
Los Supermarket,ChIJhzzrcgBPDW0RWwhwI5AWv24
Fresh Halal Meat and Spices,ChIJu3jq0YJTDW0R8Bo-2eE8GM0
klaries cookies,ChIJPevNnok5DW0RL19OzXX5AHA
The Matcha,ChIJocTqo01JDW0RI6ot9twoOg4
Suweetie,ChIJ8c1bj4c5DW0R_2-vJ763n3U
Crown Butchery,ChIJXdgk9wRBDW0Renp-zMEO1Eo
Beachside Bites,ChIJC5BxcfE7DW0Rd2N0q2RwiWI
Pie Eighty8,ChIJ1_A4VgBNDW0RHeDx0ebxwjI
Manukau,ChIJ-xnYLABdDW0Rm8dVXGmLrxA
Makkah Halal Meats,ChIJU6U_XElNDW0Rz10TpNEa78M
易买优品折扣仓 Mt Wellington店,ChIJjbzrnPpJDW0RGoFeo4CdZZU
Village Midwives,ChIJm_bkyCMjDW0RSTgmhQHUwKE
"Orthotic house thames clinic, te korowai hauora O hauraki",ChIJlzWgLQCBcm0Rbm0uKI-5a_k
Craigs Investment Partners North Shore,ChIJkyaCb_05DW0RJiYbnuYPwzE
Loan Market Trish Smith,ChIJvY2kZuY_DW0RC96sEAleZfc
Wedding and Funeral Celebrant,ChIJUQqyVLU_DW0REBct6xVOGYo
Ramsgate Advisors,ChIJpTOvig9IDW0RyVTOW0MvXqo
UFinance,ChIJD0_kMFqtcm0Rs622QrxwNbQ
Geoff Mackenzie,ChIJD7sbReM7DW0RPueIt0priJE
Luxe Nails & Spa,ChIJkXqHLNpNDW0REVU8O6wdnu8
Ivory Nails Studio,ChIJuwAZUnxBDW0RIu5Dhqu4nzM
Gym Bunny Nails,ChIJ0474G3hHDW0RyJUrnUWIKt4
Mannat's Nails,ChIJW1UXQQBBDW0RCYCgxiGvyRQ
高丽太后偏殿,ChIJu9BCCQBLDW0ROe6P8A0ZESw
Zara & Co Beauty,ChIJU1QBjJI3DW0RLPIBU3fNJr0
Five Stars Beauty Supply,ChIJX6qfON9NDW0RvSeJKzBzT4I
Crystal nails,ChIJ6StIxTtHDW0RGU4OBZdJeGk
NZHL Northwest Auckland (NZ Home Loans),ChIJyzvzGCJHDW0RxT9ZDWzskG8
Apartment Mortgages,ChIJgUXFQfSisIMRT4d_Y5xcP2s
0800Rachna Mortages & Insurance,ChIJc1lsYnJJDW0RuePfNiadj7g
Loan Market合鑫信贷,ChIJq2EbmjA5DW0Rxc8QGyt1wy4
"Go Waka Car Finance (Ford Ranger, Toyota Hilux, Fully Done Up 4WD & 2WD UTE`s) with Zero Deposit Finance",ChIJjTFZJfJPDW0R5VTWi_0wxYY
Nz mortgage adviser institute,ChIJR0sT50w5DW0R_630k7gzeR8
First Capital Group,ChIJd-ZLl9U7DW0Rb-YyymIZcKk
Dura Capital,ChIJlUaNnr9JDW0Ro2Mgw6sQI7g
Empro Workforce Solutions,ChIJI2mE-KZTDW0RmKDIVkp4ZKY
Acclime New Zealand (Auckland CBD),ChIJcyBbvAtHDW0RSyRpF65_G74
Healthy Home Assessment NZ - Reliable Home Care Solutions,ChIJ0zb1SUGGpGERwCm8OiKgDT0
Stones,ChIJARj34NhHDW0RNlZCyI9zjDY
CompliSmarty,ChIJweGjSGNHDW0RPL9gUmVTyPA
The Scott Collective,ChIJ7R0v3BRHDW0R8Sh4wr3Mpqg
Outrun Global,ChIJ6Tl2rFBHDW0RPv7YZHVAsfU
PBIwise,ChIJrSh9Q1QjDW0RgpBYh4Sc0lI
Kornastone Services,ChIJD5n7_NlHDW0RogHcAn6NipA
ROIassurance,ChIJ-ciqP_pHDW0RWLqftliBo5Y
Walkerscott Ltd,ChIJIThCXclHDW0RMzCDzj3RDGg
blackie engineering,ChIJR45uyrdHDW0RnJEKSFRQt0M
Elka Healthcare Services NZ Ltd,ChIJGduKHUhLDW0R6MjqIcpSGCQ
Haven Care,ChIJI1QL-XD5aAIRG0JKQ4bPsZM
Kerry Manning - Intimo Stylist,ChIJ2a17KhG1cm0RHgtwoaVHhW4
Jennifer Levick Osteopathy,ChIJn4nXUgA5DW0RVki2G-h6xPI
Cemetery (Paul),ChIJ4c-UDQBBDW0REwD14NUJDxc
Chapel of Faith in the Oaks (Waikumete Cemetery),ChIJkYHNTgBBDW0Rf_ufSpICPWE
Drury cemetary,ChIJr4CRMwCtcm0R9RoEHkTvvQ8
Bob White Lounge (Manukau Memorial Gardens),ChIJxwpjWgBPDW0R4RqKeAAKMFM
Halo Funeral Services,ChIJ5T8zbgBJDW0R-oMlTBm8GDI
Auckland Asian Funerals,ChIJnxlXNM9JDW0RuMHQgSmyHiI
Auckland Lawn Mowing & Garden Care,ChIJiYAx90Wtcm0Rv0ztTCWYYyA
Brush & Roll Painters Ltd,ChIJd0uXdZlLDW0R5oHBSYyAZUc
Star Sales and Marketing Limited,ChIJP_3bXctPDW0Rd4jFmfJV_mY
Desi Tattoo NZ,ChIJ70xnG5ZPDW0RwjTnQsrQsKQ
Smart Golf NZ/AU,ChIJWd-WPeNHDW0RqBO--ZCQcsU
Yeah Shop! NZ,ChIJdwdcmGFBDW0RyR5S6CaA7rM
Memory Magnets,ChIJZzR3MDI3DW0RtaA73kx8w0U
Dokha Blockhouse Bay Cigar Shop,ChIJnWZ_YuVFDW0RTnIrw0Ciro4
pack pro,ChIJwdd65-lHDW0RNLaJ7lPdq3g
SD Boots,ChIJERRkkWRHDW0RISIAz_tFYTI
SeroferoNZ,ChIJfVcpJjVHDW0ROOG1gfPKQWk
South Auckland Leegar Thaiboxing Gym,ChIJa9jI6ZdTDW0RrzszBXHxrKQ
Mr Xu Frozen Yogurt,ChIJwettJzBHDW0RcL7ach6Yzcs
NZ PHONE REPAIRS,ChIJg32crT5HDW0RYOAyTplk2KQ
Petzy Mart,ChIJ76hZnSlBDW0Rr1DLe7hkEls
Tony,ChIJBUoMZrdBDW0Rc2tUlD2wY9c
Highway Society,ChIJcycPdLqnEm0Rkih3vSTN9wM
Lissy's Precious Petals,ChIJv0-KcWBZDW0ROLOksDeD9_s
UGG Express - UGG Boots NZ - Auckland Airport,ChIJR7_lo_FPDW0R-uTB7V5yU54
Dollar mart,ChIJj0NGUgCnEm0RgzpY09S40lY
Afiyah Pilates,ChIJZaoJ9g5HDW0RlWDTV0iKeEQ
Siam Rachan,ChIJq7G_3bJBDW0R9Sq6wBxCFjI
Xpressions Gymnastics,ChIJOSfRp2U_DW0RIBOGlj_Rh5o
Saiga-12 Muay Thai,ChIJd9x_YAg7DW0R3QOoxeZ8aDY
Gym Equip,ChIJQzj0U707DW0RGab4dHcpo8w
Studio Solea,ChIJXSOLXxFHDW0RAARCfC4eX0k
Hyperice NZ,ChIJM6N2Oy1HDW0R0KR21jXRI-A
gym,ChIJXZunZwBBDW0RQpwAmEOvBQ4
STRONG Pilates Silverdale,ChIJD08nYe8jDW0RiRkmnb5BWhg
Dley Team Boxing Gym,ChIJoRg4twJTDW0RsSfYv996TnI
All in Boxing,ChIJxyisaQBTDW0Rz970PzlQ1XI
Carla's Clinical Pilates,ChIJA3nfreAjDW0RB1_5b9sDan0
Iconic Fitness nz,ChIJq2B4No3fDG0RYnvnmD_f7xg
Come to your daddy,ChIJvVCbMgBNDW0Rj8hFthYe2vE
Live Wild,ChIJR6eXAACtcm0RX3RGMFTSbMI
Beachcomber Orewa 200m from Bars and Restaurants across the road from the beach,ChIJISEQnwEkDW0Rwqh3s-9ZlOU
Hauraki home brew,ChIJqf-yPwA7DW0R-EWfWuTgj8M
Strand Wine Bar,ChIJV0NH5Lo5DW0RNKm3365GRZg
funnytbk,ChIJAT8dP585DW0Rt3VISGTKCJw
Travis' Bar,ChIJU7MeHs45DW0RRKoECiNgbNE
Mr Stevens Cocktail & Wine Bar,ChIJh88vXwBJDW0RyGDYGjhmp9c
Harpos,ChIJs-kGVgBHDW0RfCxm9KasrmA
Froggy Ball,ChIJ5bm9KrNJDW0Rz9CeqUQf5d8
BEAUMONT,ChIJJbb_xSRHDW0RjOHWGrBPXzY
Estelle's Bar,ChIJ-UyEg7NHDW0RBJa1dDfqQQM
Big Bad Baz Brewing,ChIJf9Vm1rY5DW0RWOjqEXEzk8w
Two Fat Cows,ChIJmcqGkqescm0R_DitnrN-cl4
Trizone Electrical LTD (Electrical Residential Commercial Heat Pump Security Camera),ChIJwUPecrtTDW0RWFhOJIYBvxU
Techpro St Lukes,ChIJQzZ2wnRHDW0Rj4DiE0D1coY
DM Jepsen Photography,ChIJu563eLyxcm0R38ViFkCYPdY
FireFly.Kiwi.NZ – Photography / Webdesign,ChIJZbpRddtKDW0RMrcXNbpd2bQ
Ruhaab Photoworks LTD,ChIJuQklaQCzcm0RI9qPlr3y4YE
Nabil,ChIJ36S5HgA5DW0RjbYxBp4kMCc
L8N's,ChIJS79DMAA5DW0R5KjiyUyG8cg
Lusia Ah Kuoi,ChIJQ9EGuUVPDW0Rm2ixAvMEIHQ
Pablo a Correa Photographer,ChIJ9aaW1XxBDW0RVdzNRh99GYI
Sheila Elaine Photography,ChIJWzhJXMo7DW0RaFOFdjiKoX4
Photographer and videographer,ChIJN4VoCqFrDW0RIRe_rgtnmCM
Passion Photography,ChIJs21recNHDW0RhcIDX1HtKhc
tobiez,ChIJGTZZxClLDW0RYp3w4oSH4sQ
Taken by Sashini,ChIJK8ntRk5BDW0RjKsteZpttR8
Pado ki rani,ChIJva9v_elPDW0RO5_B9qDZEYM
Oak and Echo,ChIJRa3ypYYRDW0RrR_cHC3jhhg
FireFly.Kiwi.NZ – Photography / Webdesign,ChIJoWvt22VLDW0RZ3eHEs0XsD0
Air Pocket Creatives,ChIJ-6StkQZBDW0RLUIlSd0XTUM
ChandragurungPhotography,ChIJh2BV-JRHDW0RzEz9-lbLLgk
Nalisa's Art Gallery,ChIJ70XvtNhHDW0RtrHyWZC9gLY
Photographic Brokering Service,ChIJm4FfMg9IDW0RF46xG9ki3RQ
RINGO New Zealand,ChIJ_XYkFRVJDW0R24GMUyv4HCA
Selfie Studio,ChIJt5VqAgBJDW0RdbAzKvSg8Dk
Keepsake Photo Booths,ChIJQ-1YWeojDW0RVmQCXndPEDU
Tony Ward Photography,ChIJqfCWlOvLcm0R1-ysL96f7R8
And Flowers Limited,ChIJDUiuZhRJDW0REtsZ7IhpOFg
Klaus Pulgo Photography Studio,ChIJ8api8jdHDW0Rj64CnOEsmLU
360 Booth Hire NZ,ChIJgxQiFnZPDW0R1a9gaj_hnfY
Thomas Neal Studio,ChIJkeZ5rJhHDW0RjjWTWbPhvjs
Arthritis Specialist Centre Auckland - Newmarket,ChIJ2d0MKP9JDW0RRdeo5OuXX58
Tasheer visa service centre for KSA,ChIJyWiUCLBHDW0RwHJucG15PbE
VFS Services New Zealand Ltd,ChIJEeHOnSdHDW0Rj5RxvdbMbF8
Waitakere town hall,ChIJ7ygZGgBrDW0RSkYPpgf5yvw
Botany Citizens Advice Bureau,ChIJffViNwBNDW0RbZEK_Rq6Bxk
OneWay Property Care,ChIJrY2iIbVJDW0Rb0oRnCcVGFA
Goddards,ChIJOVE0ZQBPDW0ROTV7GwUyqUQ
Mr Lift Ltd,ChIJ7eSlTwAlDW0Rc0jMnIIwxq4
Ellisa trucks,ChIJJ95Hh6xBDW0RK8iFQRHTrRU
NZ Airport Taxi Transfers,ChIJhSLYEDhHDW0Rq_c-6lxrko8
AUSTRANZ LOGISTICS LIMITED,ChIJnWDpIl1PDW0REvCDDvljqJs
Taxi Trips Waiheke,ChIJ8-2mlDXJcm0RXkWPS_o5hVI
galaxy cabs,ChIJsTrLTQBBDW0RNdnJOZ2TEVM
FRIENDS MOVER AUCKLAND,ChIJsx0ngjKtcm0RdSVA5yaLxV8
New Discount Towing,ChIJh4q57lDj7ggROgGWIhX2Ff0
Ontime Mobility,ChIJRUkdLVnNqK8RkBpJbtr9RmE
NZ Limo & Tours,ChIJb9JmBnpmli0RaIu1ie9MUPQ
"Secure Parking - 2 Ngaire Avenue, Newmarket Auckland Car Park",ChIJb4G3nkdJDW0Rntay-wEolVE
Z Charging Station,ChIJ5wpcE_NIDW0R0kMHU53DOpg
"Secure Parking - 948 East Coast Road, Northcross Car Park",ChIJJbdREkA7DW0R5IvIIj7Kw0k
safex movers ltd,ChIJOd04TJFTDW0Rs3d6KBL_IUU
C.2S ENTERPRISE TRANSPORT SERVICES LIMITED,ChIJUXKbq4gVDW0RoJuBtSBLZWA
Health Shuttles - East Auckland,ChIJI-mtgDlLDW0RQHO2eso_WhE
Brooks Integrated Resources Ltd,ChIJVVW55bG1cm0RCZrgtV34Fmc
Tui Campers,ChIJL48-VwBPDW0REIAkkD34iS0
Pacific Forum Line,ChIJZyb5rqDGJiARakyGLgtAIZ8
Pre-Booked Pick-up,ChIJue1FzOZPDW0RMMEZ1na0vtg
9 wilks Rd dairy flat Albany,ChIJf0_SJAAjDW0Rjqf6BukzR9Y
Ritchies Ascot Depot,ChIJzeRUCQBPDW0RaWu-fN01cQg
YourRide,ChIJQ5XsWPZHDW0RX7uzHNnjRH4
Ryecroft Lodge,ChIJ9QMDKiNJDW0RjH6_Lur2gZ8
Daly Advice,ChIJX5ovTws8K6kRQE-xVaYLOb4
Trust Investments,ChIJlSLKBc5JDW0R6YP6V9FM6fY
Kauri New Zealand Investment Limited (KNZIL),ChIJYeK9k0JHDW0R39KEpLijo8M
MoneyBag,ChIJ4Y_URPlHDW0RA2RTTmzy_aQ
NEXT Park,ChIJA8DbG0M7DW0RQf-pEY_YVas
BNZ Pukekohe,ChIJWxVYEcCrEm0ROFonLeTO6zs
Marsden Asset Management Limited,ChIJxXCWjZRJDW0RlZgpz54RLFY
Universal BitFx,ChIJL4RTeT5HDW0RUAy7tNT4WzM
Harcourts 23 Property Management,ChIJZQEzi1VJDW0R_EF89IOwT0w
SUNZ International Investments Limited,ChIJHXet4_pHDW0RRwgkgUrq3-4
Tony & Gita Investment Limited,ChIJQYSJV6FPDW0R6QX_Es1tzP8
GODLIFE INVESTMENT LTD,ChIJO_ckXQo5DW0RTh0_a9fzzkw
Barn Door Investments Limited,ChIJAazgWrJDDW0R1In-ZiF_GJA
YäRKEN,ChIJ4drR_gJHDW0RFB5gndmK-9Q
Rockfort Markets,ChIJeZkb_WpHDW0Rrbe-uxZyQWQ
Winton Capital Limited,ChIJu2xuPvFHDW0R8wzq0LrvNXw
Manuka Views,ChIJzwxpFgAbDW0RXuBN6rrg1aU
Auckland Northcote Holiday Home/Lake Rd Villa,ChIJPb3w-wM5DW0Rm7kfn2gEjvI
Solsen Motel,ChIJRxdp5LpHDW0Rl98so6sxoFo
SpinCity Lodge Auckland,ChIJWbvJDi1HDW0RxA5l6Lgfzag
Best Western Ellerslie International,ChIJGw9FqIhJDW0R_jAed0341Do
BNBNZ,ChIJ2xNXnVNTDW0RuNdKRuinIX0
Palm Suites - Auckland,ChIJB9vnJbM5DW0Rz1LKHxSOLr0
Edge Craft Barbers,ChIJn9NN7kZPDW0RRSyKXytmi1I
D' Shaver And Comb Barbershop Papatoetoe,ChIJlYyRQmNPDW0RXUlPdnjWUfs
Blendzville,ChIJBUeDx2RNDW0RRNPBfNay99w
Head High Barbershop,ChIJ49apbUFNDW0Rjxgch4tUQWE
Sia Hair,ChIJ8eLBewA5DW0R3RtnZNzTJ5M
Fine Line Barbershop,ChIJrQmjNCg5DW0Rs1dP0u5qggE
TTF Cutz Private Studio,ChIJ81glejOkEU0RCkAP4lu7zr4
Niu'era cutz,ChIJX6VeeChHDW0RC7GsA_8c9ZA
MINISTRY BARBER,ChIJC_AboNU5DW0RWF2GmHRvSgc
HL Barbers,ChIJ_5mGKQARDW0RvWG8431fXVE
changbin salon,ChIJc_D6OgBNDW0R8PB7bEEXYJo
Hobby Lords Takapuna,ChIJdQjwb8o5DW0Ri3SQQwNqZ5E
عملي,ChIJH2ajOABTDW0RDBlHcf82Ymg
Sia Hair Beauty & Barber,ChIJieTGPPtHDW0RWZFdOQMYrOY
The,ChIJhRjiAABNDW0RFu2pdRwPAPU
Duckies,ChIJrYz314dHDW0RUfjd0HAzoYA
The Gateau House Flatbush,ChIJDe1Vl_dMDW0RKQ1x8G59hSk
MIBO,ChIJVSdZ3Ps5DW0RpuEYR3ktFpI
MIKA dessert,ChIJWwwerHs7DW0RX6DbBgMrw-I
The Sweet Flour,ChIJidh8LHY7DW0RJ34i8ZtBwCs
The Nut Hut,ChIJG565QQA7DW0RVs0Ejm9obGw
ナナナかな,ChIJD8nxcABJDW0RkhjwdJCdBVI
Bella Bakes,ChIJxR1iqL4VDW0RDeB6YIICQyE
Ordinary Bakery,ChIJFVBoJ3prDW0RYNAwcbcvcfs
Super market,ChIJ9S-DFQBrDW0RcytpGX-Q2YM
"Construction, framing stage",ChIJCXTqDwBBDW0RwkyP4HO8paw
Gina labeled kitchen,ChIJaRqiPgBTDW0RaDJvtDjK3jI
Cuzys place,ChIJocqndwBTDW0RQQ5HftHiguw
土包子 Tu Bao Zi,ChIJGyR3D28_DW0R0PHlo7T-kz4
Cookie Time Bakery Shop Auckland,ChIJ6XvwlqxBDW0R5IRtO8wO_Mw
Cheese cake store,ChIJ0eDPXABHDW0Re0Vwya1ArEs
Islanders Kitchen Horse for Sale,ChIJkS71cQBHDW0R5z3WtFSmDY8
Foodies Heaven,ChIJYf8KULVHDW0Rb3erWrb-0z8
Ayum & Hensi Limited,ChIJcznAfLRNDW0R_ykM4PcGwVw
Jolly Bears,ChIJxVmwSQBNDW0RcUKGfVEqVYI
Bonzo Burgers Bar,ChIJUc90szJGDW0R2lmTHvoX4DQ
盛唐BBQ中区店 shengtang bbq dominoin rd，店后面有专属停车位,ChIJwRbESkpHDW0Rp03el_VQ8RU
Lucky wok takeaway,ChIJuXOdcACtcm0Rvn1rExkA6qY
Roast House 旺角烧腊,ChIJr_Z87HpHDW0RBdxS7svxawk
Everitt Takeaways & Bakery,ChIJv9ptTTVNDW0RcSVCRKDQpWw
KFC Henderson,ChIJmVBCDgBBDW0R8cX4Ch7SvBE
Taning Lemon Tea 挞柠柠檬茶 (Browns Bay),ChIJAVQLCAw7DW0R-0lwEcxLi98
"JO&JOE Auckland Restaurant, Rooftop & Bar",ChIJZUyPvA1HDW0RL5Fvn8ahYqM
Urban Chowk,ChIJv1KRHadHDW0RapWgo9kOxns
(HALAL) ZamZam Food,ChIJnYLsWkZHDW0Rg0g3gjU4Neo
Couch Bros,ChIJ09zrYCtNDW0R-wRdo77rrnc
Bean Original Coffee,ChIJB53LmEQlDW0R_6PJ9_vQN3k
Sip...,ChIJwShA7E4lDW0RUVgXZr2aSME
Mojo Mosaic,ChIJHxjSCiJHDW0ROv-KbdUm-QM
"The Urban Haven - A serene city retreat, a lovely garden, close to trendy cafes.",ChIJXRA194VHDW0RolHM3U4ysJk
"Matakana Village within short walk to restaurants, cafes, cinema and shops",ChIJNSuhFA7bDG0RZRoXD6bqchA
Phoric Limited,ChIJgTVksVk-DW0RyFzjZyxr0Dw
The Cacao Café by Seleno Health,ChIJX2lQS_9HDW0R_6Z10wkBYIQ
Rolling Dough Bakery,ChIJb7eAU2g3DW0RpFaamEeAY0I
Modern Long Bay comfort near beach and cafes.,ChIJGVP6bNo6DW0RtNegcc-z5mQ
LIFE East,ChIJHYCz4r9LDW0RNzjiOD9EooQ
Church House - Onetangi Sea Views and Spa,ChIJs7Z1wunIcm0RVoKbQ_fGJVI
MAMA,ChIJcQZ01mJJDW0R0u1yJiykdqY
Pizza kai co.,ChIJ-yJcOgRHDW0R8LDUXZRxg84
Pane E Vino Papakura,ChIJEYYWEMCtcm0RT_mXpcLfK4k
Cutie Pie Pizza Workshop,ChIJQ8J5OmevOG0ROy2uCDunKZ4
Anzac Street car park,ChIJ55olCwA5DW0RNczJ8plCV-0
HJ Asmuss & Co Ltd,ChIJIa17Scircm0RusuIpY-0WyE
Reed Print,ChIJxeVDsqqscm0Rx1aSCk5r75M
Press Paws,ChIJxbYFTbWscm0RfHjC8iMmgd0
帕帕库拉,ChIJ7criAwBTDW0RtDdZq1tlFP4
Tautahi K9s,ChIJFd2eSferEm0RcPe8ZHcG4Vs
The People Weaver Mural - Street Art,ChIJRQvHdwBJDW0R7-n7B0iOkpM
Röhlig Logistics,ChIJHcJtWPZPDW0Rkr13lbJu4Uw
Monte Cecilia Park,ChIJE8rP0xFGDW0R38QAmzlv1Wg
Huapai Community Table Tennis,ChIJMa6tWxsVDW0RNptUbqEqqPw
Home Furniture Takanini,ChIJmZYRK8dTDW0R7zvsK_opwd4
Tuakau Traders Ltd,ChIJOVauiG5VbW0RC-uDz_BwhkQ
Fletcher Living - Beachlands Showhome,ChIJ9Wvh2ya1cm0RDx5-HI_t1BA
PrimeTech Repairs Limited,ChIJY-ywDBS1cm0RerRdgHf0goo
Parking lot,ChIJAQAA_JtSDW0Rva3WVPXKOCQ
Carpark 1 (P1),ChIJS1igPABBDW0RQ4rSn74Lj80
Air New Zealand International Valet Parking,ChIJt81NOOJPDW0Rhy7S8bdiXcw
Convenient Modern 2-Bedroom Unit With Free Parking,ChIJ7R3j18BJDW0Rbgc-GZQgB7A
Serene 2BR Home in Meadowbank w Balcony Parking,ChIJl9WMFL1JDW0R5xF5xmnVqUA
The Iron Yard,ChIJEeJJveFVDW0R4m_hf7ytyRA
linkd ltd inc,ChIJ-73bJFatcm0RQ2BprfFesyc
D-40 Training,ChIJV2piKW-tcm0R3XRsHMZOK64
Hobsonville Point Enchanter with Parking and Wi-fi,ChIJ_z7uNuI-DW0Ret4hvUfZCo8
Waiheke Wonder - 20 steps across park to beach,ChIJzzRJmdjLcm0RjaP4uiNTKv4
Sabbath Training,ChIJc1jxX5xGDW0RPPHfm7ndvhM
Pohutukawa Reserve,ChIJ__-_w3QkDW0RpPQGl0KfS8s
244 Parnell Carpark,ChIJsSPeHwBJDW0RFpHr0edc8ns
Lume Gallery,ChIJYUsJK0bJcm0RPomcUWKDQ0E
The Ripple Intent,ChIJ2ecPLsAlDW0RjG9KOwRtv9Y
Fineline Marking,ChIJiTKKfUIkDW0R5HP-kA-qWKc
Red Beach walk,ChIJcfpVYwAlDW0R7KhAgbrPeZQ
Hilltop Hideaway Cottage in Pinewoods Holiday Park,ChIJoxYAeW4kDW0RVAFo-lJwc4Y
K & H Surface Technologies (NZ) Limited,ChIJ59M0ASlJDW0RMTzLJt3Nu1Y
Periploi Aviation,ChIJjZBtNYNHDW0RzF1RfKtcN3c
Manly Park,ChIJkeFS1HAlDW0RMF7XH76Z46A
C,ChIJbSlvAgBHDW0REUCsaYELK3o
Tahaki Reserve Parking Mt Eden Road,ChIJu5R2VABHDW0RXTkM6uo5t7E
Takapuna 2 BR House near beach with parking-Villa,ChIJYxK2XII3DW0R31svRc1-WYc
Tahaki Reserve Carpark Clive Road,ChIJbVeSKABHDW0ROp8kBS-lx00
Taka Retreat near Beach with Parking and Patio,ChIJ4aMlxYY3DW0R0RTpeL3aLug
Spacious 2BR for Long-Term Stays w\/Parking Wi-Fi . 5mins to beach,ChIJ3ULQEH83DW0R-9nUM2MQikY
Survival of the Fittest SOTF New Zealand,ChIJH_0OcD83DW0R8MGYAdNUwvo
King Tide Asset Management,ChIJJ3lhBn43DW0RR2NcRgkqArc
Sigmoid Curve Consulting Group,ChIJZeu7rPZHDW0RuteHFAH8dAk
DEPOT Shop | Toi Toa,ChIJXSCVew83DW0RmjGMO8SVxgc
SJS NZ GROUP LTD,ChIJ7UinWAA5DW0R59Du74EZ-pA
Kennedy Park,ChIJEbc1SPg5DW0RDuru1Gdr03E
Carpark 3 (P3),ChIJrxwJJABBDW0RzKixF68B2bI
Fast Rentals,ChIJ4VjgwBg9DW0ReBPlvBkYi0w
"Lovely Glamping Getaway near Mahurangi Park and Puhoi, North Island",ChIJ3UIvUUMnDW0RpzI8DPrCXVE
Mahurangi East Beach,ChIJw27meADZDG0REiM9o_UKHJc
Whitaker Place street parking,ChIJObIHcwBHDW0Rc_7vP8AjyFU
Paramed Tattoo,ChIJE2JC6FglDW0RszAE4mUkEbs
Victor Eaves Park,ChIJyeG6XfgjDW0RxavgER9XRCY
The Whitaker Place Car Park,ChIJbVJ7QgBHDW0Rt7BMXhjXcV0
AUT toilet,ChIJy9kPUgBHDW0RP-E1mjuePtY
Label Loop NZ,ChIJq2pHmDojDW0RPkbKQb_OgU4
The Brickstone Home with Deck and Parking,ChIJ_cW5PkBJDW0RjBBIXTZFbNo
Secure Parking - Sylvia Park Carbine Rd Staff Car Park,ChIJt3TWtlpJDW0RqRVb4ZhFJZE
Western Union,ChIJqdsbQ-ARDW0R6bAgRWDjkt4
Best car parking,ChIJ0yX1bwBHDW0RI0Ut7E_3tsg
Karaka Point,ChIJLS8KEwBfDW0R_BhtOVhPDmQ
Piha Parking (Main),ChIJVxN_OwBvDW0RZwlefTBU38w
Solomon Group Pukekohe,ChIJy6wyUACrEm0Ren30gqVJXCw
Capark 2 (P2),ChIJITclcQBBDW0RaPxzEG01GJc
Augusta Reserve,ChIJq_y-XJo5DW0R5LImZ-vEvhk
Totoangawaka,ChIJ9a4mUgAVDW0RhzZKNTlEazc
Perfect Perfume,ChIJkeL0csYlDW0R9eAusXvvhps
Glass Cocoon,ChIJn-Ag1SojDW0REtWVVMqFnUQ
"Auckland SeaSkyTower view HOMESTAY with free Netflix, Parking - Double Room",ChIJYSkBAps_DW0RV6mIb54s2Nw
Mtc Concepts Limited,ChIJAXa6QYYjDW0ReettytKvcLM
Long Bay Chinese Association,ChIJJU4PTQA7DW0R7CfjE6Ndlmo
Bruno,ChIJbyYqrKpJDW0RqE4ilKWlZTM
Srinu Foundation,ChIJm29KZHhJDW0RIm-Lk08IrcM
The EMDR Therapy Clinic - Auckland - Virtual EMDR Therapy Clinic - Online,ChIJBTyf4aY5DW0RwltOib0IeC4
Dermalyt,ChIJH3xlPBZHDW0RPxn8TIXUaBM
ReYoung Skin,ChIJD1D1PR5JDW0REtXbWiWyONc
dOre rejuvenating system,ChIJn1mM1gQ5DW0R25THAyoTmL0
Velora Restorative Massage,ChIJ2V8Mrt1LDW0RY8KClSkbkSU
G'day Mailbox Takanini - DHL FedEx UPS Express service,ChIJz-KFEeBTDW0R8ZiUlN4B7uo
Rental Cars NZ,ChIJof0m6ARPDW0RBXzFpay9TL0
Auckland Reflexology Clinic,ChIJ7ythido_DW0RJ7n5Gee7D8A
PUKEKO,ChIJG1dlSABHDW0RoLJ6P1Dffv4
Unit,ChIJtRieegBHDW0Rzu6yo_Nvigk
29 waterbank waterview,ChIJ76XbDQBHDW0RwPnpFU_6pgQ
LS Painting,ChIJ5-ZSa5FHDW0RGJqpYdN_xho
duckare,ChIJGciTsTdTDW0RQpxrEt6KVDo
Western Union,ChIJCy_QBIxLDW0RJQEJp-8RZ5s
Fitnetics,ChIJa0uET_BTDW0R4U31rkpkjWo
Mighty Minds Bucklands Beach,ChIJCxefkuRKDW0RY1lYkkeGY1s
Prime Pallets,ChIJ-fJpWYlPDW0R8wCmaISA9DY
New Zealand Couriers,ChIJ8UZAFQDfDG0RjM4k2HqRegc
Freedom Interiors Limited,ChIJpaNB6yBJDW0Rfewq5xhQwCs
G'day Mailbox Flat Bush - DHL FedEx UPS Express service,ChIJHVZqG3ZNDW0RkOyTGH2bNE4
银吊镇NPC,ChIJaW2xNAAjDW0RBujMjELoXIA
Aupost NZ,ChIJ9UP5odtHDW0Rg27wNLspkWg
TLH Recruitment New Zealand,ChIJJ-wCpdxHDW0RHrjlrTvWa_U
Sharp Cars NZ,ChIJh6um4MRNDW0Rr7g82kI8-kI
Giltrap Geely North Shore,ChIJV4ORfMc5DW0ReUutxI1vpi4
JX Club Motors,ChIJUyKUPIM5DW0RjM0AsyiBOP8
Manukau Isuzu,ChIJxXVcdQ9NDW0RrdoneiG1qUo
Manukau Suzuki,ChIJiXhONrZNDW0Rt9_P0PBSo30
1st Class Motors,ChIJ77OPLVBNDW0RWAP02qgOSoo
I Sell Cars 非凡好车,ChIJ357NMs5PDW0RuRsP4GWw9-0
AllNest Luxury Ltd,ChIJt6ewZ6hHDW0RCwEmER8USsA
Giltrap Zeekr North Shore,ChIJ0YowJFU5DW0RUlGkGIbYUjE
Armstrong's Dongfeng Auckland,ChIJIV1UpTZJDW0R2ef-zRYu67o
Punjab Tech,ChIJKYC0juxTDW0R71p3fVX_1J0
Kiwi Self Contained,ChIJm_VX-HIlDW0R0QxMDTwuJA0
Hard & Fast Repairs,ChIJEW-KzO1TDW0R2jXP_fcjij4
Blindworks,ChIJGQz8A71TDW0RK3g8w1wbuoY
Plaza vape,ChIJ8cqi4P5HDW0R2AohP4bEwAc
Mobile King - Southpoint Manukau Shopping Centre,ChIJyZ6apyVNDW0Rp0W8NKGtCko
One NZ Manawa Bay,ChIJAT-2fDxPDW0R710P7Y8WtVc
2degrees Mānawa Bay,ChIJxTHzifpPDW0RFDqPKqFsMK8
Fonuaola,ChIJbTl4osZNDW0RsfZFqaFBg9U
5 Angels Blinds & Leather Dr Services Ltd,ChIJMfxeU8hPDW0RTJ_xizKl9mU
PhoneFix Pro,ChIJoWmri8tHDW0Rmy2D0Oe045Q
317 Phone Repair,ChIJEdRfQQBPDW0R62KzR6DobQo
Joey Baby,ChIJO9hY-PdJDW0R3VAHA5eq02I
Dr Mobiles Limited,ChIJL_BPoU9BDW0Rgqou-lMkJ0E
Michelle,ChIJ76Fx9QFLDW0R3XA7j46uT6A
Luke Harris Marketplace,ChIJM0KldR5JDW0RYxE2zow5Voc
One Fit Hire,ChIJqcuJiYVJDW0RkvCZpwlmS5E
G-Fix Solution,ChIJpc4XrzY5DW0Rb8T018Z3lmo
NZ Mobiles 2degrees Dealer,ChIJlX3lGbVGDW0RKyZw0_HaDUs
Cuelab,ChIJsYajQACnEm0R-ultXQSW-88
Piha Beach,ChIJt0hDewBvDW0RgAVVyjXazY4
Sonic Mobile,ChIJ13_E4_BHDW0R4U4xSFVUsRc
Vess,ChIJcVeLAgA7DW0RGnBNo_m4m7o
Rental home,ChIJRVxJWgA_DW0RWleNIs-iajc
Bens place,ChIJ47xOHwA5DW0RFARYE_xF9dk
C R Gyde,ChIJt97uRgA_DW0RHI6hkf-NjwQ
Karaka street,ChIJjdN7YAA5DW0R0bDd-D4pFAU
34 Layton Road Stanmore Bay Whangaparoa,ChIJV0htewA5DW0Rt78CzUMSS-I
Corner Courtville Apartments,ChIJHUl-EwBHDW0Rr7nQgDVrfko
2/2 The Esplanade,ChIJzdUDSgA5DW0R64QgWX5mMlw
Mount Albert Apartment,ChIJK1rqAd5GDW0RCyzG2ZLJBGg
일주,ChIJcZbsfgBHDW0RppmiiHET2uQ
Junaid Atta House,ChIJZYjlKABHDW0RB3r13AOWE30
6 camberley court,ChIJBwbUEwBTDW0R69VER1s7ww8
3B,ChIJ20aJNABHDW0R6YGy7jC6MZs
Otahuhu Town Centre Brand New Apartment 8B - Two-Bedroom Apartment,ChIJH4G1krtODW0Rv5y4aadjk5Y
"2/19 Elizabeth Street, Tuakau 2121, New Zealand",ChIJYQNnDgBVbW0RJlpk182sJFg
House 173a,ChIJMYtyaQBVbW0R7mBmrJfHNvI
My house in the middle of our street,ChIJjZcSGACnEm0RogsKoU9trtY
Collie road,ChIJI2tRCgCrEm0RVCHxNB4ug1w
The Arawa Garden Town House,ChIJU29fNgBBDW0RXvpYo8D47_8
Glenedene,ChIJtf-DNABBDW0RUtxBSmZfFSM
1b Gaede Terrace,ChIJd0E3ZABBDW0RwTre1mAGm1I
flats 5-7,ChIJj-KjHABLDW0RLS_e_OXMUtc
Francesco’s house,ChIJpzcjCwBJDW0RP99PA-CfI-I
The Beach House - Red Beach Holiday Apartment - Apartment,ChIJC74MiEIkDW0RuAXm2vI4FwQ
1 Apple lane,ChIJS8SfGwBBDW0Ra8vVenc1C5I
"46a Flat1 John Dee Crescent, Red Beach 0932, New Zealand",ChIJh-MVagAjDW0RlulG-ndPrDM
Kohimarama Beach House - Holiday Home,ChIJBUvR8eZJDW0R5wwtZhzdPpw
"46a Flat2 John Dee Crescent, Red Beach 0932, New Zealand",ChIJZ6FrWQAjDW0Ry3CmLW5JqRU
Denden,ChIJQbpoOwBJDW0RfURQEyUvJj8
"Flat 1, 110 Selwyn street",ChIJq5wBIwBJDW0RrXkOcvzJzaA
Jayakody Residence,ChIJtcJIbgBJDW0R41-A0MQJeP4
"12c Johnston Road, Mount Wellington, Auckland",ChIJd4-kcQBJDW0RailjT2Iadh4
Ellerslie,ChIJHRhERQBJDW0RnE_YeMe8AEU
My Home,ChIJA4kBJwBJDW0R8kvRlzc2mbg
27 Whitford Avenue Mount Wellington,ChIJ03qoYwBJDW0R8Ig6HMdST70
崆任务,ChIJYRjMLwBJDW0RtXQ9GPQVLqI
Jack Daniel glade Manurewa,ChIJ__eCEABNDW0RB-4d-_6yl8w
Bobish jincy home,ChIJ3_M-LwBNDW0RMsiTpI0pvcU
Private Residency,ChIJ_dgpDwBJDW0RdwgNwiQF74U
Quest Albany Serviced Apartments,ChIJ0xFth4w7DW0RuX_lyEsrfGE
Mahal ko,ChIJq0JxKwBTDW0REd3RwWH_vgk
fairy hoop,ChIJZa4IPACvcm0R5QTd-IRKEMI
438 Queen Street,ChIJx4BndgBHDW0RFtirAvb2WfQ
Gorno orizari skopje,ChIJfa31SABHDW0Rhq-AAu5U1Hw
Waterfront Seaview Hotel Apartment - same building block as Auckland Hilton - Two-Bedroom Apartment,ChIJVSgPVPhHDW0R_dZyg6XdS8g
Epsom home,ChIJo3WPFgBHDW0R5XpmCPUwheA
Dianne,ChIJDXGFxbg9DW0R6fRsnxmLSU4
Sharma's Residence,ChIJ5206IACvcm0RySAhm0Dcaso
Alby & Anna 's house,ChIJ-dP5BgBTDW0RvvMqhfe1G0M
Apartment Houses,ChIJ16-lTgBBDW0RBWa7nlKqlSI
Zen Garden Flat,ChIJQ9xNHwBHDW0RPsH7S5PlT3E
Chacha,ChIJWVrWCQCrcm0RGR5zM98ll9o
townhouse,ChIJxUIgFAA7DW0R-9OETt3oLuU
Perspective Apartments,ChIJQ7ThWQBHDW0Re4RonsJ-aVU
Papakura,ChIJ5y-2egCtcm0R4VgkT8RaHVg
83,ChIJTSQJak9LDW0RHgs62IfE7Ig
"3 Fort Lincoln Loop, Papakura, Karaka 2113",ChIJ_2UjPgBTDW0RvpzEzVgG3BY
Eldorado,ChIJk0tYEgCnEm0RIE5gs2KySNI
28C Tairere Crescent,ChIJ1Y0LVwBTDW0RsmLULa8PD6w
"23A Kelvin Road, Papakura, Auckland 2110",ChIJ1ZOYbgCtcm0RBV0Gvx9KRLM
Ruta’s House,ChIJLcJaDgCrEm0RslTIzrHCjSg
Nawal Residence,ChIJ2R-1EABLDW0RdzCUMWGjqgk
The Terraces,ChIJh4BtQwBLDW0RcT65oBlZT7E
6c Wilmshurst Avenue Papatoetoe,ChIJf123JgBNDW0RAhlXuHGGPao
Vinish Home NZ,ChIJz4BZYABPDW0RGXZETgz0sXM
Hasanjaya RH,ChIJH3jicQBNDW0Rj5GAkruWbbY
Modern Design Brand New House in Forrest Hill,ChIJj4Crqo05DW0RT4k9ajieOBo
Home,ChIJxUOxQwBJDW0RCVCrOZJ7SWg
森林小丘,ChIJe0ktQAA5DW0RaoPA3HSmmt8
2 Cracroft Street Otahuhu,ChIJFzTTNQBPDW0RRo_DxoJigY0
Elegant House in East Auckland - Deluxe Villa,ChIJb42G8ddKDW0R22HCzS0kZlg
24 Catalina Crescent,ChIJH00mVwA5DW0REi1T5FyuKts
Seaview house in Howick Auckland,ChIJv2yBQ99KDW0RRq8PrhRU3bI
22b Ulster,ChIJWy_mVwBHDW0R3Ia-1erCryw
Modern Design Brand New House in Forrest Hill - Villa,ChIJ3VM5OIw5DW0RbKajQflk0zI
Stunning sea-view house,ChIJIdlHTPNKDW0R-NcGt9zZEUk
10a Long Drive,ChIJP85EGwBJDW0Rf7DrpIqQQKc
House,ChIJD60_CABHDW0RfABzQIeRgqo
Townhouse,ChIJZ3PrQABLDW0Re8XCVMiyHoM
Powley Village,ChIJm6E5bQBFDW0RDTRwXbIxqKA
h,ChIJAbFuXQBHDW0R-ySvo9hDmSw
House,ChIJby6JOwBJDW0R6roZjToz2FM
synb,ChIJQxFcFwBLDW0RG3x85NwsdQY
6Piwakawaka Eden Terrace,ChIJeXr0SwBHDW0Rstbim8zM1lg
Le Chalet Waiheke Apartments,ChIJv0gvOg7Jcm0RGikw5lvnKQk
1A Ravello Rise,ChIJmwYbPitNDW0RsNRO0Mixad0
King's Rd,ChIJu8VBaABLDW0RhZQUFcc4SnU
Treasure lane,ChIJQw8XOABBDW0RuUSSTPmeC1I
UnitAC,ChIJVZccIQBTDW0RDG1u5j4tgUM
Remuera house,ChIJLYSecwBJDW0R0R49dEgTfFY
5 Bill Phillip Place,ChIJIznRDwBTDW0R5SAowJFQfrQ
Parkside West,ChIJUX1VJABBDW0RcNpJaVJJ1Jw
Whitby Studio - Mairangi Bay Beach,ChIJ-9n-pRc6DW0RhHmNiV1fMvU
Simone’s,ChIJ8wP8PgAlDW0Rz7nKPoJfTMg
Room in Stand alone family house - Pukekohe - Queen Room,ChIJ84s78GuqEm0R9DDW-ZKM6-A
MAAN HOUSE,ChIJqwBXYgAVDW0RhU2qNUr1v3k
Jennings Rus and Kathy,ChIJO5FnLQBrDW0RpS6KJga3_Wk
77a Helvetia Road,ChIJr6sSXACrEm0RSsS65IjXPZs
Mwenge mulenga,ChIJYwJpOABHDW0RJTnMox08iG0
ジダパ家,ChIJXw7SKwA5DW0RwNJ4oOSAy5g
Largest apartment in the block 2 bedrooms 2 bathrooms includes carpark and pool,ChIJbyxEAtI5DW0Rry9DzvbtpuI
De Silva’s Den,ChIJuSvEDwBHDW0RpQc3QK4EHYY
Oneroa Bay Apartment - Apartment,ChIJy14BHuzLcm0RrIt1RnzggFE
Oneroa Bay,ChIJd-QTAenLcm0RME3N6C6urbQ
Oneroa Central,ChIJYWbRpunLcm0R8e5-LoAItAg
The Don Three,ChIJTTEPYwBHDW0REF21RL8bm9E
Oneroa Bay View Apartment - One-Bedroom Apartment,ChIJT-OdX-nLcm0Rn56R049AOw0
Brar’s Peerkamria Residence,ChIJqffBLQBXbW0R2vhSMVkTm9w
Gensokyo,ChIJg9lfdwA_DW0RSFGpFmlC4qU
Mandeep Gagan house,ChIJLbv9cQBVbW0Rg-Ao-Ia3DS0
Quest on Eden Auckland CBD Apartment Hotel - One-Bedroom Apartment,ChIJW3a0Z_1HDW0R43qnwzskeZ8
Proximity Apartments Manukau / Auckland Airport,ChIJEwDbdb9NDW0Rt3Aq5rMfUZg
家,ChIJk1F8PgBHDW0RDPkZpGkIjPo
New Zealand home,ChIJH2vJSQBHDW0R4JfjwNbmfO4
Beachside at Snells - Snells Beach Apartment,ChIJowePNXjZDG0Rcn-CXceLzQY
fg/xy,ChIJy52uKgBHDW0RBukQYZvbpjE
"5 Bedroom House, 82A Richardson Road, Mt Albert, Auckland",ChIJAa_y2OhGDW0R0cdzZ4aqShU
Wagle residency,ChIJfdzrDQBHDW0R4ONY3juWFcI
"3 Bedroom House at 8 Renton Road, Auckland",ChIJNehkod5GDW0RwDRK-dsmmWE
Bright: 2BR House on Carrington Road,ChIJKS2iq-FGDW0RiN9q9y1tNyk
Spacious: 3BR House on Carrington Road,ChIJKS2iq-FGDW0RF2MMhY2aEw0
幸福之家,ChIJ28w5XABHDW0Rbom8mB8Zj8U
6A victor st.avondale auckland 1026,ChIJ2Sm9LABHDW0RyOeiD3kMSnY
24 whakawhiti loop Avondale 1026,ChIJxcnIcQBHDW0RxEVGD6Dn4Jk
Charming: 3BR House in Carrington Road,ChIJKS2iq-FGDW0RKS7mO5sy-B0
Avondale,ChIJO0bjCgBHDW0Rl3yd8aEhoRM
Anand Kokatnur,ChIJe19WEQBHDW0R1O2ZBnS9j8M
Pet Friendly A Beach House at Piha,ChIJjXO8MLJvDW0RE562w7CPLi0
Piha Tiny House Retreat- 10 minutes to Piha surf beach!,ChIJ1aWimqZvDW0Rc76BQxuAkqY
Kawakawa House - Piha Holiday Home,ChIJNRWZ0kZuDW0RLniLpIujwBk
A Beach House At Piha - Beachfront Romantic Hideaway Prime South Piha Beach,ChIJlf8FOrJvDW0RVZN-GH5Xplk
"Beach-vibe, modern, easy-living house opposite Nth Piha iconic surf beach",ChIJs6XQ2UVuDW0R4KjgzA4Hb2o
Comfortable North Piha family beach-house,ChIJ6awehkZuDW0RAHq-ObGOzI0
Piha House with Breathtaking Views,ChIJMakkr6VvDW0RBqaP6MxfMtI
Piha Tiny House,ChIJG26HrKhvDW0RZNzhsSV1PJw
The Waterfall House,ChIJt6Y-rf9uDW0R-tpssKlm1Hc
The Dome House - Naxos 2 Bedroom Apartment,ChIJZWc3EenIcm0RRLK24Q2iAHw
PIHA POLE POSITION,ChIJr6V8mqxvDW0RMiLPSxlKP9I
Onetangi Beach Stays Apartment - Coast & Country,ChIJ7QIUYerIcm0ROFr8knybIuQ
Pachi’s,ChIJcYI4NQDJcm0RV6WXKHxHQGA
The Anchoridge,ChIJw5nDUwDFcm0R15-kWu7eNVc
9/13 arawa street new lynn,ChIJjePWDwBBDW0RRWMWn7Iv9SM
Avondale,ChIJoT3geQBHDW0R1hU2Yha6uGk
Lancaster Court,ChIJBfqrZgA5DW0Rp79m4zOHbl0
Sister Saufoi,ChIJJSUFZABBDW0RXxOxhR_Fqjw
住址,ChIJoVk3cQA_DW0RrKPRpp5R1uA
Niyati,ChIJebgTtXo5DW0R4i0y-tRfnX8
32A Vermeer Pl,ChIJc0u3VAA_DW0RidFJKh0729A
1 Impatiens Lane,ChIJCz2keh0_DW0RXATOc6ktuFw
Tua/Rhind.,ChIJHSQLWABPDW0RsVl5DgVW1-Y
Woodside Road,ChIJ9VxJTwBBDW0RT7RCY_eA5is
Fabric Apartments,ChIJJ9tRNgBJDW0ROVSSQSYgN_o
ANTON PLACE,ChIJI9k6cQBTDW0RsHVhUYss6Co
Private apartments in a Landmark Heritage Building,ChIJxadPifBHDW0Rjl9IH70CC08
Ramos Residence,ChIJ-TVAbABTDW0R3vpV64nW-NM
Akona’s Resident,ChIJ58WnDwBTDW0RocLEkdl3-zA
23A Clayden Shuttleworth Street,ChIJNb4SMQCtcm0R5VDhXzTABDo
Tarapiroe Avenue,ChIJqRejRABTDW0R7OkW__LQPBo
Syams House,ChIJu7YgeABTDW0RhF0TE9i8nNs
InayatAli Residents,ChIJjWK6TgCtcm0RA-g3Q7R1kUw
Modern Self Contained Apartment in Riverhead,ChIJJa-qqu8VDW0RLHEZ1_FqwU0
Back Unit,ChIJR0MTJgBNDW0R2fVeotz6hig
Faafete Taualofa,ChIJ8UduJwBNDW0ROvb8fW6MpCM
Aya (house),ChIJC_DjWABBDW0RvhAvYp_kwHA
10 Patrice Place,ChIJI91VAAA_DW0R_UqlpprUbAE
"Modern house in Orewa close to the beach, cafes, restaurants and entertaintment",ChIJ90d2tAAkDW0RDN4rYGczod0
13a Sandspit road,ChIJD16TMwBLDW0RdiPqe08fVcw
Bach 72,ChIJrXmHTgDZDG0RcTN6OmnNCrc
Zeonie,ChIJbXEXMABLDW0Rrl1ANPEUN4s
Funky Beach House with sea and country views - Three-Bedroom Vacation Home,ChIJdybepa0mDW0RAPknndG81Uc
Ganesha Nivas,ChIJRRvAGABPDW0RE2bIt1Vf-GA
Modern and Private guest house in east auckland - Two-Bedroom Apartment,ChIJCZRRM6RMDW0RWkwQ0XwhA0Y
Miles,ChIJ6aDfJABNDW0R78PExt8Kj7A
"Lifestyle entire house, very quiet with beautiful view",ChIJyfJJgGG0cm0RhBbZ7vgTofM
House Located at the centre of East Auckland walking to Botany Westfield Shopping Mall - Four-Bedroom House,ChIJ49oLH2RLDW0Rk42FzojKkpE
Manukau Studio Apartments - Studio Apartment,ChIJQz1Z7L9NDW0RGX587qOaSS8
Chan,ChIJzUF7SQCtcm0RHrV4xNhfofY
Swanson,ChIJu4p_HABrDW0RsV9KpvfZbpw
Perverill crescent,ChIJYRRrbwBPDW0RWGCGkEA64LQ
Manu and Lis,ChIJm0YdCACtcm0RuvaY6IzcHuU
(Home) Life Apartments,ChIJD4kLWwBHDW0R1hcVeJ2FVKI
9 Crows road,ChIJx2rFWwBrDW0RXUO8fz-pqdM
SJ'S HEAVEN,ChIJO4dUUwBPDW0RMHyjb58nSVY
Anna Carolina,ChIJxSsyCgBrDW0Rm1L7jyVtQho
RentPower,ChIJsesdjrVNDW0Rtu8L8tFi9Ew
Friends house,ChIJ5bYYIgBPDW0RWe3e3UaF3UQ
Crater House Design,ChIJ828XJClJDW0RKr9bYAQJF74
Langford House W A L S H Trust Board,ChIJn0IAG1hADW0RKRr-m7rFa7U
Waikohanga House,ChIJ75FjBQBHDW0RdrSrUv0QkA0
公寓,ChIJQdkfRABHDW0RXLl45YG1yf4
뉴질랜드 숙소,ChIJecXYCABHDW0RBifmvXRp3Y8
Boho Hill Apartment - Great Barrier Island Escape,ChIJBTnEGVQTc20RRBVzDotuN_4
6 Grahame Street,ChIJywTQcwA3DW0RsI2ewV99Bqg
IAB 97 11 Commodore Dirve,ChIJjfgWPABFDW0RSXKCe64palk
18F Ramelton road Mount Roskill,ChIJLRfmdABFDW0RlnjxcgcCs8M
Stylish House In Browns Bay,ChIJgXdgslg6DW0RhYV2a2ZvDTE
Allpress Estate,ChIJg1evUwDLcm0RjLbNNgJhbpw
Heena/mehandi artist-poonam,ChIJC7oP78ytcm0RhKCOeP5ITHQ
Line Marking Pros Limited,ChIJDcdCR9MO-2gRd5VpH9Igd3k
Kelly Art Studio,ChIJSdyEWIZJDW0RP1kMmJj39SE
Nannanxi Art Studio 南南西艺术画室｜Mt Eden,ChIJGcx38-FHDW0RDAS5MGsQzho
Tony McNeight,ChIJDf1q_sxHDW0RaEy70Ph9YGM
Tanja Simons Art,ChIJ_To67NxHDW0R4PTdF2Rnqgw
Bull Painters,ChIJWWOOMYW4I4QRGgZa166YkNc
Homes by Watson,ChIJ1yZ8VrE7DW0RgxuoaBMKfSQ
Seasons Art Class East Coast Bays,ChIJe-DTW5g7DW0R7Rsx02AZAPU
The ReWork Studio,ChIJZ43e4PolDW0R5SKdjVlJfV8
Kathy Donachie Fine Art,ChIJaah6MT1fDW0RWGq9rYl_nlQ
Depot Ceramics Studio,ChIJRyr7LwA3DW0Rj26uOZAcUKM
MH painting limited,ChIJl-YGzsGo-o8RweYHPT-LnWw
Amber Emm Art,ChIJzwp9OI0_DW0RVCHq4Gz3sdI
Beyond plastering limited,ChIJWZvwJ6lBDW0RXB86MAKm7z0
Golden cuts Limited,ChIJCYiqWlKtcm0RdSyPYMOxweY
The Area,ChIJfVoj9Qo_DW0RVR0hFrgzoJc
LD PAINTERS LTD,ChIJFb4IDABHDW0Riav9B9bWc8Y
Gifted Earth NZ 2026 Limited,ChIJhxRc-BpXDW0Rjir-YAEIjCY
KDH Powder Coating Limited,ChIJTetRfSNNDW0RGb9Muy25R7c
SR Arts Studio,ChIJaXosT-lJDW0RxbYTwYjyWBY
LAZARUS PAINTING AND PLASTERING,ChIJmdNs1rRBDW0ReugNT1ckX90
Wheel Refurbishment Powder Coating Ltd,ChIJH90ZeAA5DW0REURgno74ihY
Pro Gloss Auto Paint,ChIJEfGzO1I7DW0ReOIJJVv2syk
Sashi Handmade,ChIJqYDiOss_DW0RB3WD6QUgPM0
Marhaba Nz Limited,ChIJJ8cbqY1GDW0Rzym5QreS75A
Kowhai Butterflies,ChIJzXykLgBHDW0RCe0BqcAoHa8
Agate Rubene,ChIJ56iMun5HDW0RWkYTkblURK0
Artist Photographers Home Studio,ChIJNwKHWqdHDW0RaneHJbS9Fzs
KM Structural Engineers,ChIJJYxkReVBDW0RGTEKbokixZY
Kitchen Studio - Manukau,ChIJJUAKIMJSDW0Rk5fRVn9G_KY
35 Te Ara Wai,ChIJNbb2PABPDW0RdvZk_HFc9YE
Barracuda Precision Building Products,ChIJLTbBYNdTDW0RncvuKd9BxdU
Avondale,ChIJh5NAFABBDW0RqWma0lJyMks
Marlborough Homes,ChIJE5WWdWQVOW0Re3N4Xf6tWiE
Advanced Data Cabling Solutions Ltd,ChIJH8PAHgS1CAgRGhdqjsNJvKU
At Wood Homes ltd,ChIJI3NXEjYRDW0RpWPl0LAvVDQ
Blackpool House - Stay Waiheke,ChIJk6cY997Lcm0RsgAckjSNd7A
Hi Home NZ,ChIJw24z3s1FDW0RKG5CqfsYNxk
Proform Plastering Ltd,ChIJ45D9fHNHDW0RmSqRiIkJyl4
Roy F Parker & Son,ChIJ69VGkZKqEm0RhUvz2j2erak
J & K NZ TRADING LTD,ChIJcRaB6UtNDW0R8-XpLufHXpw
Tasman Parts Ltd,ChIJq4nmj15NDW0RMBWt3tcGmXA
"Pro Wheels , Tyres, and 4x4 Accessories",ChIJTXssgNVTDW0R6dglTvxcz4c
Arafta Car wash Limited,ChIJJ2acC6RBDW0Re0hnzgC9zWo
Ute Offroad,ChIJF90t9XA5DW0R6_uFdMELsw8
Talent fortunate Ltd,ChIJPST8rXtNDW0RnqckZBPravY
Woottons,ChIJteEqQ0VBDW0RdvRKBDU9zw8
Unimax Auto,ChIJ_9oSUadHDW0Rq44Bqbzzayo
The Wasp factory 2019 limited,ChIJq713KwBHDW0RIHWsgqMcB78
Plumer Domain,ChIJX3wCO89BDW0Rqo4jD9KNLDc
Little Blessings Early Learning Centre,ChIJacuzRf5PDW0R0VI3ot5h2Wg
The Coastal Cove,ChIJH-afWWclDW0R1dd6lD2kq80
PlayPods Childcare Pukekohe | Preschool Pukekohe,ChIJ35qs5iKrEm0RKGOU2KC6xEQ
Pets In The City Westgate,ChIJJ5MKMK0VDW0RCzJjo9znZU4
Eduplay Childcare Pua St,ChIJAaHyUc4VDW0R1WHjTaqkVG4
Premium Kids Care Albany,ChIJk_ye-fM7DW0Rzq0MZXUu7R8
Go Bananas Childcare Airport Oaks,ChIJ08YmZ1BPDW0R8QKojAeN3Qw
The Summer Pad - Omaha Holiday Home,ChIJb4PBBgnQDG0Rd8WfHcVcKI8
Kowhai Kids Club Elim,ChIJxXBsBTRHDW0R8kxZsQCS6MQ
Kowhai Kids Club St. Mary's,ChIJqbABjyZHDW0R3Q8qO7LoWBs
Sunlight Childcare Limited,ChIJefBBbwBTDW0RuetKndF0P8w
Kowhai Kids Club Jireh,ChIJu1CbKXdHDW0Rvl_HWVFd7TU
Kowhai Kids Club Chaucer,ChIJ1_BsF-BHDW0Rd46rofyJ9Hs
TakeOff,ChIJqS2nCbtHDW0RVgJtsIB-X7E
Mediahub NZ,ChIJCUqoBbxHDW0RbSrswz1FHF4
Advertising Agencies,ChIJ-0CbtsRHDW0R3kUxJT1aLcg
794 Dairy Flat Highway,IjESLwoUChIJY83OpfI8DW0RzialBxSQ-KAQmgYqFAoSCR9By6HHPA1tERklowjBSAWu
Tī Rākau Bridge (Eastern Busway),ChIJ-dusfABLDW0R74Ppjuu7L8I
Shelly Bay Road,ChIJ_6aMuMe1cm0RF5TDMHPoHZs
CareWay Transport,ChIJZSj8oc41Cm4RHfr9bJTfy0Y
Tui Street,ChIJE_gGCepODW0RT0_JIrL5PwA
The Circle,ChIJj0HjNXIlDW0RH0s2boAMTL0
The Circle,ChIJbbokynMlDW0Ri5bQKCnlVOE
Stone walls,ChIJ74b-bQBJDW0R0D1_oVSw4j8
The Melanesian Mansion,ChIJc4e1UABJDW0RvGsXk2kOwI8
Ambition Buildings Limited,ChIJzw0Bnhk5DW0Rs7jTcyo-HG8
Vadlo,ChIJIUsdRwBFDW0RWp6c3uRta6g
"Jubilee Bridge, Panmure",ChIJ9QbBCQBJDW0RANARcZYgDHg
The Brixton,ChIJRQnuPwBHDW0R06IJMA6ZH50
Okahuiti Pā,ChIJuyFFMQDJcm0Rclqf5ZhJh9k
Muffler Island,ChIJyfYJDQCvcm0RxI_ZPaMIy30
Open Pavements,ChIJbyJHbQBHDW0RAEPDU5uMIfY
Te Pūtiki o Kahu,ChIJKxl_KwDJcm0R-PyspAm9wa4
Dustin's Tree,ChIJ80V-RgAvDW0RM6LoFLOsI3g
Barney's Point,ChIJfZ43BABFDW0Ri1ajyzxvS6w
Second Tamaki Bridge,ChIJswgNeQBLDW0Rx7dC35bsb6U
Komatsu 575-2 Super Dozer,ChIJzxvvdgCzcm0RWcGJJOr_W-s
Parakai Playground,ChIJCQx2cQAPDW0RUG5SKTIth_Q
Victorian Era Fort,ChIJValWTAA3DW0Rrm2P0_yuEhw
Western Springs Villa to Auckland Central Heritage Villa,ChIJE32YAAdHDW0RPL1FZcg4jbQ
Choice Plaza Orient Towers,ChIJUWokfABHDW0RrJgMTMmAoxY
The Outer Fields at Western Springs,ChIJNwT8FwBHDW0R8TYaNhKjmXo
piha传说,ChIJxZknXABvDW0RTziTfre-tL0
New Zealand All,ChIJCwM84z0vDW0Rw0kxf5A9aMM
The Sleepy Pylon,ChIJVW1rBQDjDG0RhIJY-tLtWZA
Kawau island fire station,ChIJ3f_BIQDXDG0RkvR5A_I6nE8
Norwest Podiatry Henderson,ChIJi75YrIBBDW0RDpLqPbM9gBQ
Bud Floral Design and Styling,ChIJKxjgklDLcm0REq9WsmkPZhM
Relaxed in Red Beach - Two-Bedroom House,ChIJz7_zQ24kDW0R5GykRUug31w
Just Because,ChIJnerDscJNDW0RmSBlKYdq7c0
H&H GIFTS Albany,ChIJw_ogXRE7DW0RoDnmdOIJK8I
Hartlock in Onetangi - Our Island,ChIJSdRm3OjIcm0RmzibeC4igy4
Olive Lane - Waiheke Island,ChIJcaua0e7Icm0RFpsuTjjA1FM
Boathouse Onetangi - Stay Waiheke,ChIJNX7euevIcm0RcWjb7sqpjog
Sweet Hartley - Onetangi Holiday Home,ChIJ387q4OjIcm0R1HikClXRRIU
Wavesong Whakaaio Onetangi | Be My Guest,ChIJbV18AenIcm0RjTb4jzsE5sQ
Eden Escape Onetangi,ChIJg5ZAUenIcm0RHaY4iXgBqXg
Oceanview Magic - Onetangi Holiday Home,ChIJwegpluvIcm0RcHYw85zObNA
Onetangi Bay Views - Onetangi Holiday Home,ChIJ41RC1evIcm0R4neBJNP9vi0
"Takapuna Guest House. Modern, private self contained. Stroll to Beach & Shops",ChIJ-aTOboI3DW0Rea6Uav-2SWs
Four Palms Cottage - Onetangi Holiday Home,ChIJ-zGlNOrIcm0RvURYqy87xAs
intentli.app,ChIJObo0i7zJcm0RJKcPMeeekT8
CAMPHARD LIMITED,ChIJySeQx_c_DW0Rn2yykZas_2o
SWEETZONE,ChIJK2pBKPlHDW0R1rHbteFhPhU
AlMala Collections,ChIJz3IXrdtHDW0RgJD4OmVMF1U
Gotcha Manukau,ChIJzSbmE8ZNDW0Rt8HRa6qLMxc
Tongan Design Earrings by S&Z,ChIJRTnhkWhTDW0Rf3dPcQoX9pA
DCI Drones NZ,ChIJu_0AhcpHDW0RW4bWxG3hI_w
ab: Handmade with Love,ChIJKWosSZhNDW0RZcHBm-F1mp0
万方特产礼品店 Wanfanng Souvenirs,ChIJ8aC_NwBHDW0R2uhVrGw1-Pc
Dokha Pakuranga Cigar Shop,ChIJSXrFU3VLDW0RSYoVkQVBE58
Dokha Point Chevalier Cigar Shop,ChIJg55GrDdHDW0Rc2f2D4rmyKo
Onetangi Getaway - Queen Room,ChIJu8q2penIcm0R21t0R37Za7I
"The Onetangi Gathering – Beach, Family, Connection",ChIJ_eKXrenIcm0RK87--yLWBFI
Onetangi Retreat - Stay Waiheke,ChIJu8q2penIcm0RKtPSXVRAkWU
Playful Planet,ChIJp9AbU5JTDW0RrZhawhJChg8
Relaxing Riverhead Retreat,ChIJA-MX2-8VDW0RYXlBMGh77ew
Soul Calligraphy,ChIJQxs-SgA_DW0Rj_yuiPQGEOE
Elise's Substack,ChIJ6fIw-le3cm0RAQm-wbuO88U
Maraetai Couples Retreat - Omana Beach Apartment,ChIJZdSN-222cm0RW2Ji3psa1Gs
Maraetai Beach house,ChIJfdnO2G-2cm0RJGteZC9gfgY
Relax and enjoy your time with us at our modern Maraetai Beach house,ChIJWxhWJ3C2cm0RvAq0pgFevUw
Harbour View - Maraetai Holiday Home,ChIJxUxsPW62cm0Ra_kdhzHSipo
Maraetai views,ChIJpbPmJGi2cm0Rcur6uBf2S2U
Maraetai Yacht Club,ChIJmQxkhW62cm0R5u_kgWav0LA
Crafty prints,ChIJReRit7Gpcm0Rd5wKEXOfHbQ
Maraetai Yacht Club - Two-Bedroom Villa,ChIJqy0RQm62cm0RrYcDrO0l9yk
Gifs4you,ChIJ98itTUStcm0R2DirzIYzCas
Meadowbank Learning Centre,ChIJO6FJIb5JDW0RKSdERRSXZS4
SensoGlow,ChIJm3LBcSM9DW0RHlneUhB_kZo
5MAX Westgate,ChIJ3zyFRKs_DW0Rq6nHyyR8iO8
Fleet Xpert,ChIJ9-mhOABNDW0RAgKY4GgD8ec
便宜vet,ChIJAcWk2DhXDW0RkT-XPAf24UI
Vetdesk Limited,ChIJuTRObXtHDW0RxuINYR5gbKE
Mog and Dog Desexing Clinic Auckland,ChIJfyLBcSxNDW0RcRGWrpsosqI
Iqra Elementary School,ChIJf1FgnW1GDW0RCIsoYTD9ebM
Tōtara Point School,ChIJg07PpHFJDW0RmUv_igs0qn0
Literacy Ladder,ChIJqaE5aWxJDW0RcTT2gNVzn6c
Warkworth Primary School,ChIJR2bFJC_cDG0RyoSJQLSEvpE
Furniture Now Parnell,ChIJc85NbAVJDW0RaKcbEIrastU
Funiture,ChIJEcrQHABHDW0R9Br4hMeT5UE
Furniture Now Grey Lynn,ChIJk3Vkgd9HDW0RudVy7Vsnoik
Home Living Direct,ChIJTxxxrp45DW0RliWkFXxfusc
REAL DEAL FURNITURES,ChIJRdhwAn5PDW0R1ZWrq-CWmeo
Sakoon Furniture Ltd,ChIJ96AqpKZNDW0RfSCvzubeaic
Island Flooring Designs,ChIJpY9_8DvLcm0Rpd_5ve03JVY
Lawrence Trade Limited,ChIJ6eNgdh87DW0RAaRMoepRsZw
Jsells,ChIJn9FRMck_DW0RS0SQKBb2M-4
Dove Hospice Ellerslie Shop,ChIJvXidI5BJDW0RBVTB53KDeYQ
Yesterday Vintage,ChIJr1VbC0NHDW0RGBZbm1N_A3Q
The Buyshop.nz,ChIJL_WenQBLDW0Rq7MciNAKDbM
Restored,ChIJUcj0XNElDW0RS32tdgVMrOE
Country Keeping - Home of Jenny Lane Rag Dolls,ChIJE6ZzVrCnEm0R_UyazWtvztw
IKEA Restaurant,ChIJTygBeQBJDW0R2CPWEVPrPuc
Ashley Furniture Homestore,ChIJKQT5Qcc7DW0Rs2QPZVRKuwY
TLA MOVERS,ChIJ1bKezQVPDW0Rcvei3Nul2Dk
Chemist Warehouse Highland Park,ChIJV9BbsIpLDW0R_SPKtGCAolI
The Lighting Shop,ChIJqaSlCM1JDW0R7e43iBUrYz8
Texel Investments Limited,ChIJ8al_OH9MDW0R-tJ85fQyKYY
People Partners,ChIJJ8xXHfpHDW0Rxvty3iF9XLI
The Backyard storage,ChIJyStgDd6rEm0RnuuSiADmo5o
Coast Vehicle Storage,ChIJsfvDOWglDW0RVcug5dks9XI
Nelliano Limited,ChIJ60F1IXxYJgUR676XdWyPALk
TIC Recruitment Ltd,ChIJkaXWSPK1cm0RO39bJyB59_U
Sylvester JR Contractors Limited,ChIJH7EOKtA5DW0R0vFHJlQEYY4
Jumbo Taxi,ChIJOd9Q7g9PDW0R_TmsZugfqmw
Turn-Key Solutions,ChIJp_3NtO0jDW0RV-Aoo4YAvJA
NZ Access Hire,ChIJW2p3axnY7KwRMCfNt53wKZI
OfficeStaff,ChIJRVJ-ZsJJDW0RPGT6BxGphzQ
Taurus Immigration Services Limited,ChIJZ2i4pwFBDW0RzPFHZBid76c
Takon,ChIJK1EVpexHDW0R6MGxsTPvPOY
Munrodivorce,ChIJU-HI7BY7DW0RGyPKshH1NMA
Michael Kan Law Ltd,ChIJqYPP3eZHDW0RPNJsbiIMr3E
Wright Law/ Lucy Wright Barrister,ChIJ3cNJNG45DW0RPpFoKoo1aQc
Timothy McMichael (Timothy.Works),ChIJ88GlbHlHDW0ReZVCzTt1y4s
Parry Field Lawyers – Auckland,ChIJF1XFmD9HDW0RjrvOAiDc6qs
Elite Legal,ChIJY4mINwBJDW0Rp0d6yoFB8SA
Work Matters,ChIJz79v9cM7DW0RnZfVCOqRBhQ
Cuncannon,ChIJydh_sRhHDW0RYhKA9ON5_4c
Elantis Premium Funding NZ,ChIJ4YRf5xRHDW0RSheVLxTPH1s
AffordAssist Ltd,ChIJW06VrHNHDW0RAH36gQjr7Mg
Koi catering(pvt)limited,ChIJ2aEJbq9LDW0Rt46A9iY5ttY
Chicha Hut (Filipino Catering),ChIJHQS_cWFTDW0RukTJRUE55w4
Chaat Queens,ChIJjRuMkzFHDW0RrppPATv7d90
Foodsters,ChIJLYbGHBdHDW0RWo2qwTSgF84
Peninsula Bites & More,ChIJcX8XMaVBDW0RAj96pR3Cquc
Koha Music Kafe,ChIJZXx4w4rJcm0RABRXCDdJ6Qk
SAVORIT,ChIJ1YrQdvlBDW0RbVw8tKyqVbA
Ultralight cleaning services,ChIJ02itZK9DDW0RwJKgGj_cMj8
Renspremier,ChIJLzLMc-ZBDW0RLNWNdGqHLNg
Frankie - Industrious Property Software,ChIJdwSXEGG-IYcR9dBNwHrm1W8
Metro Property Services And Management Limited,ChIJ_Qq0ye85DW0Rn848PqdSjbg
Goodman Property,ChIJb_580MVHDW0RETk1zBzwXd4
Kiwiproxcleaning,ChIJ-1Th1cBPDW0RCaIG3PPP0xI
Rent Exchange,ChIJpzWdjautcm0RB4LwPM6fFE0
Atherden Property Maintenance,ChIJdc61gA12ZEwRjp9OCOvUbFg
ホームステイ先,ChIJb_4pAgBJDW0RyXTstEXQyug
ZM Rentals - Cheap Car Rentals Near Auckland Airport - Car Hire In Auckland,ChIJP6AurjFPDW0RRuhRfHyk3RQ
Villa Ardaas,ChIJp_-aQQCzcm0RyRIMxcE6458
Resedential,ChIJu7HJOwBrDW0Rz50DtfOsYf4
La Nostra Casa,ChIJA5vuYACzcm0RRX_EG4BpE38
3A Jana Place,ChIJGb4oKwBHDW0Rx7o-CgS6zU8
MARS Multi Works NZ Ltd,ChIJ36o6Jlu9HGoR_s1ABmX1vnw
Caraig,ChIJAcLuTwCrcm0RWG7EoMLqFEQ
Nekuneku Lane,ChIJ2ZdeX49HDW0RUMk2HrR2Eq0
Solve-it Property Management,ChIJZeveXvQ5DW0RTofoxUlG5JY
Synergy Properties,ChIJ8cPTovZMDW0RicneI0c5HRM
Black Cottage,ChIJnxE6IgDLcm0R4aYJ8hm48Mc
4C Chatsworth Crescent,ChIJLznuPwBLDW0RsrSeLWFiG-U
Good Life Rentals,ChIJA_JDwec7DW0Riq2qkiNsnc4
Casa Lala,ChIJWXGkPQBHDW0RBuSPNm8tIiY
Gwen’s Getaway,ChIJQZI8FwAlDW0RrUSoMl5jkHE
Peak Property Care,ChIJ8SF5EmJLDW0Rouhf05LeOmY
Kiwiana Facilities and Maintenance Limited,ChIJRXsTpZhZvWsRi42zkFMXXBU
Aubogloilitias Apartment,ChIJ3xCmXABPDW0RpgAlH5uh2CA
Cartwright Tilt Trays,ChIJZ6lMWijJaW0REszGvp-AcmY
Soil & Rock Consultants Parnell,ChIJ71n1hnRJDW0R8DoRl2tqwLI
John S Jensen Limited,ChIJx1Hepg9IDW0RERKrMDaltK0
Hush Panels,ChIJFRszXNlIDW0R4KGBgOcTndw
Vista Architectural Limited,ChIJxc-uZUk7DW0RpA--mRf9dEc
Falk Tapsell,ChIJLWsgTOhJDW0RbYxXf0RqVX4
ArchSolutioNZ,ChIJK31WKw5TDW0RgUJxicn3w64
Studio V Architecture Ltd,ChIJbTqi4OBTDW0RBDQnW2vt7ac
MGB Design,ChIJLb5NjL1LDW0R_n3k6qzlBTg
Triple R Autos- OPENING 1st April 2026,ChIJ4UJCD-lBDW0R7PkMppPLZPw
Bethell's Beach,ChIJCXoBaABrDW0RSaJc7-MiTzI
kaha kei te taha moana,ChIJ66gvLwBtDW0RMXhiHhlkhmw
piha大舞台,ChIJk3D5EgBpDW0Rr-oI-HlCY7o
walk access to mountain,ChIJo_BbKgBHDW0REhKsSVixwko
Brain Cell,ChIJV9hLlPlHDW0RYtIuu2zmkIs
CEE NZ ToursLtd,ChIJhYEJV2VPDW0R768EKWOtJ5g
KARANGAHAPE RD,ChIJBT63VgBHDW0Rj1_cDrqce10
Matakana Carving,ChIJ5eRqPwDbDG0RYMRrQE9tkw8
Working Garden Tour with High Tea,ChIJeUQHxgfJcm0ReaibqJN7lIE
hill with a view of the city,ChIJQ3EaFABHDW0RfpTkv4nSPO8
Quarry,ChIJqRW-UADRDG0RheuXyMeHIJs
The Flagpole,ChIJG3JybwBHDW0RsXqQnpUajHw
Hebron lava cave,ChIJlQRaagBHDW0R6bVvs-UTQik
Flight Support For Albatross,ChIJS6NpGQA3DW0RD6Amvr9mAIk
View Point,ChIJedLYRQA3DW0RV3CgiCT8K04
Stott Ave Christmas Lights,ChIJjU3TeAA5DW0Rov2rNUnT3XY
Wooden Art work,ChIJF10GZQA_DW0RIjnoDp1khxk
Didsbury Art Trail,ChIJq3JALQA_DW0ROp4C0rzFyzo
Luca’s point,ChIJP8NJewA1DW0R2YXOOfD1ex8
Earth Sandwich,ChIJw7qYUQBLDW0RTWFtPZhyfcw
Totoangawaka,ChIJPRQlJwAVDW0RJINsU37dGPQ
Tamiro Reserve,ChIJB2O-TQA_DW0R7gnyeH81ruY
Manukau coastal walkway to Green Bay,ChIJSebXcABFDW0R2zWZAtf51lY
The best tree,ChIJUfJ5cAA_DW0Ry7tVfK8l1e0
Guiding Star Tours Limited,ChIJcbTJNkU7DW0RyZwcLQuJiek
8 laurelia place wiri,ChIJmRwRJwCtcm0R5cpZLWqbR2s
Tuhana Riverglade Esplanade,ChIJb_WVWwBBDW0RbT2ov3xUmNE
Central auckland,ChIJ56MYMACtcm0RCEXC6qXogQ4
walk access to mountain,ChIJQzMoTwBHDW0RhPKKt9GKJQE
Papakura Stream Walkway,ChIJ46V6PwBTDW0Ru5XOmP37cg4
Dance mirror container,ChIJ9Wv3aQBHDW0Rqzr-O0rbkU4
Mauku Reserve,ChIJ4ZiBCACpEm0Rkyn6hoxmU3U
Runnell St,ChIJt2_TcgBHDW0RxQeGJg0AH4Y
Waterhole,ChIJlQD9CACrcm0RWTeEJcthjSA
Viewing point,ChIJqTQGeQA_DW0RwH8hYHmPJ1E
Penguin Cave,ChIJRYjPawBvDW0RQkF0WLwqZ2s
Piha black sand beach,ChIJzYwwbABvDW0RTOzTx-I9yoA
Kitekite Falls,ChIJAfZJXABvDW0Rl7v8yHlEDfA
Skeleton in the Window,ChIJu7OXIgBJDW0Rt7opjP8SACM
Fishing Bridge,ChIJu3ojHQC5cm0RSiobIr-5JzM
Kevatwork,ChIJiYUwl_ZLDW0RJaI5Ju_F86c
Marina Auckland,ChIJu6FGQABHDW0Rc0LXHglKO5k
Hat fence,ChIJy7sEWACpcm0RmXH6op9dHrw
Rea Bay,ChIJm4iYLgA5DW0R4Yx1-mmhbNI
"Woodpigeon on a Circle, a sculpture by Paul Dibble",ChIJG1IcZQBHDW0RFzOpFZRJ6OE
Avondale College and Intermediate shared field,ChIJ26YuYwBHDW0RwaapjvQDsRA
Top of the Falls Camping Hunua,ChIJf87gPACvcm0RSnBvE_H20Cs
Mairangi Bay Auckland - Double Room with Private Bathroom,ChIJg39L5T06DW0Rh3ionZ2ezxU
Kimpton Park,ChIJz5u2_jRMDW0RMlrXTkkdxlc
Lahey’s hideout,ChIJldPiSQAlDW0RLJ-HeU0Q_xs
Waiwera hot pools,ChIJ5134VQAnDW0RRJtILtUYjTA
Canopy Tunnel,ChIJYaR2MgBJDW0RwF1XfxVLVug
Lawries Scenic Reserve,ChIJs2emWQDZDG0RHVjw8dh1ihg
Rangitoto Steps,ChIJgeT-DABJDW0RAu0K7CHg-VE
Stony Batter Tunnels,ChIJu0-pI4LFcm0RNH9NEN9yjUE
Belle Bird Place - Onetangi Holiday Home - Holiday Home,ChIJJS9KNb3Icm0R2G-cR07EEEI
Waiheke Guide,ChIJ2YGZLIjLcm0R05sSgr2O8o0
Waikato Kalido,ChIJCx3xZgC7Em0RxfusK8vGhhs
Premium Eye Care,ChIJR0Z7FRgjDW0RcD2V9wukURM
Kandi Optics NZ Laboratory,ChIJP8cHkEAjDW0ReIDYYzioMKA
Aroa Biosurgery,ChIJ0UEMkI9PDW0RpEoa_1sZfYM
Family ENT,ChIJgysfvpZJDW0RyFU2YjoQQKQ
Bloom Hearing Specialists Panmure,ChIJKeWLdTpLDW0RFwR5lo6Lzp8
SIP N DIP MOUNT ROSKILL,ChIJr877OctFDW0RXwPk2yRYVxI
Obsidian Detailing,ChIJISEYIRVLDW0R34V0888W-0w
Desi Ride Detailing,ChIJ-VNL6FVNDW0Rqnim-_gghS8
ATG Detailing NZ,ChIJOWr3xKZNDW0RmMo7chMvCgs
Car Cleaning Central,ChIJ6W7aWRJHDW0ReVH_Ta3aHyg
Style By Design Home Staging & Interiors,ChIJ2UJTt9w5DW0RyG4kQvRHFb4
StellaPlates,ChIJB-9RT69NDW0Rj4RDLd4YOwQ
Colour Courses,ChIJC6Qe8g9IDW0RVN5EhY53pdQ
Re-Connects Clinic,ChIJzwnGYMg7DW0RdLXOEtgG0ns
Auckland IFS,ChIJLWQKGfA5DW0Rn04hJ7cfU0o
EaseUp,ChIJhaVbewBBDW0RfSFKwMkIwYo
Erthe Psychology,ChIJe4yef0dHDW0ROJ6td4BCt3Q
HARD YARDS — Men’s Mental Health & Counselling,ChIJz6qOOxtBDW0RfE7-5yJTPDY
Conscious Life Journey,ChIJWb2-vdpJDW0RBuRWUs7B8hc
Authentic Psychology,ChIJwwLqWZtJDW0R9xD3bYWEo0E
Rosedale Traditional Massage,ChIJe0UA03c7DW0REJLuMshCuls
Positive-Hypnosis,ChIJ5ygi7hRLDW0RnL63lO83yq0
The Child Psychology Service,ChIJtbtiotRJDW0RSIohoyX12RA
Shine Brightly,ChIJ6a5AUgAjDW0Rfl2AUJTeyRI
Wrecked Rage Room,ChIJa2NozytLDW0RDo1_9rQL7Z4
Alexi Psychotherapy,ChIJzXGtpO9HDW0RtprUtrrVi2k
Jeannie Reader Psychotherapist,ChIJU5yoBc85DW0RZsn8COvUSvk
Radius Fleet Services,ChIJWb_KvdqbVQ0R7RU5KImdJu8
Rothesay Bay Grass Airstrip,ChIJE-cFeQA7DW0RvTlA4_EYvIs
MSuites by TLANZ,ChIJc5fJKHVHDW0R-awNCqFhKDg
FreshLeaf Professional Cleaning,ChIJBRHWzLPGHSkRZ-3mgOgJz9k
ServPrime,ChIJGVH8WPE_DW0RSC3ZK0MVvbM
Acclaim Cleaning Service,ChIJj-ZF2q9LDW0Rh_k1h429VfE
Hydro Jet Wash NZ,ChIJowoaNY1BDW0RThoEfVEvdHg
Nice&Tidy cleaning services,ChIJhX3pQfSgqG8RWGQSGJnJYW0
Barnardos Royal Oak,ChIJBTxmzqBIDW0RmQAk0c_SMNg
saef.org.nz,ChIJa6N0l1tSDW0RkyA7Fez0gd8
Clean n Soberside,ChIJpRqjPgBJDW0RRJSBp-4mtz8
"Pakuranga Park Village, Community Hall",ChIJUf6TYQBLDW0RIWj713vpvXA
Asian Law Students Association,ChIJi-abNWVHDW0R4c7vOSigkBk
Czech Mate,ChIJa9nlY7jn9wQRxRpZ1p2jtF0
Lk Cafe Limited,ChIJK5AJ6vtHDW0RPDTcGRgkiTc
Aroma of India,ChIJvyL7Z9slDW0REkbOyuXdWsQ
Special Florist,ChIJ1TF2rvkjDW0RKyG-7tFt-Zo
Mirrabooka Flower Shop,ChIJD3cvNwBLDW0RMH9Z6_w7JLU
Atelier Florist Māngere,ChIJWc2EjKZPDW0RKpB5_qERTpM
The Naked Florist,ChIJv1yfiFBBDW0RSwuAejQx96Y
Valerie's Flowers,ChIJP7AeI2tJDW0RPhqk_d2vny4
Rōhi Lab Floral,ChIJ1UIxAwBHDW0RJSHst82-efs
Bodie & Sage,ChIJFXwEhgmrEm0RgbiY5QjzD24
Batenburgs,ChIJdUASE8NJDW0RSeRzdIISVTE
The floral studio,ChIJT4hsxTUVDW0Rlf7hD6dcpUk
From You Flowers NZ,ChIJ75PeWWtJDW0RPV5S-a8K_As
Kiwi Edibles,ChIJTxB3qYodDW0RzLUbxiD-hCk
Beaded beads,ChIJYQs3YwARDW0RTUed7GdIp24
Beachlands Domain,ChIJf3WpprG1cm0Rch4_LMmEgnY
Beachlands Domain,ChIJa8K-n7G1cm0RzgmqP5bS6Bo
Nixon Centennial Park,ChIJ20xQZStLDW0Rm7JJJVWuOYc
GoShuttle How New Zealand Gets Around,ChIJy6htWw5LDW0R0qiJlUklGG8
Pre-booked pickup transport,ChIJMVAfVCRPDW0Rbp_i2oMHPBQ
Ritchies Oruarangi Depot,ChIJFfDffQBFDW0R2EwJiDotyUI
Ti Rakau Park,ChIJTXdJ0u1LDW0R-aIHrovZRHg
Riddell Road/Whitehaven Road,ChIJh9cMfGxKDW0RiEKd4pRAIOE
George Street,ChIJnclE71VODW0RigSEBXLrnXk
Ti Rakau Drive/Gossamer Drive,ChIJ8QikS49LDW0ROXSRXQTF6vE
Pakuranga Plaza,ChIJyToB2OhLDW0Rqn9_pmS9-pc
Nova Charge Hub Charging Station,ChIJWVVgMZdPDW0RXipOTBxEfWU
Pukekohe Emu Depot,ChIJJd5gcwCrEm0RFNhczF8nlfo
Electric Vehicle Charging Station,ChIJs9J6xd5IDW0RyNLG_MdhsAE
Nova Charging Station,ChIJ2XyV9E9JDW0R5BtiNAorUQc
Portman Road/Penrose Road,ChIJgcYQsyNJDW0RnL8dgfeTvgU
Airborne Road,ChIJDcuwJ-U7DW0RMuyL_8-rvIg
Edgewater Drive,ChIJsYIZtvJLDW0RHN-1S8Ucpx4
Cross Country Rentals,ChIJPQxICwBJDW0RIlLQQP5uvz0
ACE LOGISTICS LTD,ChIJa3CLIwBPDW0RglGrzq-VtAg
Mum,ChIJtS90MgA5DW0R12Rs6iSheP8
BIU Service,ChIJ6c_GNABHDW0RtO4ZPf62AI8
Doment Crescent,ChIJUXz6kAgkDW0R3lFUuG86TCE
Summerset St Johns,ChIJaS0YcJdJDW0R1kuArkQ1R5I
Flavell Drive,ChIJ61D5y-gjDW0RAGCNZC26KM8
Tawhana Crescent,ChIJNd4wmXkkDW0RYqL02k7gh78
Stella Maris Lane,ChIJZfHkDJAjDW0RqipcBMP_-DM
Mount Carmel School,ChIJv-JLL7BJDW0RCE7J7Eib8iY
Jordan Road,ChIJRb862qFPDW0Rq6MHn4nByPU
Rosepark Crescent,ChIJW7KuQqRJDW0RLI3a2Vr8PcY
148 Gowing Drive,ChIJlbx1L5RJDW0RPllNUurl7xE
Sea Harrier jet,ChIJEdEWEwBLDW0RxGpqiRSrGF8
Straightline Transport Services Ltd,ChIJQ2dzOyFNDW0R9lrkaBu685w
Shadon Place,ChIJs1r_w14kDW0RTOCkEyVHZbs
Gunnebo Nz,ChIJY8jiBdA7DW0R3ATPhuYvkWc
Stanley Bay Park,ChIJUdsD_fA3DW0R6lyGxn4JBs8
Narrow Neck Beach,ChIJlaIi2rs3DW0RgFUUiZM1rOE
SeaLink Engineering,ChIJsU5hRgBNDW0R0J8Sfit8yaw
ACE LOGISTICS LTD,ChIJh-YIBQBPDW0RqiiHTQX_hkc
Friedlanders Road,ChIJZ7fqtG9SDW0R4g64ydh27wU
Wilson Horse Float Rentals NZ,ChIJTc3nqIsVDW0RPf2o4C7Mtm4
John Walker Drive,ChIJkc-CPw5SDW0RZY3KxzGWyvA
Wordsworth Road/Roscommon Road,ChIJI9lHrBpSDW0R0h9DKs2ataE
Hepburn Road,ChIJGfTBLHVBDW0RuG_ntev9lIQ
Norcross Avenue,ChIJ8eXhgq5BDW0R83s6V9HGwpU
Brandon Road,ChIJZ9KUbm5BDW0RBDcc40MGnP0
Brian Crescent,ChIJwfJnm1AkDW0RFNUMpToWLW8
Air New Zealand Customer Services,ChIJ_ZDtSPtPDW0RJf-Sd7kXvKM
Ritchies Transport Holding Albany 2,ChIJXSltCQA7DW0Rmut1trbXB_M
Dobell Road,ChIJKU5VfFgkDW0RM0tVW8zvykw
Green Bay Shops,ChIJnaapRuVDDW0RhQWNmKxy18g
Ayden Pal Limited,ChIJAbAvVVhPDW0Ryipdv0zTnIk
Great North Road/Grey Lynn School,ChIJNWzIMKFHDW0RVVQevcod820
Walker Park,ChIJA3sJdjxHDW0RxLIl-9oayK0
Walker Park,ChIJF5RfLDpHDW0RIn_O6xbXZuk
Meyrick Place,ChIJAaxV87tJDW0RliSLAhQs9ww
Northland Street,ChIJiUby6aRHDW0R8aIqthNIPrU
Patteson Reserve,ChIJtStoZMRJDW0RzSotRqlAJZc
Sabot Place,ChIJL2ULtCZADW0RhFoNlSiVan8
Tahapa Crescent,ChIJLY32z7BJDW0R-I9SIjPXQlQ
Patteson Avenue,ChIJ5czFoNxJDW0RccFlBLm7gGE
Mili Way,ChIJyeRSIY9qDW0Rwb511jiwY-w
Middlemore Road,ChIJmTA35pRODW0R2DD_wqAASTE
Juniper Road,ChIJ27fzy4Y5DW0RfqKnBl5o3MY
Nova Charge Hub Charging Station,ChIJUakSbeJHDW0Rk-yeVBF3R0I
Nova Energy Charging Station,ChIJ-xlfXDBMDW0RCsfucWMr6UM
Locket Road,ChIJLUuSk6Q5DW0RAcKGiog_TDs
Tawhia Drive/Rotu Drive,ChIJi3iHV-I_DW0RWdWU9EEC8Uo
Marina View School,ChIJK_JaH5k_DW0RmGTh1jRpPAY
McMillan Road,ChIJYwzEIK7Jcm0R257hfJrS2Cg
Allevia Hospital Epsom,ChIJhzUPPddHDW0RUSKjpr58eYk
IRT NZ,ChIJ-YZ2WABVDW0RUet-K7AqqvE
Pohutukawa Coast Shopping Centre,ChIJGzEQo821cm0Rju9ZFQVETrQ
Nga Puawai,ChIJCWX1F79HDW0RgBhFvyXz2Ks
Papatoetoe Civil Limited,ChIJD-eVBwCrcm0RcOA1p2XxI5E
Valley Road,ChIJxcBzHq_Jcm0RphvD-_pj32k
Intrepid Crescent,ChIJ271Qcc-1cm0RmUybsP4mpDs
Vitag (NZ),ChIJI0bGp407DW0R0ROkdtZkBs4
Asap Cartage Limited,ChIJ9Qpfks1NDW0RNAgf-3IuTVg
Buckland Road/Massey Road,ChIJM9qn5fhODW0Rorc-Ex40oyk
Hendon Avenue,ChIJM7y_N-xGDW0RpXguFSOyR-o
Otis Lane Portrait Studio,ChIJPQ1mZ8-tQW0RAkKYjKfoXwU
SPCA - Balclutha Vet Partnership,ChIJl7dHPtlPLKgRSbU7bLcFoog
SPCA - Feilding Vet Partnership,ChIJYwhKeRxLQG0RgfU1QKGhzyM
Nelson Cat Hotel,ChIJx0vMbgyTO20RkAiRO4HmQBc
Sniff HQ,ChIJ1d1Z-SwDQG0RIhn9I1EhJe4
SPCA - Cromwell Vet Partnership,ChIJQTFRPF7VKqgR6SfVaPg2_y0
K9 Clubhouse,ChIJF8ZzMtWhQG0Rh1dmQAf5uLY
Taupo Country Vets,ChIJ-Tc5XsEJbG0Rs-RLQMUpEp0
Te Whare Kouru - Animal Shelter,ChIJC8dKQQBNQG0RRXnbCEkorTc
Grooming Four Paws,ChIJf4AVk4J1Qm0RlX3NwoYVC7o
NCVC DIY Dog Wash,ChIJkdOVcpy7MW0RdRS_xgNNOPY
Tokoroa Animal Shelter & Impound,ChIJ8yjAFNtBbG0RevwX_5Fvc20
SPCA - Twizel Vet Partnership,ChIJB8moQZ4fK20R-LC2hh54Fdc
Behavious Matters,ChIJ6dHHs9DXbW0R8aDVVskon1M
Pipipawwalks,ChIJkSclfL3ZDG0R_6wMhaVuOFk
The Furry Dogmother,ChIJeRzZkBOTMW0RPjOLACkzL9w
Marques & Paws Limited,ChIJw2Jt_-8f1akRYu-L_h-bDR4
Shampooches,ChIJNZJVogIPFW0RDXmEIll08Nk
Wags Dog Grooming,ChIJV5I2ivBRFG0R-Gbgo0X4tu0
Sanders House,ChIJHZvkJAA_DW0RnZfz08QOEfw
Little White Chapel Weddings,ChIJdUSGM_I_DW0RdfHWEjn0s9w
Darby Street Station,ChIJJaYq0cZHDW0RA5w4IRDz99s
Shiloh Ministries & Fellowship,ChIJ-_KWjU85DW0R2kyilk0UXbA
Hacienda,ChIJrx2EY4dHDW0RSE3RZTJWfnw
Lucas Oil Auckland Speedway,ChIJv1_DCBdPDW0RR1bV8PDKhAo
Game Over Auckland | Pakuranga,ChIJxW0lch1LDW0R-p-EKVYu5Cg
Meeting Room,ChIJjxGmMABPDW0RoI9TH4uBdLY
C A S A B E L L A,ChIJJWH5d1FJDW0R0u2rTFJiEes
"229 Grand Drive, Upper Orewa",ChIJQxjFUQAjDW0RVt0sUhQDzMI
The Little Louise's of Piha,ChIJvb6vtVRuDW0RGCSGCuvVe_s
Dairy Shed Hub Ltd,ChIJqy70SACxbW0R0t_aYvAJOi0
"The Hideout Co - Container Bars, Gyms and Poolhouse",ChIJoUgjqtw9DW0RlIMqfTHxqLw
Oceania can Group Limited,ChIJq2kz1xADMm0RCcgikEW9Ge0
ForgeFlow Limited,ChIJCa7ajykbn6IRMSZE0hUokUw
Jess house,ChIJt7yBGQDxO20RhPTCTIGHwcs
Window Smiths Ltd,ChIJwemLQdRRFG0RjSapX6IzH6U
Honiana,ChIJw1yafgCrOG0RSPnOvgA4C8k
"G.J. Gardner Homes Wairarapa Showhome, Lansdowne, (Lansdowne Flair)",ChIJQdwY40MjQW0RGgnl9DvyGBI
Feilding Glass & Aluminium,ChIJU7vfh11LQG0RvbGjvXtK-tY
everstrong group,ChIJ1cHucmk5DW0RX4kqbGXGqnI
KR Electrics,ChIJha1THgiXBoYRgquRVQ91dO0
Hybrid Roofing NZ,ChIJ8V0Ts4XzQG0R0b32N1-lCE4
Diverse Landscapes,ChIJMbkos0WWfqkReMsY0hNaR_I
Open Range Plumbing and Gas ltd,ChIJte1Ap3sJFW0RrXsYqe1HMe0
16b barlow,ChIJf6KjXwCLMW0RFNkCSmBvCOI
집,ChIJ9zu0HwAjDW0R0u-VVAjUgwQ
Kauri Coast Contracting Limited,ChIJp2SxZwATDG0RM6ngGYJqmYE
Forgotten Islands Campers - Van/Campervan Conversions,ChIJhWRSNAf5IWER4E_1CdKbzZU
Jon The Lock,ChIJ5Xl5PQCvOG0RFMO3V7FWVno
Ajax Security NZ,ChIJ81KI4FeLMW0R337mnb3MsVs
Ascend Works Limited,ChIJRa2IWAChQG0RG7_I2wFDvZI
BOTR Builders,ChIJhZPg4juhQG0RMX3wBb7iWc8
EZY PLUMB,ChIJt5dINUWRMW0RFCUnHv3hM2c
South Coast Civil,ChIJf0J_7RwDLKgRLSd3huQ2S9E
BlueLine Waterproofing,ChIJT1Jb2RYpW64RGONH8FPoVs0
"David Reid Homes Christchurch - North, Waimakariri and Hurunui",ChIJwWO9KcCPMW0RrmkMWs6FN68
Humes Sales Centre Waimakariri,ChIJ2dQdQ7WPMW0Rr9cXwXviK68
Industrial Access Roller Doors Limited,ChIJE9f98RSNMW0RFpuyyWRPg34
Urban Closures,ChIJMxYAljDLaW0RYNtSsuZ7gbo
Te Awa Kairangi Alliance,ChIJ-xGUonGrOG0RJFm87G4shsU
Narellan Pools Mangawhai,ChIJS5izBzyVDG0R3WDK0iJIoSA
Shawn Williamson Building Ltd,ChIJJX-4pQ95bm0RnLtTY1PuVZ4
Winters plastering,ChIJ2zH8KEt5bm0RIh4GC8BZlSI
Otematata,ChIJQ1H8cwB5KqgRUke3RSq37i4
Self service laundromat Stokes Valley,ChIJPVlD7FVVR20RItYh42TL0q0
key cut stokes valley,ChIJOfUAaEZVR20R5FkIZFs8cJc
Radar Building,ChIJA34XaQClOG0RoXi7p5hjBSQ
MAV Studio,ChIJaZWI5GSlOG0RjYqJID6vrVY
Golden interiors ltd,ChIJSfemJ5Zowi0R1wAuyDIiWg8
Urban Civil,ChIJYSXTaHmNMW0RyiwI85XmpvU
Mana Scaffolding Ltd,ChIJn1WbTUcliWoRZgF2IjpcEpU
The Localguys Cleaning Papakura,ChIJAcj6_mNTDW0RI6wFmv12C3M
Firewood,ChIJu_kIPwB1FW0RdQEOvbMZNoY
